{"cameraMode":{"drawMode":0,"name":"Shaded","section":"Shading Mode"},"sceneLighting":true,"audioPlay":false,"sceneViewState":{"m_AlwaysRefresh":false,"showFog":true,"showSkybox":true,"showFlares":true,"showImageEffects":true,"showParticleSystems":true,"showVisualEffectGraphs":true,"m_FxEnabled":true},"in2DMode":false,"pivot":{"x":519.6318969726563,"y":251.43289184570313,"z":-81.77886962890625},"rotation":{"x":0.004799892194569111,"y":-0.0035999382380396129,"z":0.000017277054212172516,"w":0.9999833106994629},"size":207.8174285888672,"orthographic":false}