Using pre-set license
Built from '2022.3/respin/2022.3.62f2-4af31df585-v2' branch; Version is '2022.3.62f3 (96770f904ca7) revision 9860879'; Using compiler version '192829333'; Build Type 'Release'
OS: 'Windows 11  (10.0.26100) 64bit EnterpriseS' Language: 'ru' Physical Memory: 15706 MB
BatchMode: 1, IsHumanControllingUs: 0, StartBugReporterOnCrash: 0, Is64bit: 1, IsPro: 1

COMMAND LINE ARGUMENTS:
C:\Program Files\Unity\Hub\Editor\2022.3.62f3\Editor\Unity.exe
-adb2
-batchMode
-noUpm
-name
AssetImportWorker0
-projectPath
C:/Users/Dudin/Desktop/ааа/practiceUnity
-logFile
Logs/AssetImportWorker0.log
-srvPort
62191
Successfully changed project path to: C:/Users/Dudin/Desktop/ааа/practiceUnity
C:/Users/Dudin/Desktop/ааа/practiceUnity
[UnityMemory] Configuration Parameters - Can be set up in boot.config
    "memorysetup-bucket-allocator-granularity=16"
    "memorysetup-bucket-allocator-bucket-count=8"
    "memorysetup-bucket-allocator-block-size=33554432"
    "memorysetup-bucket-allocator-block-count=8"
    "memorysetup-main-allocator-block-size=16777216"
    "memorysetup-thread-allocator-block-size=16777216"
    "memorysetup-gfx-main-allocator-block-size=16777216"
    "memorysetup-gfx-thread-allocator-block-size=16777216"
    "memorysetup-cache-allocator-block-size=4194304"
    "memorysetup-typetree-allocator-block-size=2097152"
    "memorysetup-profiler-bucket-allocator-granularity=16"
    "memorysetup-profiler-bucket-allocator-bucket-count=8"
    "memorysetup-profiler-bucket-allocator-block-size=33554432"
    "memorysetup-profiler-bucket-allocator-block-count=8"
    "memorysetup-profiler-allocator-block-size=16777216"
    "memorysetup-profiler-editor-allocator-block-size=1048576"
    "memorysetup-temp-allocator-size-main=16777216"
    "memorysetup-job-temp-allocator-block-size=2097152"
    "memorysetup-job-temp-allocator-block-size-background=1048576"
    "memorysetup-job-temp-allocator-reduction-small-platforms=262144"
    "memorysetup-allocator-temp-initial-block-size-main=262144"
    "memorysetup-allocator-temp-initial-block-size-worker=262144"
    "memorysetup-temp-allocator-size-background-worker=32768"
    "memorysetup-temp-allocator-size-job-worker=262144"
    "memorysetup-temp-allocator-size-preload-manager=33554432"
    "memorysetup-temp-allocator-size-nav-mesh-worker=65536"
    "memorysetup-temp-allocator-size-audio-worker=65536"
    "memorysetup-temp-allocator-size-cloud-worker=32768"
    "memorysetup-temp-allocator-size-gi-baking-worker=262144"
    "memorysetup-temp-allocator-size-gfx=262144"
Player connection [17412]  Target information:

Player connection [17412]  * "[IP] 10.23.154.81 [Port] 0 [Flags] 2 [Guid] 3590211672 [EditorId] 3590211672 [Version] 1048832 [Id] WindowsEditor(7,DESKTOP-KSNQLB3) [Debug] 1 [PackageName] WindowsEditor [ProjectName] Editor" 

Player connection [17412] Host joined multi-casting on [225.0.0.222:54997]...
Player connection [17412] Host joined alternative multi-casting on [225.0.0.222:34997]...
Input System module state changed to: Initialized.
[PhysX] Initialized MultithreadedTaskDispatcher with 12 workers.
Refreshing native plugins compatible for Editor in 33.96 ms, found 4 plugins.
Preloading 0 native plugins for Editor in 0.00 ms.
Initialize engine version: 2022.3.62f3 (96770f904ca7)
[Subsystems] Discovering subsystems at path C:/Program Files/Unity/Hub/Editor/2022.3.62f3/Editor/Data/Resources/UnitySubsystems
[Subsystems] Discovering subsystems at path C:/Users/Dudin/Desktop/ааа/practiceUnity/Assets
GfxDevice: creating device client; threaded=0; jobified=0
Direct3D:
    Version:  Direct3D 11.0 [level 11.1]
    Renderer: AMD Radeon(TM) Graphics (ID=0x164c)
    Vendor:   ATI
    VRAM:     7853 MB
    Driver:   31.0.12046.15003
Initialize mono
Mono path[0] = 'C:/Program Files/Unity/Hub/Editor/2022.3.62f3/Editor/Data/Managed'
Mono path[1] = 'C:/Program Files/Unity/Hub/Editor/2022.3.62f3/Editor/Data/MonoBleedingEdge/lib/mono/unityjit-win32'
Mono config path = 'C:/Program Files/Unity/Hub/Editor/2022.3.62f3/Editor/Data/MonoBleedingEdge/etc'
Using monoOptions --debugger-agent=transport=dt_socket,embedding=1,server=y,suspend=n,address=127.0.0.1:56772
Begin MonoManager ReloadAssembly
Registering precompiled unity dll's ...
Register platform support module: C:/Program Files/Unity/Hub/Editor/2022.3.62f3/Editor/Data/PlaybackEngines/WindowsStandaloneSupport/UnityEditor.WindowsStandalone.Extensions.dll
Registered in 0.014778 seconds.
- Loaded All Assemblies, in  0.949 seconds
Native extension for WindowsStandalone target not found
Mono: successfully reloaded assembly
- Finished resetting the current domain, in  0.781 seconds
Domain Reload Profiling: 1728ms
	BeginReloadAssembly (297ms)
		ExecutionOrderSort (0ms)
		DisableScriptedObjects (0ms)
		BackupInstance (0ms)
		ReleaseScriptingObjects (0ms)
		CreateAndSetChildDomain (2ms)
	RebuildCommonClasses (96ms)
	RebuildNativeTypeToScriptingClass (24ms)
	initialDomainReloadingComplete (130ms)
	LoadAllAssembliesAndSetupDomain (399ms)
		LoadAssemblies (287ms)
		RebuildTransferFunctionScriptingTraits (0ms)
		AnalyzeDomain (396ms)
			TypeCache.Refresh (393ms)
				TypeCache.ScanAssembly (364ms)
			ScanForSourceGeneratedMonoScriptInfo (1ms)
			ResolveRequiredComponents (1ms)
	FinalizeReload (782ms)
		ReleaseScriptCaches (0ms)
		RebuildScriptCaches (0ms)
		SetupLoadedEditorAssemblies (656ms)
			LogAssemblyErrors (0ms)
			InitializePlatformSupportModulesInManaged (23ms)
			SetLoadedEditorAssemblies (21ms)
			RefreshPlugins (0ms)
			BeforeProcessingInitializeOnLoad (6ms)
			ProcessInitializeOnLoadAttributes (455ms)
			ProcessInitializeOnLoadMethodAttributes (150ms)
			AfterProcessingInitializeOnLoad (0ms)
			EditorAssembliesLoaded (0ms)
		ExecutionOrderSort2 (0ms)
		AwakeInstancesAfterBackupRestoration (0ms)
========================================================================
Worker process is ready to serve import requests
Caller must complete domain reload
Begin MonoManager ReloadAssembly
- Loaded All Assemblies, in  2.137 seconds
Native extension for WindowsStandalone target not found
Mono: successfully reloaded assembly
- Finished resetting the current domain, in  2.273 seconds
Domain Reload Profiling: 4406ms
	BeginReloadAssembly (470ms)
		ExecutionOrderSort (0ms)
		DisableScriptedObjects (18ms)
		BackupInstance (0ms)
		ReleaseScriptingObjects (0ms)
		CreateAndSetChildDomain (72ms)
	RebuildCommonClasses (109ms)
	RebuildNativeTypeToScriptingClass (34ms)
	initialDomainReloadingComplete (134ms)
	LoadAllAssembliesAndSetupDomain (1384ms)
		LoadAssemblies (959ms)
		RebuildTransferFunctionScriptingTraits (0ms)
		AnalyzeDomain (692ms)
			TypeCache.Refresh (593ms)
				TypeCache.ScanAssembly (558ms)
			ScanForSourceGeneratedMonoScriptInfo (68ms)
			ResolveRequiredComponents (24ms)
	FinalizeReload (2275ms)
		ReleaseScriptCaches (0ms)
		RebuildScriptCaches (0ms)
		SetupLoadedEditorAssemblies (1707ms)
			LogAssemblyErrors (0ms)
			InitializePlatformSupportModulesInManaged (20ms)
			SetLoadedEditorAssemblies (11ms)
			RefreshPlugins (0ms)
			BeforeProcessingInitializeOnLoad (243ms)
			ProcessInitializeOnLoadAttributes (1337ms)
			ProcessInitializeOnLoadMethodAttributes (76ms)
			AfterProcessingInitializeOnLoad (19ms)
			EditorAssembliesLoaded (0ms)
		ExecutionOrderSort2 (0ms)
		AwakeInstancesAfterBackupRestoration (18ms)
Launched and connected shader compiler UnityShaderCompiler.exe after 0.13 seconds
Refreshing native plugins compatible for Editor in 16.15 ms, found 4 plugins.
Preloading 0 native plugins for Editor in 0.00 ms.
Unloading 4741 Unused Serialized files (Serialized files now loaded: 0)
Unloading 24 unused Assets / (57.3 KB). Loaded Objects now: 5223.
Memory consumption went from 165.6 MB to 165.6 MB.
Total: 9.431800 ms (FindLiveObjects: 0.996500 ms CreateObjectMapping: 0.756000 ms MarkObjects: 7.405200 ms  DeleteObjects: 0.271200 ms)

AssetImportParameters requested are different than current active one (requested -> active):
  custom:container-demuxer-ogg: 62fdf1f143b41e24485cea50d1cbac27 -> 
  custom:video-decoder-ogg-theora: a1e56fd34408186e4bbccfd4996cb3dc -> 
  custom:framework-win-MediaFoundation: 216162199b28c13a410421893ffa2e32 -> 
  custom:CustomObjectIndexerAttribute: 9a22284fe3817be447336de3de66b15e -> 
  custom:container-demuxer-webm: 4f35f7cbe854078d1ac9338744f61a02 -> 
  custom:container-muxer-webm: aa71ff27fc2769a1b78a27578f13a17b -> 
  custom:video-decoder-webm-vp8: 9c59270c3fd7afecdb556c50c9e8de78 -> 
  custom:SearchIndexIgnoredProperties: e643bd26f0fe6173181afceb89e7c659 -> 
  custom:AudioImporter_EditorPlatform: d09bf68614088b80899f8185d706f6e7 -> 
  custom:video-encoder-webm-vp8: eb34c28f22e8b96e1ab97ce403110664 -> 
  custom:audio-decoder-ogg-vorbis: bf7c407c2cedff20999df2af8eb42d56 -> 
  custom:audio-encoder-webm-vorbis: bf7c407c2cedff20999df2af8eb42d56 -> 
========================================================================
Received Import Request.
  Time since last request: 574.659753 seconds.
  path: Assets/New Terrain.asset
  artifactKey: Guid(abb62715d24c83049b46de7e16557412) Importer(815301076,1909f56bfc062723c751e8b465ee728b)
Start importing Assets/New Terrain.asset using Guid(abb62715d24c83049b46de7e16557412) Importer(815301076,1909f56bfc062723c751e8b465ee728b) [PhysX] Initialized MultithreadedTaskDispatcher with 12 workers.
 -> (artifact id: '2a22025afa5bdfab7d5d11bbddc2fba8') in 0.037801 seconds
Number of updated asset objects reloaded before import = 0
Number of asset objects unloaded after import = 1
========================================================================
Received Import Request.
  Time since last request: 1629.264674 seconds.
  path: Assets/Scenes/GameField.unity
  artifactKey: Guid(bba790b9bca1cec4492b6454f383b6f0) Importer(815301076,1909f56bfc062723c751e8b465ee728b)
Start importing Assets/Scenes/GameField.unity using Guid(bba790b9bca1cec4492b6454f383b6f0) Importer(815301076,1909f56bfc062723c751e8b465ee728b) [PhysX] Initialized MultithreadedTaskDispatcher with 12 workers.
 -> (artifact id: 'dbee9da9f6bdc82e667c6c4438c56db4') in 0.001262 seconds
Number of updated asset objects reloaded before import = 0
Number of asset objects unloaded after import = 0
========================================================================
Received Import Request.
  Time since last request: 4.892610 seconds.
  path: Assets/Scenes/main menu.unity
  artifactKey: Guid(9fc0d4010bbf28b4594072e72b8655ab) Importer(815301076,1909f56bfc062723c751e8b465ee728b)
Start importing Assets/Scenes/main menu.unity using Guid(9fc0d4010bbf28b4594072e72b8655ab) Importer(815301076,1909f56bfc062723c751e8b465ee728b) [PhysX] Initialized MultithreadedTaskDispatcher with 12 workers.
 -> (artifact id: '4d114d9c436efe42dd09b439d2dc2798') in 0.001113 seconds
Number of updated asset objects reloaded before import = 0
Number of asset objects unloaded after import = 0
========================================================================
Received Import Request.
  Time since last request: 859.240068 seconds.
  path: ProjectSettings/TagManager.asset
  artifactKey: Guid(00000000000000003000000000000000) Importer(815301076,1909f56bfc062723c751e8b465ee728b)
Start importing ProjectSettings/TagManager.asset using Guid(00000000000000003000000000000000) Importer(815301076,1909f56bfc062723c751e8b465ee728b) [PhysX] Initialized MultithreadedTaskDispatcher with 12 workers.
 -> (artifact id: '932afd1bd066592d6a4f36fffd42a11f') in 0.004232 seconds
Number of updated asset objects reloaded before import = 0
Number of asset objects unloaded after import = 0
========================================================================
Received Import Request.
  Time since last request: 53.102453 seconds.
  path: Assets/prephs
  artifactKey: Guid(e9d0cbf19a3a08544a6f96aa50be7cff) Importer(815301076,1909f56bfc062723c751e8b465ee728b)
Start importing Assets/prephs using Guid(e9d0cbf19a3a08544a6f96aa50be7cff) Importer(815301076,1909f56bfc062723c751e8b465ee728b) [PhysX] Initialized MultithreadedTaskDispatcher with 12 workers.
 -> (artifact id: '0d9c08d36c331ebb298f888dca67373d') in 0.001138 seconds
Number of updated asset objects reloaded before import = 0
Number of asset objects unloaded after import = 0
========================================================================
Received Import Request.
  Time since last request: 5.766486 seconds.
  path: Assets/prephs/point.prefab
  artifactKey: Guid(cfb70a71be3a30740b45bf1d248412b7) Importer(815301076,1909f56bfc062723c751e8b465ee728b)
Start importing Assets/prephs/point.prefab using Guid(cfb70a71be3a30740b45bf1d248412b7) Importer(815301076,1909f56bfc062723c751e8b465ee728b) [PhysX] Initialized MultithreadedTaskDispatcher with 12 workers.
[PhysX] Initialized MultithreadedTaskDispatcher with 12 workers.
 -> (artifact id: '4e5bbb2ad2cca6c1f0e99a29f3891f3c') in 0.276004 seconds
Number of updated asset objects reloaded before import = 0
Number of asset objects unloaded after import = 25
========================================================================
Received Import Request.
  Time since last request: 450.369185 seconds.
  path: Assets/prephs/finish.prefab
  artifactKey: Guid(1d882cf91c4b5d34abdc93a14ce7fe1a) Importer(815301076,1909f56bfc062723c751e8b465ee728b)
Start importing Assets/prephs/finish.prefab using Guid(1d882cf91c4b5d34abdc93a14ce7fe1a) Importer(815301076,1909f56bfc062723c751e8b465ee728b) [PhysX] Initialized MultithreadedTaskDispatcher with 12 workers.
[PhysX] Initialized MultithreadedTaskDispatcher with 12 workers.
 -> (artifact id: 'db26d4826f152a44f6da50ef063ca911') in 0.192534 seconds
Number of updated asset objects reloaded before import = 0
Number of asset objects unloaded after import = 35
========================================================================
Received Import Request.
  Time since last request: 10.579678 seconds.
  path: Assets/XRI
  artifactKey: Guid(777dda2a3b9f1fb40a76ae18a608eb91) Importer(815301076,1909f56bfc062723c751e8b465ee728b)
Start importing Assets/XRI using Guid(777dda2a3b9f1fb40a76ae18a608eb91) Importer(815301076,1909f56bfc062723c751e8b465ee728b) [PhysX] Initialized MultithreadedTaskDispatcher with 12 workers.
 -> (artifact id: 'aa1e2922e5582445cb2f2476762a0f00') in 0.001334 seconds
Number of updated asset objects reloaded before import = 0
Number of asset objects unloaded after import = 0
========================================================================
Received Import Request.
  Time since last request: 1.012738 seconds.
  path: Assets/XRI/Settings
  artifactKey: Guid(df0d0f9c3e7865041ad2330d5021e87e) Importer(815301076,1909f56bfc062723c751e8b465ee728b)
Start importing Assets/XRI/Settings using Guid(df0d0f9c3e7865041ad2330d5021e87e) Importer(815301076,1909f56bfc062723c751e8b465ee728b) [PhysX] Initialized MultithreadedTaskDispatcher with 12 workers.
 -> (artifact id: '2629785a6f87bfa2123ce17f08f0c80f') in 0.002791 seconds
Number of updated asset objects reloaded before import = 0
Number of asset objects unloaded after import = 0
========================================================================
Received Import Request.
  Time since last request: 0.019790 seconds.
  path: Assets/XRI/Settings/XRInteractionEditorSettings.asset
  artifactKey: Guid(44b15da1df4f37242b44ad9fbd684627) Importer(815301076,1909f56bfc062723c751e8b465ee728b)
Start importing Assets/XRI/Settings/XRInteractionEditorSettings.asset using Guid(44b15da1df4f37242b44ad9fbd684627) Importer(815301076,1909f56bfc062723c751e8b465ee728b) [PhysX] Initialized MultithreadedTaskDispatcher with 12 workers.
 -> (artifact id: '768575b193a5afd699b4f8f2cf8f90a8') in 0.008990 seconds
Number of updated asset objects reloaded before import = 0
Number of asset objects unloaded after import = 1
========================================================================
Received Import Request.
  Time since last request: 2.419804 seconds.
  path: Assets/XRI/Settings/Resources
  artifactKey: Guid(ae655c10ce2993646b250c2905c11c19) Importer(815301076,1909f56bfc062723c751e8b465ee728b)
Start importing Assets/XRI/Settings/Resources using Guid(ae655c10ce2993646b250c2905c11c19) Importer(815301076,1909f56bfc062723c751e8b465ee728b) [PhysX] Initialized MultithreadedTaskDispatcher with 12 workers.
 -> (artifact id: 'd753917cad890f848932cc40ce7d40d4') in 0.001654 seconds
Number of updated asset objects reloaded before import = 0
Number of asset objects unloaded after import = 0
========================================================================
Received Import Request.
  Time since last request: 0.464880 seconds.
  path: Assets/XRI/Settings/Resources/InteractionLayerSettings.asset
  artifactKey: Guid(1b8c907936b4d844cb7947f14f804a82) Importer(815301076,1909f56bfc062723c751e8b465ee728b)
Start importing Assets/XRI/Settings/Resources/InteractionLayerSettings.asset using Guid(1b8c907936b4d844cb7947f14f804a82) Importer(815301076,1909f56bfc062723c751e8b465ee728b) [PhysX] Initialized MultithreadedTaskDispatcher with 12 workers.
 -> (artifact id: '7889e67520d34ff6b10d328da3f18061') in 0.006557 seconds
Number of updated asset objects reloaded before import = 0
Number of asset objects unloaded after import = 1
========================================================================
Received Prepare
Caller must complete domain reload
Begin MonoManager ReloadAssembly
- Loaded All Assemblies, in  2.416 seconds
Native extension for WindowsStandalone target not found
Mono: successfully reloaded assembly
- Finished resetting the current domain, in  8.482 seconds
Domain Reload Profiling: 10891ms
	BeginReloadAssembly (1399ms)
		ExecutionOrderSort (0ms)
		DisableScriptedObjects (49ms)
		BackupInstance (0ms)
		ReleaseScriptingObjects (0ms)
		CreateAndSetChildDomain (739ms)
	RebuildCommonClasses (96ms)
	RebuildNativeTypeToScriptingClass (28ms)
	initialDomainReloadingComplete (80ms)
	LoadAllAssembliesAndSetupDomain (805ms)
		LoadAssemblies (1103ms)
		RebuildTransferFunctionScriptingTraits (0ms)
		AnalyzeDomain (107ms)
			TypeCache.Refresh (20ms)
				TypeCache.ScanAssembly (2ms)
			ScanForSourceGeneratedMonoScriptInfo (56ms)
			ResolveRequiredComponents (26ms)
	FinalizeReload (8484ms)
		ReleaseScriptCaches (0ms)
		RebuildScriptCaches (0ms)
		SetupLoadedEditorAssemblies (4123ms)
			LogAssemblyErrors (0ms)
			InitializePlatformSupportModulesInManaged (14ms)
			SetLoadedEditorAssemblies (7ms)
			RefreshPlugins (0ms)
			BeforeProcessingInitializeOnLoad (806ms)
			ProcessInitializeOnLoadAttributes (3214ms)
			ProcessInitializeOnLoadMethodAttributes (61ms)
			AfterProcessingInitializeOnLoad (20ms)
			EditorAssembliesLoaded (1ms)
		ExecutionOrderSort2 (0ms)
		AwakeInstancesAfterBackupRestoration (22ms)
Refreshing native plugins compatible for Editor in 34.45 ms, found 4 plugins.
Preloading 0 native plugins for Editor in 0.00 ms.
Unloading 4723 Unused Serialized files (Serialized files now loaded: 0)
Unloading 16 unused Assets / (29.2 KB). Loaded Objects now: 5241.
Memory consumption went from 165.7 MB to 165.7 MB.
Total: 10.875200 ms (FindLiveObjects: 0.938700 ms CreateObjectMapping: 0.476100 ms MarkObjects: 9.309900 ms  DeleteObjects: 0.147100 ms)

Prepare: number of updated asset objects reloaded= 0
AssetImportParameters requested are different than current active one (requested -> active):
  custom:container-demuxer-ogg: 62fdf1f143b41e24485cea50d1cbac27 -> 
  custom:scripting/monoscript/fileName/XRDeviceSimulatorControllerUI.cs: 1fdda016482e80c4f698bd161ca6a92f -> 
  custom:scripting/monoscript/fileName/XRDeviceSimulatorUI.cs: 0ec50ce90bac5e819d9ddb292ac27c71 -> 
  custom:video-decoder-ogg-theora: a1e56fd34408186e4bbccfd4996cb3dc -> 
  custom:framework-win-MediaFoundation: 216162199b28c13a410421893ffa2e32 -> 
  custom:CustomObjectIndexerAttribute: 9a22284fe3817be447336de3de66b15e -> 
  custom:container-demuxer-webm: 4f35f7cbe854078d1ac9338744f61a02 -> 
  custom:container-muxer-webm: aa71ff27fc2769a1b78a27578f13a17b -> 
  custom:video-decoder-webm-vp8: 9c59270c3fd7afecdb556c50c9e8de78 -> 
  custom:SearchIndexIgnoredProperties: e643bd26f0fe6173181afceb89e7c659 -> 
  custom:AudioImporter_EditorPlatform: d09bf68614088b80899f8185d706f6e7 -> 
  custom:scripting/monoscript/fileName/XRDeviceSimulatorHandsUI.cs: bca3963bba47bbf101fe9d7e7dd07836 -> 
  custom:video-encoder-webm-vp8: eb34c28f22e8b96e1ab97ce403110664 -> 
  custom:audio-decoder-ogg-vorbis: bf7c407c2cedff20999df2af8eb42d56 -> 
  custom:scripting/precompiled-assembly-types:Unity.XR.Interaction.Toolkit.Samples.DeviceSimulator: b1a8126a568547b099f25fc1d4f742a8 -> 
  custom:audio-encoder-webm-vorbis: bf7c407c2cedff20999df2af8eb42d56 -> 
========================================================================
Received Import Request.
  Time since last request: 157.791733 seconds.
  path: Assets/XRI/Settings/Resources/XRDeviceSimulatorSettings.asset
  artifactKey: Guid(3fb389cb082a34f4d8ceb3783db24c9d) Importer(815301076,1909f56bfc062723c751e8b465ee728b)
Start importing Assets/XRI/Settings/Resources/XRDeviceSimulatorSettings.asset using Guid(3fb389cb082a34f4d8ceb3783db24c9d) Importer(815301076,1909f56bfc062723c751e8b465ee728b) [PhysX] Initialized MultithreadedTaskDispatcher with 12 workers.
 -> (artifact id: '9181896daac23d5c4c5c0246386302b8') in 0.039011 seconds
Number of updated asset objects reloaded before import = 0
Number of asset objects unloaded after import = 1
========================================================================
Received Prepare
Caller must complete domain reload
Begin MonoManager ReloadAssembly
- Loaded All Assemblies, in  1.113 seconds
Native extension for WindowsStandalone target not found
Mono: successfully reloaded assembly
- Finished resetting the current domain, in  2.995 seconds
Domain Reload Profiling: 4093ms
	BeginReloadAssembly (355ms)
		ExecutionOrderSort (0ms)
		DisableScriptedObjects (20ms)
		BackupInstance (0ms)
		ReleaseScriptingObjects (0ms)
		CreateAndSetChildDomain (75ms)
	RebuildCommonClasses (84ms)
	RebuildNativeTypeToScriptingClass (28ms)
	initialDomainReloadingComplete (78ms)
	LoadAllAssembliesAndSetupDomain (552ms)
		LoadAssemblies (691ms)
		RebuildTransferFunctionScriptingTraits (0ms)
		AnalyzeDomain (54ms)
			TypeCache.Refresh (17ms)
				TypeCache.ScanAssembly (0ms)
			ScanForSourceGeneratedMonoScriptInfo (1ms)
			ResolveRequiredComponents (31ms)
	FinalizeReload (2996ms)
		ReleaseScriptCaches (0ms)
		RebuildScriptCaches (0ms)
		SetupLoadedEditorAssemblies (1214ms)
			LogAssemblyErrors (0ms)
			InitializePlatformSupportModulesInManaged (20ms)
			SetLoadedEditorAssemblies (9ms)
			RefreshPlugins (0ms)
			BeforeProcessingInitializeOnLoad (168ms)
			ProcessInitializeOnLoadAttributes (946ms)
			ProcessInitializeOnLoadMethodAttributes (53ms)
			AfterProcessingInitializeOnLoad (17ms)
			EditorAssembliesLoaded (1ms)
		ExecutionOrderSort2 (0ms)
		AwakeInstancesAfterBackupRestoration (18ms)
Refreshing native plugins compatible for Editor in 21.48 ms, found 4 plugins.
Preloading 0 native plugins for Editor in 0.00 ms.
Unloading 4723 Unused Serialized files (Serialized files now loaded: 0)
Unloading 16 unused Assets / (29.1 KB). Loaded Objects now: 5245.
Memory consumption went from 165.8 MB to 165.7 MB.
Total: 8.335200 ms (FindLiveObjects: 0.965400 ms CreateObjectMapping: 0.304000 ms MarkObjects: 6.950100 ms  DeleteObjects: 0.112600 ms)

Prepare: number of updated asset objects reloaded= 0
AssetImportParameters requested are different than current active one (requested -> active):
  custom:container-demuxer-ogg: 62fdf1f143b41e24485cea50d1cbac27 -> 
  custom:scripting/monoscript/fileName/XRDeviceSimulatorControllerUI.cs: 1fdda016482e80c4f698bd161ca6a92f -> 
  custom:scripting/monoscript/fileName/XRDeviceSimulatorUI.cs: 0ec50ce90bac5e819d9ddb292ac27c71 -> 
  custom:video-decoder-ogg-theora: a1e56fd34408186e4bbccfd4996cb3dc -> 
  custom:framework-win-MediaFoundation: 216162199b28c13a410421893ffa2e32 -> 
  custom:CustomObjectIndexerAttribute: 9a22284fe3817be447336de3de66b15e -> 
  custom:container-demuxer-webm: 4f35f7cbe854078d1ac9338744f61a02 -> 
  custom:container-muxer-webm: aa71ff27fc2769a1b78a27578f13a17b -> 
  custom:video-decoder-webm-vp8: 9c59270c3fd7afecdb556c50c9e8de78 -> 
  custom:SearchIndexIgnoredProperties: e643bd26f0fe6173181afceb89e7c659 -> 
  custom:AudioImporter_EditorPlatform: d09bf68614088b80899f8185d706f6e7 -> 
  custom:scripting/monoscript/fileName/XRDeviceSimulatorHandsUI.cs: bca3963bba47bbf101fe9d7e7dd07836 -> 
  custom:video-encoder-webm-vp8: eb34c28f22e8b96e1ab97ce403110664 -> 
  custom:audio-decoder-ogg-vorbis: bf7c407c2cedff20999df2af8eb42d56 -> 
  custom:scripting/precompiled-assembly-types:Unity.XR.Interaction.Toolkit.Samples.DeviceSimulator: b1a8126a568547b099f25fc1d4f742a8 -> 
  custom:audio-encoder-webm-vorbis: bf7c407c2cedff20999df2af8eb42d56 -> 
========================================================================
Received Prepare
Caller must complete domain reload
Begin MonoManager ReloadAssembly
- Loaded All Assemblies, in  1.060 seconds
Native extension for WindowsStandalone target not found
Mono: successfully reloaded assembly
- Finished resetting the current domain, in  2.820 seconds
Domain Reload Profiling: 3872ms
	BeginReloadAssembly (325ms)
		ExecutionOrderSort (0ms)
		DisableScriptedObjects (10ms)
		BackupInstance (0ms)
		ReleaseScriptingObjects (0ms)
		CreateAndSetChildDomain (71ms)
	RebuildCommonClasses (92ms)
	RebuildNativeTypeToScriptingClass (23ms)
	initialDomainReloadingComplete (70ms)
	LoadAllAssembliesAndSetupDomain (539ms)
		LoadAssemblies (680ms)
		RebuildTransferFunctionScriptingTraits (0ms)
		AnalyzeDomain (44ms)
			TypeCache.Refresh (13ms)
				TypeCache.ScanAssembly (0ms)
			ScanForSourceGeneratedMonoScriptInfo (0ms)
			ResolveRequiredComponents (26ms)
	FinalizeReload (2821ms)
		ReleaseScriptCaches (0ms)
		RebuildScriptCaches (0ms)
		SetupLoadedEditorAssemblies (1327ms)
			LogAssemblyErrors (0ms)
			InitializePlatformSupportModulesInManaged (18ms)
			SetLoadedEditorAssemblies (8ms)
			RefreshPlugins (0ms)
			BeforeProcessingInitializeOnLoad (179ms)
			ProcessInitializeOnLoadAttributes (1045ms)
			ProcessInitializeOnLoadMethodAttributes (59ms)
			AfterProcessingInitializeOnLoad (16ms)
			EditorAssembliesLoaded (0ms)
		ExecutionOrderSort2 (0ms)
		AwakeInstancesAfterBackupRestoration (17ms)
Refreshing native plugins compatible for Editor in 24.47 ms, found 4 plugins.
Preloading 0 native plugins for Editor in 0.00 ms.
Unloading 4723 Unused Serialized files (Serialized files now loaded: 0)
Unloading 16 unused Assets / (29.2 KB). Loaded Objects now: 5249.
Memory consumption went from 165.8 MB to 165.7 MB.
Total: 9.672500 ms (FindLiveObjects: 1.468000 ms CreateObjectMapping: 0.750300 ms MarkObjects: 7.366600 ms  DeleteObjects: 0.083700 ms)

Prepare: number of updated asset objects reloaded= 0
AssetImportParameters requested are different than current active one (requested -> active):
  custom:container-demuxer-ogg: 62fdf1f143b41e24485cea50d1cbac27 -> 
  custom:scripting/monoscript/fileName/XRDeviceSimulatorControllerUI.cs: 1fdda016482e80c4f698bd161ca6a92f -> 
  custom:scripting/monoscript/fileName/XRDeviceSimulatorUI.cs: 0ec50ce90bac5e819d9ddb292ac27c71 -> 
  custom:video-decoder-ogg-theora: a1e56fd34408186e4bbccfd4996cb3dc -> 
  custom:framework-win-MediaFoundation: 216162199b28c13a410421893ffa2e32 -> 
  custom:CustomObjectIndexerAttribute: 9a22284fe3817be447336de3de66b15e -> 
  custom:container-demuxer-webm: 4f35f7cbe854078d1ac9338744f61a02 -> 
  custom:container-muxer-webm: aa71ff27fc2769a1b78a27578f13a17b -> 
  custom:video-decoder-webm-vp8: 9c59270c3fd7afecdb556c50c9e8de78 -> 
  custom:SearchIndexIgnoredProperties: e643bd26f0fe6173181afceb89e7c659 -> 
  custom:AudioImporter_EditorPlatform: d09bf68614088b80899f8185d706f6e7 -> 
  custom:scripting/monoscript/fileName/XRDeviceSimulatorHandsUI.cs: bca3963bba47bbf101fe9d7e7dd07836 -> 
  custom:video-encoder-webm-vp8: eb34c28f22e8b96e1ab97ce403110664 -> 
  custom:audio-decoder-ogg-vorbis: bf7c407c2cedff20999df2af8eb42d56 -> 
  custom:scripting/precompiled-assembly-types:Unity.XR.Interaction.Toolkit.Samples.DeviceSimulator: b1a8126a568547b099f25fc1d4f742a8 -> 
  custom:audio-encoder-webm-vorbis: bf7c407c2cedff20999df2af8eb42d56 -> 
========================================================================
Received Import Request.
  Time since last request: 263.229692 seconds.
  path: Assets/prephs/finish.prefab
  artifactKey: Guid(1d882cf91c4b5d34abdc93a14ce7fe1a) Importer(815301076,1909f56bfc062723c751e8b465ee728b)
Start importing Assets/prephs/finish.prefab using Guid(1d882cf91c4b5d34abdc93a14ce7fe1a) Importer(815301076,1909f56bfc062723c751e8b465ee728b) [PhysX] Initialized MultithreadedTaskDispatcher with 12 workers.
[PhysX] Initialized MultithreadedTaskDispatcher with 12 workers.
 -> (artifact id: 'b8fae962983b839775db1d0f258b43a1') in 0.317269 seconds
Number of updated asset objects reloaded before import = 0
Number of asset objects unloaded after import = 35
========================================================================
Received Import Request.
  Time since last request: 3.061850 seconds.
  path: Assets/prephs/point.prefab
  artifactKey: Guid(cfb70a71be3a30740b45bf1d248412b7) Importer(815301076,1909f56bfc062723c751e8b465ee728b)
Start importing Assets/prephs/point.prefab using Guid(cfb70a71be3a30740b45bf1d248412b7) Importer(815301076,1909f56bfc062723c751e8b465ee728b) [PhysX] Initialized MultithreadedTaskDispatcher with 12 workers.
[PhysX] Initialized MultithreadedTaskDispatcher with 12 workers.
 -> (artifact id: 'c7798e324cfb42b3193b65856a3e2aaf') in 0.017045 seconds
Number of updated asset objects reloaded before import = 0
Number of asset objects unloaded after import = 25
========================================================================
Received Import Request.
  Time since last request: 4.823360 seconds.
  path: Assets/prephs/finish.prefab
  artifactKey: Guid(1d882cf91c4b5d34abdc93a14ce7fe1a) Importer(815301076,1909f56bfc062723c751e8b465ee728b)
Start importing Assets/prephs/finish.prefab using Guid(1d882cf91c4b5d34abdc93a14ce7fe1a) Importer(815301076,1909f56bfc062723c751e8b465ee728b) [PhysX] Initialized MultithreadedTaskDispatcher with 12 workers.
[PhysX] Initialized MultithreadedTaskDispatcher with 12 workers.
 -> (artifact id: 'b942a3725eed7f08aef98dc46f065220') in 0.075727 seconds
Number of updated asset objects reloaded before import = 0
Number of asset objects unloaded after import = 35
========================================================================
Received Prepare
Caller must complete domain reload
Begin MonoManager ReloadAssembly
- Loaded All Assemblies, in  1.033 seconds
Native extension for WindowsStandalone target not found
Mono: successfully reloaded assembly
- Finished resetting the current domain, in  2.842 seconds
Domain Reload Profiling: 3871ms
	BeginReloadAssembly (328ms)
		ExecutionOrderSort (0ms)
		DisableScriptedObjects (12ms)
		BackupInstance (0ms)
		ReleaseScriptingObjects (0ms)
		CreateAndSetChildDomain (73ms)
	RebuildCommonClasses (79ms)
	RebuildNativeTypeToScriptingClass (36ms)
	initialDomainReloadingComplete (69ms)
	LoadAllAssembliesAndSetupDomain (515ms)
		LoadAssemblies (645ms)
		RebuildTransferFunctionScriptingTraits (0ms)
		AnalyzeDomain (47ms)
			TypeCache.Refresh (13ms)
				TypeCache.ScanAssembly (0ms)
			ScanForSourceGeneratedMonoScriptInfo (0ms)
			ResolveRequiredComponents (25ms)
	FinalizeReload (2844ms)
		ReleaseScriptCaches (0ms)
		RebuildScriptCaches (0ms)
		SetupLoadedEditorAssemblies (1284ms)
			LogAssemblyErrors (0ms)
			InitializePlatformSupportModulesInManaged (13ms)
			SetLoadedEditorAssemblies (6ms)
			RefreshPlugins (0ms)
			BeforeProcessingInitializeOnLoad (145ms)
			ProcessInitializeOnLoadAttributes (1036ms)
			ProcessInitializeOnLoadMethodAttributes (67ms)
			AfterProcessingInitializeOnLoad (16ms)
			EditorAssembliesLoaded (1ms)
		ExecutionOrderSort2 (0ms)
		AwakeInstancesAfterBackupRestoration (20ms)
Refreshing native plugins compatible for Editor in 16.91 ms, found 4 plugins.
Preloading 0 native plugins for Editor in 0.00 ms.
Unloading 4723 Unused Serialized files (Serialized files now loaded: 0)
Unloading 16 unused Assets / (29.2 KB). Loaded Objects now: 5253.
Memory consumption went from 165.8 MB to 165.7 MB.
Total: 11.036800 ms (FindLiveObjects: 1.473100 ms CreateObjectMapping: 0.911200 ms MarkObjects: 8.545900 ms  DeleteObjects: 0.104400 ms)

Prepare: number of updated asset objects reloaded= 0
AssetImportParameters requested are different than current active one (requested -> active):
  custom:container-demuxer-ogg: 62fdf1f143b41e24485cea50d1cbac27 -> 
  custom:scripting/monoscript/fileName/XRDeviceSimulatorControllerUI.cs: 1fdda016482e80c4f698bd161ca6a92f -> 
  custom:scripting/monoscript/fileName/XRDeviceSimulatorUI.cs: 0ec50ce90bac5e819d9ddb292ac27c71 -> 
  custom:video-decoder-ogg-theora: a1e56fd34408186e4bbccfd4996cb3dc -> 
  custom:framework-win-MediaFoundation: 216162199b28c13a410421893ffa2e32 -> 
  custom:CustomObjectIndexerAttribute: 9a22284fe3817be447336de3de66b15e -> 
  custom:container-demuxer-webm: 4f35f7cbe854078d1ac9338744f61a02 -> 
  custom:container-muxer-webm: aa71ff27fc2769a1b78a27578f13a17b -> 
  custom:video-decoder-webm-vp8: 9c59270c3fd7afecdb556c50c9e8de78 -> 
  custom:SearchIndexIgnoredProperties: e643bd26f0fe6173181afceb89e7c659 -> 
  custom:AudioImporter_EditorPlatform: d09bf68614088b80899f8185d706f6e7 -> 
  custom:scripting/monoscript/fileName/XRDeviceSimulatorHandsUI.cs: bca3963bba47bbf101fe9d7e7dd07836 -> 
  custom:video-encoder-webm-vp8: eb34c28f22e8b96e1ab97ce403110664 -> 
  custom:audio-decoder-ogg-vorbis: bf7c407c2cedff20999df2af8eb42d56 -> 
  custom:scripting/precompiled-assembly-types:Unity.XR.Interaction.Toolkit.Samples.DeviceSimulator: b1a8126a568547b099f25fc1d4f742a8 -> 
  custom:audio-encoder-webm-vorbis: bf7c407c2cedff20999df2af8eb42d56 -> 
========================================================================
Received Prepare
Caller must complete domain reload
Begin MonoManager ReloadAssembly
- Loaded All Assemblies, in  1.015 seconds
Native extension for WindowsStandalone target not found
Mono: successfully reloaded assembly
- Finished resetting the current domain, in  2.780 seconds
Domain Reload Profiling: 3790ms
	BeginReloadAssembly (303ms)
		ExecutionOrderSort (0ms)
		DisableScriptedObjects (11ms)
		BackupInstance (0ms)
		ReleaseScriptingObjects (0ms)
		CreateAndSetChildDomain (61ms)
	RebuildCommonClasses (84ms)
	RebuildNativeTypeToScriptingClass (27ms)
	initialDomainReloadingComplete (82ms)
	LoadAllAssembliesAndSetupDomain (512ms)
		LoadAssemblies (644ms)
		RebuildTransferFunctionScriptingTraits (0ms)
		AnalyzeDomain (43ms)
			TypeCache.Refresh (12ms)
				TypeCache.ScanAssembly (0ms)
			ScanForSourceGeneratedMonoScriptInfo (0ms)
			ResolveRequiredComponents (25ms)
	FinalizeReload (2782ms)
		ReleaseScriptCaches (0ms)
		RebuildScriptCaches (0ms)
		SetupLoadedEditorAssemblies (1265ms)
			LogAssemblyErrors (0ms)
			InitializePlatformSupportModulesInManaged (14ms)
			SetLoadedEditorAssemblies (6ms)
			RefreshPlugins (0ms)
			BeforeProcessingInitializeOnLoad (171ms)
			ProcessInitializeOnLoadAttributes (1004ms)
			ProcessInitializeOnLoadMethodAttributes (55ms)
			AfterProcessingInitializeOnLoad (14ms)
			EditorAssembliesLoaded (1ms)
		ExecutionOrderSort2 (0ms)
		AwakeInstancesAfterBackupRestoration (17ms)
Refreshing native plugins compatible for Editor in 18.33 ms, found 4 plugins.
Preloading 0 native plugins for Editor in 0.00 ms.
Unloading 4723 Unused Serialized files (Serialized files now loaded: 0)
Unloading 16 unused Assets / (29.2 KB). Loaded Objects now: 5257.
Memory consumption went from 165.8 MB to 165.8 MB.
Total: 9.324800 ms (FindLiveObjects: 1.249400 ms CreateObjectMapping: 0.740300 ms MarkObjects: 7.221700 ms  DeleteObjects: 0.111200 ms)

Prepare: number of updated asset objects reloaded= 0
AssetImportParameters requested are different than current active one (requested -> active):
  custom:container-demuxer-ogg: 62fdf1f143b41e24485cea50d1cbac27 -> 
  custom:scripting/monoscript/fileName/XRDeviceSimulatorControllerUI.cs: 1fdda016482e80c4f698bd161ca6a92f -> 
  custom:scripting/monoscript/fileName/XRDeviceSimulatorUI.cs: 0ec50ce90bac5e819d9ddb292ac27c71 -> 
  custom:video-decoder-ogg-theora: a1e56fd34408186e4bbccfd4996cb3dc -> 
  custom:framework-win-MediaFoundation: 216162199b28c13a410421893ffa2e32 -> 
  custom:CustomObjectIndexerAttribute: 9a22284fe3817be447336de3de66b15e -> 
  custom:container-demuxer-webm: 4f35f7cbe854078d1ac9338744f61a02 -> 
  custom:container-muxer-webm: aa71ff27fc2769a1b78a27578f13a17b -> 
  custom:video-decoder-webm-vp8: 9c59270c3fd7afecdb556c50c9e8de78 -> 
  custom:SearchIndexIgnoredProperties: e643bd26f0fe6173181afceb89e7c659 -> 
  custom:AudioImporter_EditorPlatform: d09bf68614088b80899f8185d706f6e7 -> 
  custom:scripting/monoscript/fileName/XRDeviceSimulatorHandsUI.cs: bca3963bba47bbf101fe9d7e7dd07836 -> 
  custom:video-encoder-webm-vp8: eb34c28f22e8b96e1ab97ce403110664 -> 
  custom:audio-decoder-ogg-vorbis: bf7c407c2cedff20999df2af8eb42d56 -> 
  custom:scripting/precompiled-assembly-types:Unity.XR.Interaction.Toolkit.Samples.DeviceSimulator: b1a8126a568547b099f25fc1d4f742a8 -> 
  custom:audio-encoder-webm-vorbis: bf7c407c2cedff20999df2af8eb42d56 -> 
========================================================================
Received Import Request.
  Time since last request: 51.358074 seconds.
  path: Assets/ScriptableObject/DroneConfig.asset
  artifactKey: Guid(6780bc7ee4d0f9a4c8e3117357f532a1) Importer(815301076,1909f56bfc062723c751e8b465ee728b)
Start importing Assets/ScriptableObject/DroneConfig.asset using Guid(6780bc7ee4d0f9a4c8e3117357f532a1) Importer(815301076,1909f56bfc062723c751e8b465ee728b) [PhysX] Initialized MultithreadedTaskDispatcher with 12 workers.
 -> (artifact id: '24d57b5115e985cd2109edb7fa89704c') in 0.038890 seconds
Number of updated asset objects reloaded before import = 0
Number of asset objects unloaded after import = 1
========================================================================
Received Prepare
Caller must complete domain reload
Begin MonoManager ReloadAssembly
- Loaded All Assemblies, in  1.033 seconds
Native extension for WindowsStandalone target not found
Mono: successfully reloaded assembly
- Finished resetting the current domain, in  2.732 seconds
Domain Reload Profiling: 3756ms
	BeginReloadAssembly (315ms)
		ExecutionOrderSort (0ms)
		DisableScriptedObjects (11ms)
		BackupInstance (0ms)
		ReleaseScriptingObjects (0ms)
		CreateAndSetChildDomain (81ms)
	RebuildCommonClasses (77ms)
	RebuildNativeTypeToScriptingClass (26ms)
	initialDomainReloadingComplete (68ms)
	LoadAllAssembliesAndSetupDomain (538ms)
		LoadAssemblies (670ms)
		RebuildTransferFunctionScriptingTraits (0ms)
		AnalyzeDomain (35ms)
			TypeCache.Refresh (11ms)
				TypeCache.ScanAssembly (0ms)
			ScanForSourceGeneratedMonoScriptInfo (0ms)
			ResolveRequiredComponents (17ms)
	FinalizeReload (2733ms)
		ReleaseScriptCaches (0ms)
		RebuildScriptCaches (0ms)
		SetupLoadedEditorAssemblies (1291ms)
			LogAssemblyErrors (0ms)
			InitializePlatformSupportModulesInManaged (13ms)
			SetLoadedEditorAssemblies (6ms)
			RefreshPlugins (0ms)
			BeforeProcessingInitializeOnLoad (174ms)
			ProcessInitializeOnLoadAttributes (1023ms)
			ProcessInitializeOnLoadMethodAttributes (57ms)
			AfterProcessingInitializeOnLoad (16ms)
			EditorAssembliesLoaded (1ms)
		ExecutionOrderSort2 (0ms)
		AwakeInstancesAfterBackupRestoration (18ms)
Refreshing native plugins compatible for Editor in 20.56 ms, found 4 plugins.
Preloading 0 native plugins for Editor in 0.00 ms.
Unloading 4723 Unused Serialized files (Serialized files now loaded: 0)
Unloading 16 unused Assets / (29.2 KB). Loaded Objects now: 5261.
Memory consumption went from 165.8 MB to 165.8 MB.
Total: 8.785600 ms (FindLiveObjects: 1.058500 ms CreateObjectMapping: 0.338600 ms MarkObjects: 7.277000 ms  DeleteObjects: 0.108900 ms)

Prepare: number of updated asset objects reloaded= 0
AssetImportParameters requested are different than current active one (requested -> active):
  custom:container-demuxer-ogg: 62fdf1f143b41e24485cea50d1cbac27 -> 
  custom:scripting/monoscript/fileName/XRDeviceSimulatorControllerUI.cs: 1fdda016482e80c4f698bd161ca6a92f -> 
  custom:scripting/monoscript/fileName/XRDeviceSimulatorUI.cs: 0ec50ce90bac5e819d9ddb292ac27c71 -> 
  custom:video-decoder-ogg-theora: a1e56fd34408186e4bbccfd4996cb3dc -> 
  custom:framework-win-MediaFoundation: 216162199b28c13a410421893ffa2e32 -> 
  custom:CustomObjectIndexerAttribute: 9a22284fe3817be447336de3de66b15e -> 
  custom:container-demuxer-webm: 4f35f7cbe854078d1ac9338744f61a02 -> 
  custom:container-muxer-webm: aa71ff27fc2769a1b78a27578f13a17b -> 
  custom:video-decoder-webm-vp8: 9c59270c3fd7afecdb556c50c9e8de78 -> 
  custom:SearchIndexIgnoredProperties: e643bd26f0fe6173181afceb89e7c659 -> 
  custom:AudioImporter_EditorPlatform: d09bf68614088b80899f8185d706f6e7 -> 
  custom:scripting/monoscript/fileName/XRDeviceSimulatorHandsUI.cs: bca3963bba47bbf101fe9d7e7dd07836 -> 
  custom:video-encoder-webm-vp8: eb34c28f22e8b96e1ab97ce403110664 -> 
  custom:audio-decoder-ogg-vorbis: bf7c407c2cedff20999df2af8eb42d56 -> 
  custom:scripting/precompiled-assembly-types:Unity.XR.Interaction.Toolkit.Samples.DeviceSimulator: b1a8126a568547b099f25fc1d4f742a8 -> 
  custom:audio-encoder-webm-vorbis: bf7c407c2cedff20999df2af8eb42d56 -> 
========================================================================
Received Prepare
Caller must complete domain reload
Begin MonoManager ReloadAssembly
- Loaded All Assemblies, in  1.032 seconds
Native extension for WindowsStandalone target not found
Mono: successfully reloaded assembly
- Finished resetting the current domain, in  2.724 seconds
Domain Reload Profiling: 3752ms
	BeginReloadAssembly (348ms)
		ExecutionOrderSort (0ms)
		DisableScriptedObjects (11ms)
		BackupInstance (0ms)
		ReleaseScriptingObjects (0ms)
		CreateAndSetChildDomain (72ms)
	RebuildCommonClasses (74ms)
	RebuildNativeTypeToScriptingClass (28ms)
	initialDomainReloadingComplete (60ms)
	LoadAllAssembliesAndSetupDomain (517ms)
		LoadAssemblies (681ms)
		RebuildTransferFunctionScriptingTraits (0ms)
		AnalyzeDomain (40ms)
			TypeCache.Refresh (12ms)
				TypeCache.ScanAssembly (0ms)
			ScanForSourceGeneratedMonoScriptInfo (0ms)
			ResolveRequiredComponents (23ms)
	FinalizeReload (2725ms)
		ReleaseScriptCaches (0ms)
		RebuildScriptCaches (0ms)
		SetupLoadedEditorAssemblies (1290ms)
			LogAssemblyErrors (0ms)
			InitializePlatformSupportModulesInManaged (13ms)
			SetLoadedEditorAssemblies (6ms)
			RefreshPlugins (0ms)
			BeforeProcessingInitializeOnLoad (155ms)
			ProcessInitializeOnLoadAttributes (1041ms)
			ProcessInitializeOnLoadMethodAttributes (58ms)
			AfterProcessingInitializeOnLoad (17ms)
			EditorAssembliesLoaded (1ms)
		ExecutionOrderSort2 (0ms)
		AwakeInstancesAfterBackupRestoration (19ms)
Refreshing native plugins compatible for Editor in 15.00 ms, found 4 plugins.
Preloading 0 native plugins for Editor in 0.00 ms.
Unloading 4723 Unused Serialized files (Serialized files now loaded: 0)
Unloading 16 unused Assets / (29.1 KB). Loaded Objects now: 5265.
Memory consumption went from 165.8 MB to 165.8 MB.
Total: 9.887500 ms (FindLiveObjects: 1.297400 ms CreateObjectMapping: 0.514800 ms MarkObjects: 7.882900 ms  DeleteObjects: 0.188500 ms)

Prepare: number of updated asset objects reloaded= 0
AssetImportParameters requested are different than current active one (requested -> active):
  custom:container-demuxer-ogg: 62fdf1f143b41e24485cea50d1cbac27 -> 
  custom:scripting/monoscript/fileName/XRDeviceSimulatorControllerUI.cs: 1fdda016482e80c4f698bd161ca6a92f -> 
  custom:scripting/monoscript/fileName/XRDeviceSimulatorUI.cs: 0ec50ce90bac5e819d9ddb292ac27c71 -> 
  custom:video-decoder-ogg-theora: a1e56fd34408186e4bbccfd4996cb3dc -> 
  custom:framework-win-MediaFoundation: 216162199b28c13a410421893ffa2e32 -> 
  custom:CustomObjectIndexerAttribute: 9a22284fe3817be447336de3de66b15e -> 
  custom:container-demuxer-webm: 4f35f7cbe854078d1ac9338744f61a02 -> 
  custom:container-muxer-webm: aa71ff27fc2769a1b78a27578f13a17b -> 
  custom:video-decoder-webm-vp8: 9c59270c3fd7afecdb556c50c9e8de78 -> 
  custom:SearchIndexIgnoredProperties: e643bd26f0fe6173181afceb89e7c659 -> 
  custom:AudioImporter_EditorPlatform: d09bf68614088b80899f8185d706f6e7 -> 
  custom:scripting/monoscript/fileName/XRDeviceSimulatorHandsUI.cs: bca3963bba47bbf101fe9d7e7dd07836 -> 
  custom:video-encoder-webm-vp8: eb34c28f22e8b96e1ab97ce403110664 -> 
  custom:audio-decoder-ogg-vorbis: bf7c407c2cedff20999df2af8eb42d56 -> 
  custom:scripting/precompiled-assembly-types:Unity.XR.Interaction.Toolkit.Samples.DeviceSimulator: b1a8126a568547b099f25fc1d4f742a8 -> 
  custom:audio-encoder-webm-vorbis: bf7c407c2cedff20999df2af8eb42d56 -> 
========================================================================
Received Prepare
Caller must complete domain reload
Begin MonoManager ReloadAssembly
- Loaded All Assemblies, in  1.039 seconds
Native extension for WindowsStandalone target not found
Mono: successfully reloaded assembly
- Finished resetting the current domain, in  2.800 seconds
Domain Reload Profiling: 3833ms
	BeginReloadAssembly (325ms)
		ExecutionOrderSort (0ms)
		DisableScriptedObjects (16ms)
		BackupInstance (0ms)
		ReleaseScriptingObjects (0ms)
		CreateAndSetChildDomain (64ms)
	RebuildCommonClasses (81ms)
	RebuildNativeTypeToScriptingClass (25ms)
	initialDomainReloadingComplete (66ms)
	LoadAllAssembliesAndSetupDomain (534ms)
		LoadAssemblies (666ms)
		RebuildTransferFunctionScriptingTraits (0ms)
		AnalyzeDomain (46ms)
			TypeCache.Refresh (14ms)
				TypeCache.ScanAssembly (0ms)
			ScanForSourceGeneratedMonoScriptInfo (0ms)
			ResolveRequiredComponents (23ms)
	FinalizeReload (2802ms)
		ReleaseScriptCaches (0ms)
		RebuildScriptCaches (0ms)
		SetupLoadedEditorAssemblies (1313ms)
			LogAssemblyErrors (0ms)
			InitializePlatformSupportModulesInManaged (15ms)
			SetLoadedEditorAssemblies (7ms)
			RefreshPlugins (0ms)
			BeforeProcessingInitializeOnLoad (171ms)
			ProcessInitializeOnLoadAttributes (1047ms)
			ProcessInitializeOnLoadMethodAttributes (58ms)
			AfterProcessingInitializeOnLoad (15ms)
			EditorAssembliesLoaded (0ms)
		ExecutionOrderSort2 (0ms)
		AwakeInstancesAfterBackupRestoration (19ms)
Refreshing native plugins compatible for Editor in 21.07 ms, found 4 plugins.
Preloading 0 native plugins for Editor in 0.00 ms.
Unloading 4723 Unused Serialized files (Serialized files now loaded: 0)
Unloading 16 unused Assets / (29.2 KB). Loaded Objects now: 5269.
Memory consumption went from 165.8 MB to 165.8 MB.
Total: 10.226800 ms (FindLiveObjects: 1.525600 ms CreateObjectMapping: 0.831400 ms MarkObjects: 7.740400 ms  DeleteObjects: 0.125000 ms)

Prepare: number of updated asset objects reloaded= 0
AssetImportParameters requested are different than current active one (requested -> active):
  custom:container-demuxer-ogg: 62fdf1f143b41e24485cea50d1cbac27 -> 
  custom:scripting/monoscript/fileName/XRDeviceSimulatorControllerUI.cs: 1fdda016482e80c4f698bd161ca6a92f -> 
  custom:scripting/monoscript/fileName/XRDeviceSimulatorUI.cs: 0ec50ce90bac5e819d9ddb292ac27c71 -> 
  custom:video-decoder-ogg-theora: a1e56fd34408186e4bbccfd4996cb3dc -> 
  custom:framework-win-MediaFoundation: 216162199b28c13a410421893ffa2e32 -> 
  custom:CustomObjectIndexerAttribute: 9a22284fe3817be447336de3de66b15e -> 
  custom:container-demuxer-webm: 4f35f7cbe854078d1ac9338744f61a02 -> 
  custom:container-muxer-webm: aa71ff27fc2769a1b78a27578f13a17b -> 
  custom:video-decoder-webm-vp8: 9c59270c3fd7afecdb556c50c9e8de78 -> 
  custom:SearchIndexIgnoredProperties: e643bd26f0fe6173181afceb89e7c659 -> 
  custom:AudioImporter_EditorPlatform: d09bf68614088b80899f8185d706f6e7 -> 
  custom:scripting/monoscript/fileName/XRDeviceSimulatorHandsUI.cs: bca3963bba47bbf101fe9d7e7dd07836 -> 
  custom:video-encoder-webm-vp8: eb34c28f22e8b96e1ab97ce403110664 -> 
  custom:audio-decoder-ogg-vorbis: bf7c407c2cedff20999df2af8eb42d56 -> 
  custom:scripting/precompiled-assembly-types:Unity.XR.Interaction.Toolkit.Samples.DeviceSimulator: b1a8126a568547b099f25fc1d4f742a8 -> 
  custom:audio-encoder-webm-vorbis: bf7c407c2cedff20999df2af8eb42d56 -> 
========================================================================
Received Prepare
Caller must complete domain reload
Begin MonoManager ReloadAssembly
- Loaded All Assemblies, in  1.062 seconds
Native extension for WindowsStandalone target not found
Mono: successfully reloaded assembly
- Finished resetting the current domain, in  2.902 seconds
Domain Reload Profiling: 3961ms
	BeginReloadAssembly (340ms)
		ExecutionOrderSort (0ms)
		DisableScriptedObjects (11ms)
		BackupInstance (0ms)
		ReleaseScriptingObjects (0ms)
		CreateAndSetChildDomain (70ms)
	RebuildCommonClasses (81ms)
	RebuildNativeTypeToScriptingClass (30ms)
	initialDomainReloadingComplete (68ms)
	LoadAllAssembliesAndSetupDomain (538ms)
		LoadAssemblies (703ms)
		RebuildTransferFunctionScriptingTraits (0ms)
		AnalyzeDomain (38ms)
			TypeCache.Refresh (12ms)
				TypeCache.ScanAssembly (0ms)
			ScanForSourceGeneratedMonoScriptInfo (0ms)
			ResolveRequiredComponents (18ms)
	FinalizeReload (2904ms)
		ReleaseScriptCaches (0ms)
		RebuildScriptCaches (0ms)
		SetupLoadedEditorAssemblies (1357ms)
			LogAssemblyErrors (0ms)
			InitializePlatformSupportModulesInManaged (15ms)
			SetLoadedEditorAssemblies (11ms)
			RefreshPlugins (0ms)
			BeforeProcessingInitializeOnLoad (178ms)
			ProcessInitializeOnLoadAttributes (1068ms)
			ProcessInitializeOnLoadMethodAttributes (67ms)
			AfterProcessingInitializeOnLoad (17ms)
			EditorAssembliesLoaded (1ms)
		ExecutionOrderSort2 (0ms)
		AwakeInstancesAfterBackupRestoration (16ms)
Refreshing native plugins compatible for Editor in 19.56 ms, found 4 plugins.
Preloading 0 native plugins for Editor in 0.00 ms.
Unloading 4723 Unused Serialized files (Serialized files now loaded: 0)
Unloading 16 unused Assets / (29.3 KB). Loaded Objects now: 5273.
Memory consumption went from 165.8 MB to 165.8 MB.
Total: 8.503100 ms (FindLiveObjects: 1.296400 ms CreateObjectMapping: 0.749200 ms MarkObjects: 6.359600 ms  DeleteObjects: 0.094900 ms)

Prepare: number of updated asset objects reloaded= 0
AssetImportParameters requested are different than current active one (requested -> active):
  custom:container-demuxer-ogg: 62fdf1f143b41e24485cea50d1cbac27 -> 
  custom:scripting/monoscript/fileName/XRDeviceSimulatorControllerUI.cs: 1fdda016482e80c4f698bd161ca6a92f -> 
  custom:scripting/monoscript/fileName/XRDeviceSimulatorUI.cs: 0ec50ce90bac5e819d9ddb292ac27c71 -> 
  custom:video-decoder-ogg-theora: a1e56fd34408186e4bbccfd4996cb3dc -> 
  custom:framework-win-MediaFoundation: 216162199b28c13a410421893ffa2e32 -> 
  custom:CustomObjectIndexerAttribute: 9a22284fe3817be447336de3de66b15e -> 
  custom:container-demuxer-webm: 4f35f7cbe854078d1ac9338744f61a02 -> 
  custom:container-muxer-webm: aa71ff27fc2769a1b78a27578f13a17b -> 
  custom:video-decoder-webm-vp8: 9c59270c3fd7afecdb556c50c9e8de78 -> 
  custom:SearchIndexIgnoredProperties: e643bd26f0fe6173181afceb89e7c659 -> 
  custom:AudioImporter_EditorPlatform: d09bf68614088b80899f8185d706f6e7 -> 
  custom:scripting/monoscript/fileName/XRDeviceSimulatorHandsUI.cs: bca3963bba47bbf101fe9d7e7dd07836 -> 
  custom:video-encoder-webm-vp8: eb34c28f22e8b96e1ab97ce403110664 -> 
  custom:audio-decoder-ogg-vorbis: bf7c407c2cedff20999df2af8eb42d56 -> 
  custom:scripting/precompiled-assembly-types:Unity.XR.Interaction.Toolkit.Samples.DeviceSimulator: b1a8126a568547b099f25fc1d4f742a8 -> 
  custom:audio-encoder-webm-vorbis: bf7c407c2cedff20999df2af8eb42d56 -> 
========================================================================
Received Prepare
Caller must complete domain reload
Begin MonoManager ReloadAssembly
- Loaded All Assemblies, in  1.015 seconds
Native extension for WindowsStandalone target not found
Mono: successfully reloaded assembly
- Finished resetting the current domain, in  2.813 seconds
Domain Reload Profiling: 3824ms
	BeginReloadAssembly (342ms)
		ExecutionOrderSort (0ms)
		DisableScriptedObjects (11ms)
		BackupInstance (0ms)
		ReleaseScriptingObjects (0ms)
		CreateAndSetChildDomain (81ms)
	RebuildCommonClasses (74ms)
	RebuildNativeTypeToScriptingClass (24ms)
	initialDomainReloadingComplete (60ms)
	LoadAllAssembliesAndSetupDomain (509ms)
		LoadAssemblies (643ms)
		RebuildTransferFunctionScriptingTraits (0ms)
		AnalyzeDomain (35ms)
			TypeCache.Refresh (11ms)
				TypeCache.ScanAssembly (0ms)
			ScanForSourceGeneratedMonoScriptInfo (0ms)
			ResolveRequiredComponents (17ms)
	FinalizeReload (2815ms)
		ReleaseScriptCaches (0ms)
		RebuildScriptCaches (0ms)
		SetupLoadedEditorAssemblies (1308ms)
			LogAssemblyErrors (0ms)
			InitializePlatformSupportModulesInManaged (11ms)
			SetLoadedEditorAssemblies (9ms)
			RefreshPlugins (0ms)
			BeforeProcessingInitializeOnLoad (164ms)
			ProcessInitializeOnLoadAttributes (1050ms)
			ProcessInitializeOnLoadMethodAttributes (59ms)
			AfterProcessingInitializeOnLoad (14ms)
			EditorAssembliesLoaded (0ms)
		ExecutionOrderSort2 (0ms)
		AwakeInstancesAfterBackupRestoration (19ms)
Refreshing native plugins compatible for Editor in 16.07 ms, found 4 plugins.
Preloading 0 native plugins for Editor in 0.00 ms.
Unloading 4723 Unused Serialized files (Serialized files now loaded: 0)
Unloading 16 unused Assets / (29.2 KB). Loaded Objects now: 5277.
Memory consumption went from 165.8 MB to 165.8 MB.
Total: 9.354200 ms (FindLiveObjects: 0.752800 ms CreateObjectMapping: 0.937300 ms MarkObjects: 7.577900 ms  DeleteObjects: 0.084100 ms)

Prepare: number of updated asset objects reloaded= 0
AssetImportParameters requested are different than current active one (requested -> active):
  custom:container-demuxer-ogg: 62fdf1f143b41e24485cea50d1cbac27 -> 
  custom:scripting/monoscript/fileName/XRDeviceSimulatorControllerUI.cs: 1fdda016482e80c4f698bd161ca6a92f -> 
  custom:scripting/monoscript/fileName/XRDeviceSimulatorUI.cs: 0ec50ce90bac5e819d9ddb292ac27c71 -> 
  custom:video-decoder-ogg-theora: a1e56fd34408186e4bbccfd4996cb3dc -> 
  custom:framework-win-MediaFoundation: 216162199b28c13a410421893ffa2e32 -> 
  custom:CustomObjectIndexerAttribute: 9a22284fe3817be447336de3de66b15e -> 
  custom:container-demuxer-webm: 4f35f7cbe854078d1ac9338744f61a02 -> 
  custom:container-muxer-webm: aa71ff27fc2769a1b78a27578f13a17b -> 
  custom:video-decoder-webm-vp8: 9c59270c3fd7afecdb556c50c9e8de78 -> 
  custom:SearchIndexIgnoredProperties: e643bd26f0fe6173181afceb89e7c659 -> 
  custom:AudioImporter_EditorPlatform: d09bf68614088b80899f8185d706f6e7 -> 
  custom:scripting/monoscript/fileName/XRDeviceSimulatorHandsUI.cs: bca3963bba47bbf101fe9d7e7dd07836 -> 
  custom:video-encoder-webm-vp8: eb34c28f22e8b96e1ab97ce403110664 -> 
  custom:audio-decoder-ogg-vorbis: bf7c407c2cedff20999df2af8eb42d56 -> 
  custom:scripting/precompiled-assembly-types:Unity.XR.Interaction.Toolkit.Samples.DeviceSimulator: b1a8126a568547b099f25fc1d4f742a8 -> 
  custom:audio-encoder-webm-vorbis: bf7c407c2cedff20999df2af8eb42d56 -> 
========================================================================
Received Import Request.
  Time since last request: 405.800550 seconds.
  path: Assets/Scripts/buttons_sc.cs
  artifactKey: Guid(05de2975e0d4caf47b1786280b57cfe6) Importer(815301076,1909f56bfc062723c751e8b465ee728b)
Start importing Assets/Scripts/buttons_sc.cs using Guid(05de2975e0d4caf47b1786280b57cfe6) Importer(815301076,1909f56bfc062723c751e8b465ee728b) [PhysX] Initialized MultithreadedTaskDispatcher with 12 workers.
 -> (artifact id: '9a7bf79b1d82415e8a94c32630b135c4') in 0.005303 seconds
Number of updated asset objects reloaded before import = 0
Number of asset objects unloaded after import = 0
========================================================================
Received Import Request.
  Time since last request: 0.879906 seconds.
  path: Assets/Scripts/PlayerSc.cs
  artifactKey: Guid(8d14b01734e08ce4bac967b52f8883de) Importer(815301076,1909f56bfc062723c751e8b465ee728b)
Start importing Assets/Scripts/PlayerSc.cs using Guid(8d14b01734e08ce4bac967b52f8883de) Importer(815301076,1909f56bfc062723c751e8b465ee728b) [PhysX] Initialized MultithreadedTaskDispatcher with 12 workers.
 -> (artifact id: 'df2fd6a237767579928054fa55d3c2e0') in 0.001511 seconds
Number of updated asset objects reloaded before import = 0
Number of asset objects unloaded after import = 0
========================================================================
Received Import Request.
  Time since last request: 0.119144 seconds.
  path: Assets/Scripts/scoreManager.cs
  artifactKey: Guid(42e8a99ef092a664eaf9cbe9d5719615) Importer(815301076,1909f56bfc062723c751e8b465ee728b)
Start importing Assets/Scripts/scoreManager.cs using Guid(42e8a99ef092a664eaf9cbe9d5719615) Importer(815301076,1909f56bfc062723c751e8b465ee728b) [PhysX] Initialized MultithreadedTaskDispatcher with 12 workers.
 -> (artifact id: 'b832a67b3181c0f110eaf30ea582d6b0') in 0.001906 seconds
Number of updated asset objects reloaded before import = 0
Number of asset objects unloaded after import = 0
========================================================================
Received Import Request.
  Time since last request: 13.255587 seconds.
  path: Assets/Scripts/ScriptableObjectEditor.cs
  artifactKey: Guid(18bc5edd418187e4e968ed27d5817374) Importer(815301076,1909f56bfc062723c751e8b465ee728b)
Start importing Assets/Scripts/ScriptableObjectEditor.cs using Guid(18bc5edd418187e4e968ed27d5817374) Importer(815301076,1909f56bfc062723c751e8b465ee728b) [PhysX] Initialized MultithreadedTaskDispatcher with 12 workers.
 -> (artifact id: 'f47bea8c5298eee0742a8833a5a9a23b') in 0.001672 seconds
Number of updated asset objects reloaded before import = 0
Number of asset objects unloaded after import = 0
========================================================================
Received Prepare
Caller must complete domain reload
Begin MonoManager ReloadAssembly
- Loaded All Assemblies, in  1.276 seconds
Native extension for WindowsStandalone target not found
Mono: successfully reloaded assembly
Package Manager log level set to [2]
[Package Manager] Server::EnsureServerProcessIsRunning -- launch failed, reason: Unity was launched with the -noUpm command-line argument
[Package Manager] UpmClient::Send -- Unable to send message (not connected to UPM process).
[Package Manager] Cannot connect to Unity Package Manager local server
[Package Manager] Server::EnsureServerProcessIsRunning -- launch failed, reason: Unity was launched with the -noUpm command-line argument
[Package Manager] UpmClient::Send -- Unable to send message (not connected to UPM process).
[Package Manager] Cannot connect to Unity Package Manager local server
- Finished resetting the current domain, in  3.165 seconds
Domain Reload Profiling: 4434ms
	BeginReloadAssembly (352ms)
		ExecutionOrderSort (0ms)
		DisableScriptedObjects (18ms)
		BackupInstance (0ms)
		ReleaseScriptingObjects (0ms)
		CreateAndSetChildDomain (73ms)
	RebuildCommonClasses (90ms)
	RebuildNativeTypeToScriptingClass (30ms)
	initialDomainReloadingComplete (82ms)
	LoadAllAssembliesAndSetupDomain (715ms)
		LoadAssemblies (783ms)
		RebuildTransferFunctionScriptingTraits (0ms)
		AnalyzeDomain (133ms)
			TypeCache.Refresh (58ms)
				TypeCache.ScanAssembly (32ms)
			ScanForSourceGeneratedMonoScriptInfo (47ms)
			ResolveRequiredComponents (22ms)
	FinalizeReload (3166ms)
		ReleaseScriptCaches (0ms)
		RebuildScriptCaches (0ms)
		SetupLoadedEditorAssemblies (1354ms)
			LogAssemblyErrors (0ms)
			InitializePlatformSupportModulesInManaged (18ms)
			SetLoadedEditorAssemblies (8ms)
			RefreshPlugins (0ms)
			BeforeProcessingInitializeOnLoad (296ms)
			ProcessInitializeOnLoadAttributes (958ms)
			ProcessInitializeOnLoadMethodAttributes (58ms)
			AfterProcessingInitializeOnLoad (15ms)
			EditorAssembliesLoaded (1ms)
		ExecutionOrderSort2 (0ms)
		AwakeInstancesAfterBackupRestoration (17ms)
Refreshing native plugins compatible for Editor in 17.20 ms, found 4 plugins.
Preloading 0 native plugins for Editor in 0.00 ms.
Unloading 4789 Unused Serialized files (Serialized files now loaded: 0)
Unloading 16 unused Assets / (29.2 KB). Loaded Objects now: 5347.
Memory consumption went from 167.4 MB to 167.4 MB.
Total: 8.439700 ms (FindLiveObjects: 0.906400 ms CreateObjectMapping: 0.559800 ms MarkObjects: 6.872500 ms  DeleteObjects: 0.098900 ms)

Prepare: number of updated asset objects reloaded= 0
AssetImportParameters requested are different than current active one (requested -> active):
  custom:container-demuxer-ogg: 62fdf1f143b41e24485cea50d1cbac27 -> 
  custom:scripting/monoscript/fileName/XRDeviceSimulatorControllerUI.cs: 1fdda016482e80c4f698bd161ca6a92f -> 
  custom:scripting/monoscript/fileName/XRDeviceSimulatorUI.cs: 0ec50ce90bac5e819d9ddb292ac27c71 -> 
  custom:scripting/precompiled-assembly-types:Unity.XR.Management.Editor: 220852eb385ea4cc2eb66eb943d70995 -> 
  custom:scripting/monoscript/fileName/XRPluginManagementProjectValidation.cs: 12841b9f0a8da6fb46dd05260375325e -> 
  custom:video-decoder-ogg-theora: a1e56fd34408186e4bbccfd4996cb3dc -> 
  custom:scripting/monoscript/fileName/XRGeneralSettingsPerBuildTarget.cs: 6970e5bff368910038049eb1434facbf -> 
  custom:scripting/monoscript/fileName/XRLoaderInfo.cs: 86fa513bfc04d58509db292069910bf2 -> 
  custom:framework-win-MediaFoundation: 216162199b28c13a410421893ffa2e32 -> 
  custom:scripting/monoscript/fileName/XRSettingsManager.cs: 701988ef3c16e84d3bc781477493ab34 -> 
  custom:scripting/monoscript/fileName/IXRLoaderPreInit.cs: 4dbca4fbe4a89e2a18943694f414e3a9 -> 
  custom:scripting/monoscript/fileName/XRGeneralBuildProcessor.cs: d52e14652f14fd6e56a66a859653fea9 -> 
  custom:scripting/monoscript/fileName/XRGeneralSettings.cs: 01e68fef49e5cbf622bb7b4ffc622d89 -> 
  custom:scripting/monoscript/fileName/XRManagerEditor.cs: 6847a9ea85cd2d801d895b625e9590ff -> 
  custom:scripting/monoscript/fileName/XRBuildProcessorHelper.cs: 90647cc400823b41df847a6cbfc29026 -> 
  custom:scripting/monoscript/fileName/TypeLoaderExtensions.cs: ee5d3b5e5d81c98c5d3594e8b9153df0 -> 
  custom:CustomObjectIndexerAttribute: 9a22284fe3817be447336de3de66b15e -> 
  custom:scripting/monoscript/fileName/XRConfigurationProvider.cs: fa91ddd62be7b4c45bfd03890af30249 -> 
  custom:scripting/monoscript/fileName/ManifestElement.cs: c30b57498d373b7476c4d7dfdaee189c -> 
  custom:scripting/monoscript/fileName/XREditorWorkQueue.cs: 8e928039a032f154dc8a86537aaac69a -> 
  custom:scripting/precompiled-assembly-types:Unity.XR.Management: f5b1b59a8f17cb331d61fd7665721dab -> 
  custom:scripting/monoscript/fileName/ManifestRequirement.cs: d0237042ed94ccc3267a409cde8490a6 -> 
  custom:container-demuxer-webm: 4f35f7cbe854078d1ac9338744f61a02 -> 
  custom:scripting/monoscript/fileName/PackageNotificationUtils.cs: e493f521fc1755dec19875ae28a4f621 -> 
  custom:scripting/monoscript/fileName/XRPackageMetadataStore.cs: e06e5e9ffca9529e9db63900dd9caf32 -> 
  custom:scripting/monoscript/fileName/XRLoaderInfoManager.cs: 28efaa63edac30b89ccc35ca2bf149fa -> 
  custom:scripting/monoscript/fileName/XRConfigurationData.cs: 2cf07b13d54bfee2898ed6dc38612fbb -> 
  custom:scripting/monoscript/fileName/XRManagerSettings.cs: 39a1227fa3c478af29a735ec246b6baf -> 
  custom:scripting/monoscript/fileName/XRCustomLoaderUIManager.cs: 4be5a8f671a1d808dd1496961b79b86b -> 
  custom:container-muxer-webm: aa71ff27fc2769a1b78a27578f13a17b -> 
  custom:video-decoder-webm-vp8: 9c59270c3fd7afecdb556c50c9e8de78 -> 
  custom:SearchIndexIgnoredProperties: e643bd26f0fe6173181afceb89e7c659 -> 
  custom:scripting/monoscript/fileName/XRGeneralSettingsUpgrade.cs: cc8d2e81204b3fd0e662cd38ef4a2d49 -> 
  custom:AudioImporter_EditorPlatform: d09bf68614088b80899f8185d706f6e7 -> 
  custom:scripting/monoscript/fileName/XRDeviceSimulatorHandsUI.cs: bca3963bba47bbf101fe9d7e7dd07836 -> 
  custom:scripting/monoscript/fileName/XRCustomLoaderUI.cs: a1b6225426bb5004db8b9d7388fe5771 -> 
  custom:scripting/monoscript/fileName/XRLoaderHelper.cs: ae85c4c4a11fcc1ed3393963333e400c -> 
  custom:scripting/monoscript/fileName/XRLoader.cs: d82cec0b87bab7dffe74fb3651887ce3 -> 
  custom:scripting/monoscript/fileName/XRSupportedBuildTargetAttribute.cs: f87a91ba911f6030453bea8d921b45d2 -> 
  custom:scripting/monoscript/fileName/AndroidManifestProcessor.cs: d8dd4961c18e43fcd707eb950405363a -> 
  custom:scripting/monoscript/fileName/BuildHelpers.cs: 52ee9552b5cbbfe4eb60d480e36ffff5 -> 
  custom:scripting/monoscript/fileName/XRLoaderOrderUI.cs: 7bb0491ac9109774b097f2da80cd0c03 -> 
  custom:scripting/monoscript/fileName/AndroidManifestBuildEventReceiver.cs: 641c0bff5eb90d0569a809ea302132ee -> 
  custom:video-encoder-webm-vp8: eb34c28f22e8b96e1ab97ce403110664 -> 
  custom:audio-decoder-ogg-vorbis: bf7c407c2cedff20999df2af8eb42d56 -> 
  custom:scripting/monoscript/fileName/IAndroidManifestRequirementProvider.cs: 42bf6f4b06629c812bd73f8ff461fec4 -> 
  custom:scripting/monoscript/fileName/EditorUtilities.cs: 219d482e32bf0c01357e773617418955 -> 
  custom:scripting/monoscript/fileName/XRPackageInitialization.cs: 1f095dd277a284b59543541a608de1da -> 
  custom:scripting/monoscript/fileName/KnownPackages.cs: 8647f39ea28525d7cb72646ed790f6ec -> 
  custom:scripting/precompiled-assembly-types:Unity.XR.Interaction.Toolkit.Samples.DeviceSimulator: b1a8126a568547b099f25fc1d4f742a8 -> 
  custom:scripting/monoscript/fileName/XRConstants.cs: 1558884a4b0ea94b4910dd640a0e6741 -> 
  custom:scripting/monoscript/fileName/XRManagementAnalytics.cs: 546181baf4c03dbbd57015a6731508f8 -> 
  custom:scripting/monoscript/fileName/XRPackage.cs: f2edbbf87f9b798abaf2a9f285d155f5 -> 
  custom:audio-encoder-webm-vorbis: bf7c407c2cedff20999df2af8eb42d56 -> 
  custom:scripting/monoscript/fileName/AndroidManifestDocument.cs: 4c38ca7417a5355dfe2fd0b706ad71e8 -> 
  custom:scripting/monoscript/fileName/XRPackageInitializationSettings.cs: 2f743437d3b09c9a4a5a33e9be971b1a -> 
  custom:scripting/monoscript/fileName/XRPackageMetadata.cs: 16731333f575d8bc31df496aced36ebf -> 
========================================================================
Received Import Request.
  Time since last request: 188.275283 seconds.
  path: Assets/TextMesh Pro/Examples & Extras/Prefabs/Text Popup.prefab
  artifactKey: Guid(b06f0e6c1dfa4356ac918da1bb32c603) Importer(815301076,1909f56bfc062723c751e8b465ee728b)
Start importing Assets/TextMesh Pro/Examples & Extras/Prefabs/Text Popup.prefab using Guid(b06f0e6c1dfa4356ac918da1bb32c603) Importer(815301076,1909f56bfc062723c751e8b465ee728b) [PhysX] Initialized MultithreadedTaskDispatcher with 12 workers.
 -> (artifact id: '3845b0a809b7c047d950d5df4df730c6') in 0.221580 seconds
Number of updated asset objects reloaded before import = 0
Number of asset objects unloaded after import = 21
========================================================================
Received Import Request.
  Time since last request: 0.000052 seconds.
  path: Assets/TextMesh Pro/Examples & Extras/Prefabs/TextMeshPro - Prefab 2.prefab
  artifactKey: Guid(fdad9d952ae84cafb74c63f2e694d042) Importer(815301076,1909f56bfc062723c751e8b465ee728b)
Start importing Assets/TextMesh Pro/Examples & Extras/Prefabs/TextMeshPro - Prefab 2.prefab using Guid(fdad9d952ae84cafb74c63f2e694d042) Importer(815301076,1909f56bfc062723c751e8b465ee728b) [PhysX] Initialized MultithreadedTaskDispatcher with 12 workers.
 -> (artifact id: '9ceac4dcc5e491aaa0bbbd9d086dd3bb') in 0.066453 seconds
Number of updated asset objects reloaded before import = 0
Number of asset objects unloaded after import = 16
========================================================================
Received Import Request.
  Time since last request: 0.000062 seconds.
  path: Assets/Samples/XR Interaction Toolkit/2.6.5/XR Device Simulator/XR Device Simulator.prefab
  artifactKey: Guid(18ddb545287c546e19cc77dc9fbb2189) Importer(815301076,1909f56bfc062723c751e8b465ee728b)
Start importing Assets/Samples/XR Interaction Toolkit/2.6.5/XR Device Simulator/XR Device Simulator.prefab using Guid(18ddb545287c546e19cc77dc9fbb2189) Importer(815301076,1909f56bfc062723c751e8b465ee728b) [PhysX] Initialized MultithreadedTaskDispatcher with 12 workers.
 -> (artifact id: '6e84e70debb226de7ad83d2a09adb8b4') in 0.111456 seconds
Number of updated asset objects reloaded before import = 0
Number of asset objects unloaded after import = 823
========================================================================
Received Prepare
Caller must complete domain reload
Begin MonoManager ReloadAssembly
- Loaded All Assemblies, in  1.414 seconds
Native extension for WindowsStandalone target not found
Mono: successfully reloaded assembly
[Package Manager] Server::EnsureServerProcessIsRunning -- launch failed, reason: Unity was launched with the -noUpm command-line argument
[Package Manager] UpmClient::Send -- Unable to send message (not connected to UPM process).
[Package Manager] Cannot connect to Unity Package Manager local server
- Finished resetting the current domain, in  3.920 seconds
Domain Reload Profiling: 5325ms
	BeginReloadAssembly (431ms)
		ExecutionOrderSort (0ms)
		DisableScriptedObjects (16ms)
		BackupInstance (0ms)
		ReleaseScriptingObjects (0ms)
		CreateAndSetChildDomain (97ms)
	RebuildCommonClasses (110ms)
	RebuildNativeTypeToScriptingClass (32ms)
	initialDomainReloadingComplete (89ms)
	LoadAllAssembliesAndSetupDomain (740ms)
		LoadAssemblies (853ms)
		RebuildTransferFunctionScriptingTraits (0ms)
		AnalyzeDomain (132ms)
			TypeCache.Refresh (53ms)
				TypeCache.ScanAssembly (33ms)
			ScanForSourceGeneratedMonoScriptInfo (49ms)
			ResolveRequiredComponents (23ms)
	FinalizeReload (3921ms)
		ReleaseScriptCaches (0ms)
		RebuildScriptCaches (0ms)
		SetupLoadedEditorAssemblies (1553ms)
			LogAssemblyErrors (0ms)
			InitializePlatformSupportModulesInManaged (20ms)
			SetLoadedEditorAssemblies (10ms)
			RefreshPlugins (0ms)
			BeforeProcessingInitializeOnLoad (221ms)
			ProcessInitializeOnLoadAttributes (1124ms)
			ProcessInitializeOnLoadMethodAttributes (159ms)
			AfterProcessingInitializeOnLoad (18ms)
			EditorAssembliesLoaded (0ms)
		ExecutionOrderSort2 (0ms)
		AwakeInstancesAfterBackupRestoration (23ms)
Refreshing native plugins compatible for Editor in 50.92 ms, found 10 plugins.
Preloading 0 native plugins for Editor in 0.00 ms.
Unloading 4968 Unused Serialized files (Serialized files now loaded: 0)
Unloading 70 unused Assets / (58.6 KB). Loaded Objects now: 5480.
Memory consumption went from 171.9 MB to 171.9 MB.
Total: 10.438600 ms (FindLiveObjects: 1.190900 ms CreateObjectMapping: 0.867600 ms MarkObjects: 8.175200 ms  DeleteObjects: 0.202600 ms)

Prepare: number of updated asset objects reloaded= 0
AssetImportParameters requested are different than current active one (requested -> active):
  custom:scripting/monoscript/fileName/DPadInteraction.cs: 93f85c8ba74c4199c8fc9b6e8c6fb8a6 -> 
  custom:scripting/monoscript/fileName/OpenXRFeatureSettingsEditor.cs: 46f7bc9b6667349416d592c92274a2cd -> 
  custom:container-demuxer-ogg: 62fdf1f143b41e24485cea50d1cbac27 -> 
  custom:scripting/monoscript/fileName/UWPCoreWindowBuildHooks.cs: 528ee0545204f8083d130ec04efc78bc -> 
  custom:scripting/monoscript/fileName/OpenXRLoaderBase.cs: 0b6a60b837fc38165e3eaf7aaf2bf3e3 -> 
  custom:scripting/monoscript/fileName/MetaQuestFeatureEditor.cs: fff340053bb2e94334d0d5989f2eb349 -> 
  custom:scripting/monoscript/fileName/XRDeviceSimulatorControllerUI.cs: 1fdda016482e80c4f698bd161ca6a92f -> 
  custom:scripting/monoscript/fileName/XRDeviceSimulatorUI.cs: 0ec50ce90bac5e819d9ddb292ac27c71 -> 
  custom:scripting/precompiled-assembly-types:Unity.XR.Management.Editor: 220852eb385ea4cc2eb66eb943d70995 -> 
  custom:scripting/monoscript/fileName/PalmPoseInteraction.cs: 6bd25b6029acb9127f25748cb0b6d2a8 -> 
  custom:scripting/precompiled-assembly-types:Unity.XR.OpenXR.Editor: b2a8f17f09055950b7f19e2845cbc5c2 -> 
  custom:scripting/monoscript/fileName/MetaQuestTouchPlusControllerProfile.cs: 4b9439e11567c27c85546e11bafeabe7 -> 
  custom:scripting/monoscript/fileName/XRPluginManagementProjectValidation.cs: 12841b9f0a8da6fb46dd05260375325e -> 
  custom:scripting/monoscript/fileName/OpenXRRuntime.cs: c3a00f9ce6a0283dcb391b83637adf44 -> 
  custom:video-decoder-ogg-theora: a1e56fd34408186e4bbccfd4996cb3dc -> 
  custom:scripting/monoscript/fileName/XRGeneralSettingsPerBuildTarget.cs: 6970e5bff368910038049eb1434facbf -> 
  custom:scripting/monoscript/fileName/MetaQuestTouchProControllerProfile.cs: 9fffae235d4c14901711127c7daeb86c -> 
  custom:scripting/monoscript/fileName/OpenXRConstants.cs: f878d042bd3999b796b9387b0c8a1032 -> 
  custom:scripting/monoscript/fileName/OpenXRFeatureUICommon.cs: 45f7a59cd9c5cd84e28e0f7a429879c2 -> 
  custom:scripting/precompiled-assembly-types:Unity.XR.OpenXR.Features.OculusQuestSupport.Editor: c62b8d05b94c435029ef9fc43d7261ca -> 
  custom:scripting/monoscript/fileName/XRLoaderInfo.cs: 86fa513bfc04d58509db292069910bf2 -> 
  custom:framework-win-MediaFoundation: 216162199b28c13a410421893ffa2e32 -> 
  custom:scripting/monoscript/fileName/OpenXRLoaderUI.cs: ebd8d704d5e26f054d43886c272cd005 -> 
  custom:scripting/monoscript/fileName/WaitForRestartFinish.cs: 0e76bf389cf347a5d8d6432ec661895f -> 
  custom:scripting/monoscript/fileName/OpenXRFeatureSettings.cs: 90647cc400823b41df847a6cbfc29026 -> 
  custom:scripting/monoscript/fileName/OpenXRBuildProcessor.cs: 48dc0e114f75799c0d74bafe70808189 -> 
  custom:scripting/monoscript/fileName/KHRSimpleControllerProfile.cs: bcdcb81587b2075f7af2f75706b9e69a -> 
  custom:scripting/monoscript/fileName/OpenXRFeatureInternal.cs: 90647cc400823b41df847a6cbfc29026 -> 
  custom:scripting/monoscript/fileName/OpenXRSpaceSettings.cs: 90647cc400823b41df847a6cbfc29026 -> 
  custom:scripting/monoscript/fileName/DPadInteractionCustomEditor.cs: d93785eeae2b4d41d39f603bd6f9849d -> 
  custom:scripting/precompiled-assembly-types:Unity.XR.OpenXR.Features.RuntimeDebugger.Editor: e1cc4b3ad1ade1a1503c3d79a1cfcaf0 -> 
  custom:scripting/monoscript/fileName/XRSettingsManager.cs: 701988ef3c16e84d3bc781477493ab34 -> 
  custom:scripting/monoscript/fileName/ConformanceAutomationFeature.cs: 97112e825fad9ed87f6a9c7acc231c0b -> 
  custom:scripting/monoscript/fileName/IXRLoaderPreInit.cs: 4dbca4fbe4a89e2a18943694f414e3a9 -> 
  custom:scripting/monoscript/fileName/XRGeneralBuildProcessor.cs: d52e14652f14fd6e56a66a859653fea9 -> 
  custom:scripting/monoscript/fileName/XRGeneralSettings.cs: 01e68fef49e5cbf622bb7b4ffc622d89 -> 
  custom:scripting/monoscript/fileName/XRManagerEditor.cs: 6847a9ea85cd2d801d895b625e9590ff -> 
  custom:scripting/monoscript/fileName/FeatureHelpers.cs: 0e8d07707daeed1da30b1605e903226b -> 
  custom:scripting/monoscript/fileName/DebuggerState.cs: 41070b7a08cc178a9ea51324cdaf5b81 -> 
  custom:scripting/monoscript/fileName/XRBuildProcessorHelper.cs: 90647cc400823b41df847a6cbfc29026 -> 
  custom:scripting/monoscript/fileName/TypeLoaderExtensions.cs: ee5d3b5e5d81c98c5d3594e8b9153df0 -> 
  custom:scripting/precompiled-assembly-types:Unity.XR.OpenXR.Features.OculusQuestSupport: d15f77eecb71f285045ab68c6a5ab3aa -> 
  custom:CustomObjectIndexerAttribute: 9a22284fe3817be447336de3de66b15e -> 
  custom:scripting/monoscript/fileName/OpenXRHmd.cs: 1624687aa096b40d58d149d9c6304cca -> 
  custom:scripting/precompiled-assembly-types:Unity.XR.OpenXR.Features.MetaQuestSupport.Editor: d29ebede884d38e464c8dad49331ddbf -> 
  custom:scripting/monoscript/fileName/XRConfigurationProvider.cs: fa91ddd62be7b4c45bfd03890af30249 -> 
  custom:scripting/monoscript/fileName/ManifestElement.cs: c30b57498d373b7476c4d7dfdaee189c -> 
  custom:scripting/monoscript/fileName/OpenXRMangementSettings.cs: 5a013b6c45b1e1d06085cb1496493b86 -> 
  custom:scripting/monoscript/fileName/XREditorWorkQueue.cs: 8e928039a032f154dc8a86537aaac69a -> 
  custom:scripting/monoscript/fileName/OculusTouchControllerProfile.cs: 03df51b5c781d1980f509408bae72bc8 -> 
  custom:scripting/precompiled-assembly-types:Unity.XR.Management: f5b1b59a8f17cb331d61fd7665721dab -> 
  custom:scripting/monoscript/fileName/ManifestRequirement.cs: d0237042ed94ccc3267a409cde8490a6 -> 
  custom:scripting/monoscript/fileName/OpenXRNativeTypes.cs: 11be60823314f621c1b0bb94bf4fe744 -> 
  custom:container-demuxer-webm: 4f35f7cbe854078d1ac9338744f61a02 -> 
  custom:scripting/monoscript/fileName/KnownFeatureSets.cs: 2cf391597f07a52473981e9cc2b41b67 -> 
  custom:scripting/precompiled-assembly-types:Unity.XR.OpenXR.Features.MockRuntime: e75d918d8106c27865ca5517b4bdd194 -> 
  custom:scripting/monoscript/fileName/PackageNotificationUtils.cs: e493f521fc1755dec19875ae28a4f621 -> 
  custom:scripting/monoscript/fileName/OpenXRProjectValidationRulesSetup.cs: 63c520149123eced22b6028c5ebd9d08 -> 
  custom:scripting/monoscript/fileName/XRPackageMetadataStore.cs: e06e5e9ffca9529e9db63900dd9caf32 -> 
  custom:scripting/monoscript/fileName/XRLoaderInfoManager.cs: 28efaa63edac30b89ccc35ca2bf149fa -> 
  custom:scripting/monoscript/fileName/XRConfigurationData.cs: 2cf07b13d54bfee2898ed6dc38612fbb -> 
  custom:scripting/monoscript/fileName/MicrosoftHandInteraction.cs: dac920740153b0163dda0f7e56920e40 -> 
  custom:scripting/monoscript/fileName/RuntimeDebuggerWindow.cs: 0bc1d5ee7ce2553d42d62861471f3c44 -> 
  custom:scripting/monoscript/fileName/PackageSettingsEditor.cs: 6212fddebb8f67c4da0f50592230839b -> 
  custom:scripting/monoscript/fileName/OpenXRFeature.cs: a84888103ea4406f238a41c42d12d002 -> 
  custom:scripting/monoscript/fileName/XRManagerSettings.cs: 39a1227fa3c478af29a735ec246b6baf -> 
  custom:scripting/monoscript/fileName/XRCustomLoaderUIManager.cs: 4be5a8f671a1d808dd1496961b79b86b -> 
  custom:container-muxer-webm: aa71ff27fc2769a1b78a27578f13a17b -> 
  custom:scripting/precompiled-assembly-types:Unity.XR.OpenXR: 6b540efea7d7bcf04b31853b4d2f54c0 -> 
  custom:scripting/monoscript/fileName/OpenXRLoader.cs: 2a03893d4aa4b960c2f49090b4b03a7b -> 
  custom:scripting/monoscript/fileName/ValveIndexControllerProfile.cs: f923b1771c835a70375d3505e818878d -> 
  custom:scripting/monoscript/fileName/OculusQuestFeatureEditor.cs: af70b82209b4cf6ce20a2da2892dfc5f -> 
  custom:video-decoder-webm-vp8: 9c59270c3fd7afecdb556c50c9e8de78 -> 
  custom:scripting/monoscript/fileName/OpenXRChooseRuntimeLibraries.cs: 3923c2f1337a35d737ad0192eb46b432 -> 
  custom:scripting/monoscript/fileName/OculusQuestFeature.cs: 041c3418dd65b8e99ca410c708996814 -> 
  custom:scripting/monoscript/fileName/OpenXRFeatureSetManager.cs: 4f340a53d115a7e1888d00ddc4cd614b -> 
  custom:scripting/monoscript/fileName/OpenXRColorSubmissonModeList.cs: 62c3c48199b3c893ece86757b75b0604 -> 
  custom:scripting/monoscript/fileName/OpenXRUtility.cs: af9b8bca68ffa2bc69f78ec0da9cf1fd -> 
  custom:SearchIndexIgnoredProperties: e643bd26f0fe6173181afceb89e7c659 -> 
  custom:scripting/monoscript/fileName/XRGeneralSettingsUpgrade.cs: cc8d2e81204b3fd0e662cd38ef4a2d49 -> 
  custom:AudioImporter_EditorPlatform: d09bf68614088b80899f8185d706f6e7 -> 
  custom:scripting/monoscript/fileName/MockRuntime.cs: 8e970d93da4762c7d57e9c9dd2b36dbb -> 
  custom:scripting/monoscript/fileName/OpenXRDevice.cs: 1b3be9b024fb29351711164fb0577202 -> 
  custom:scripting/monoscript/fileName/OpenXRUnityAPI.cs: 95d0f03221767acb8a4a43279af12154 -> 
  custom:scripting/monoscript/fileName/HTCViveControllerProfile.cs: 575b921c71649e99576a05f0add9cf5d -> 
  custom:scripting/monoscript/fileName/XRDeviceSimulatorHandsUI.cs: bca3963bba47bbf101fe9d7e7dd07836 -> 
  custom:scripting/monoscript/fileName/XRCustomLoaderUI.cs: a1b6225426bb5004db8b9d7388fe5771 -> 
  custom:scripting/monoscript/fileName/BootConfigBuilder.cs: a174d8870c7a69fabc7d42a75b0f23aa -> 
  custom:scripting/precompiled-assembly-types:Unity.XR.OpenXR.Features.RuntimeDebugger: 81fc02b8029ab9c0bce4eaa33a13e7d8 -> 
  custom:scripting/monoscript/fileName/OpenXRRenderSettings.cs: 90647cc400823b41df847a6cbfc29026 -> 
  custom:scripting/monoscript/fileName/EyeGazeInteraction.cs: dc1f12620c8656649cfc16f13969f5fa -> 
  custom:scripting/monoscript/fileName/OpenXRAnalytics.cs: 67d5de80ae8e3ee46bb1b4907783d54c -> 
  custom:scripting/monoscript/fileName/XRLoaderHelper.cs: ae85c4c4a11fcc1ed3393963333e400c -> 
  custom:scripting/monoscript/fileName/MicrosoftMotionControllerProfile.cs: 6dcaa2067404bed7771687f2f9dfa057 -> 
  custom:scripting/monoscript/fileName/XRLoader.cs: d82cec0b87bab7dffe74fb3651887ce3 -> 
  custom:scripting/monoscript/fileName/OpenXRRestarter.cs: c236f3f43c026f409512d203b81e6184 -> 
  custom:scripting/monoscript/fileName/OpenXRFeatureAttribute.cs: 99305d666df750d87e7264e3c7ae4f2a -> 
  custom:scripting/monoscript/fileName/XRSupportedBuildTargetAttribute.cs: f87a91ba911f6030453bea8d921b45d2 -> 
  custom:scripting/monoscript/fileName/OpenXRLoaderNoPreInit.cs: 8f7a064e1e0bb6e17b9f5d171fe53dfc -> 
  custom:scripting/monoscript/fileName/AndroidManifestProcessor.cs: d8dd4961c18e43fcd707eb950405363a -> 
  custom:scripting/precompiled-assembly-types:Unity.XR.OpenXR.Features.ConformanceAutomation: daaea684d78afe5278ff971b66e0fbf9 -> 
  custom:scripting/monoscript/fileName/HandCommonPosesInteraction.cs: c984aa78f460c3bf39ec56bc9a0a414a -> 
  custom:scripting/monoscript/fileName/OpenXRDiagnosticReport.cs: f43e8307d90025ed39c346ed63d1208d -> 
  custom:scripting/monoscript/fileName/RuntimeDebuggerOpenXRFeatureEditor.cs: 26a9be57964b520d3a47d8c20db877e9 -> 
  custom:scripting/monoscript/fileName/PoseControl.cs: 4ff0d325328ef40fb1693e34ac3358bf -> 26044499bf9bfd77ab38d92d33de1d80
  custom:scripting/monoscript/fileName/OpenXRFeatureBuildHooks.cs: da31756dd3c74e69bcd7ed1a1983ed53 -> 
  custom:scripting/monoscript/fileName/BuildHelpers.cs: 52ee9552b5cbbfe4eb60d480e36ffff5 -> 
  custom:scripting/monoscript/fileName/HPReverbG2ControllerProfile.cs: 6aadb5e22feaccfa77ef6db6c4d4541c -> 
  custom:scripting/monoscript/fileName/XRLoaderOrderUI.cs: 7bb0491ac9109774b097f2da80cd0c03 -> 
  custom:scripting/monoscript/fileName/AndroidManifestBuildEventReceiver.cs: 641c0bff5eb90d0569a809ea302132ee -> 
  custom:video-encoder-webm-vp8: eb34c28f22e8b96e1ab97ce403110664 -> 
  custom:scripting/monoscript/fileName/BootConfig.cs: b2c4d54615a39b14509e601dd0f329ff -> 
  custom:audio-decoder-ogg-vorbis: bf7c407c2cedff20999df2af8eb42d56 -> 
  custom:scripting/precompiled-assembly-types:Unity.XR.OpenXR.Features.MetaQuestSupport: d273bae1c8d7007d6b0fe4b360a89ef1 -> 
  custom:scripting/monoscript/fileName/IAndroidManifestRequirementProvider.cs: 42bf6f4b06629c812bd73f8ff461fec4 -> 
  custom:scripting/monoscript/fileName/XrPerformanceSettingsFeature.cs: d323744d9bc61085862cbc785e1f985c -> 
  custom:scripting/monoscript/fileName/OpenXRPackageSettings.cs: 4f4aaba453bf105fb1c3c3d64247142d -> 
  custom:scripting/monoscript/fileName/ModifyAndroidManifestMeta.cs: 3b920058e4dd8cbdb95cce4af271f981 -> 
  custom:scripting/monoscript/fileName/EditorUtilities.cs: 219d482e32bf0c01357e773617418955 -> 
  custom:scripting/monoscript/fileName/OpenXRFeatureSetAttribute.cs: 9e20f05fe0a3688af8836175869f0bb7 -> 
  custom:scripting/monoscript/fileName/XRPackageInitialization.cs: 1f095dd277a284b59543541a608de1da -> 
  custom:scripting/monoscript/fileName/FoveatedRenderingFeature.cs: 3cd591174f2fee5d1b0d6a1875383a9b -> 
  custom:scripting/monoscript/fileName/KnownPackages.cs: 8647f39ea28525d7cb72646ed790f6ec -> 
  custom:scripting/monoscript/fileName/HapticControl.cs: d7a5389cafde2a1337c58e2f0d91a837 -> 
  custom:scripting/monoscript/fileName/MetaQuestFeature.cs: b9c317336250afc5bb5fa2c2df269ea6 -> 
  custom:scripting/precompiled-assembly-types:Unity.XR.Interaction.Toolkit.Samples.DeviceSimulator: b1a8126a568547b099f25fc1d4f742a8 -> 
  custom:scripting/monoscript/fileName/XrPerformanceSettingsTypes.cs: 5bc9c5b4646eff91646254ce341c6683 -> 
  custom:scripting/monoscript/fileName/OpenXRRuntimeSelector.cs: 929d3ce28c815a19c6c335174420bf6b -> 
  custom:scripting/monoscript/fileName/OpenXRFeatureEditor.cs: 01dd3fecc4e9c7ce9fb6af5d0948ba2a -> 
  custom:scripting/monoscript/fileName/XRConstants.cs: 1558884a4b0ea94b4910dd640a0e6741 -> 
  custom:scripting/monoscript/fileName/BuildHelperUtils.cs: 619773c3d1b7f3f0ca7461f5c27242a8 -> 
  custom:scripting/monoscript/fileName/HandInteractionProfile.cs: 9c7649bd495ee99cc73ddacbe0a8cd95 -> 
  custom:scripting/monoscript/fileName/XRManagementAnalytics.cs: 546181baf4c03dbbd57015a6731508f8 -> 
  custom:scripting/monoscript/fileName/ModifyAndroidManifestOculus.cs: 1d09740e7edd66fffc5895aae9e385d3 -> 
  custom:scripting/monoscript/fileName/XRPackage.cs: f2edbbf87f9b798abaf2a9f285d155f5 -> 
  custom:audio-encoder-webm-vorbis: bf7c407c2cedff20999df2af8eb42d56 -> 
  custom:scripting/monoscript/fileName/RuntimeDebuggerOpenXRFeature.cs: 8b269b64ad1c99e85d7f28185c15f7bb -> 
  custom:scripting/monoscript/fileName/MetaQuestFeatureBuildHooks.cs: 2ac755c66ffd4e4b7c22530386a7ba47 -> 
  custom:scripting/monoscript/fileName/AndroidManifestDocument.cs: 4c38ca7417a5355dfe2fd0b706ad71e8 -> 
  custom:scripting/monoscript/fileName/XRPackageInitializationSettings.cs: 2f743437d3b09c9a4a5a33e9be971b1a -> 
  custom:scripting/monoscript/fileName/XRPackageMetadata.cs: 16731333f575d8bc31df496aced36ebf -> 
  custom:scripting/monoscript/fileName/OpenXRInput.cs: b351db87f98ee399e568b78e0ed353e3 -> 
  custom:scripting/monoscript/fileName/OpenXRInteractionFeature.cs: a60484418ad6b497996467bb6f98db73 -> 
  custom:scripting/monoscript/fileName/OpenXRSettings.cs: f8ff4c7422697fc56884f260233aaf86 -> 
  custom:scripting/monoscript/fileName/OpenXREditorSettings.cs: 321e3a8126bc4b0248cbcecf63892f31 -> 
  custom:scripting/monoscript/fileName/OpenXRProjectValidation.cs: 181508e149a91a64c6dfdc447b97c322 -> 
========================================================================
Received Prepare
Caller must complete domain reload
Begin MonoManager ReloadAssembly
- Loaded All Assemblies, in  1.596 seconds
Native extension for WindowsStandalone target not found
Mono: successfully reloaded assembly
[Package Manager] Server::EnsureServerProcessIsRunning -- launch failed, reason: Unity was launched with the -noUpm command-line argument
[Package Manager] UpmClient::Send -- Unable to send message (not connected to UPM process).
[Package Manager] Cannot connect to Unity Package Manager local server
- Finished resetting the current domain, in  3.378 seconds
Domain Reload Profiling: 4964ms
	BeginReloadAssembly (383ms)
		ExecutionOrderSort (0ms)
		DisableScriptedObjects (14ms)
		BackupInstance (0ms)
		ReleaseScriptingObjects (0ms)
		CreateAndSetChildDomain (90ms)
	RebuildCommonClasses (97ms)
	RebuildNativeTypeToScriptingClass (34ms)
	initialDomainReloadingComplete (71ms)
	LoadAllAssembliesAndSetupDomain (998ms)
		LoadAssemblies (783ms)
		RebuildTransferFunctionScriptingTraits (0ms)
		AnalyzeDomain (422ms)
			TypeCache.Refresh (321ms)
				TypeCache.ScanAssembly (286ms)
			ScanForSourceGeneratedMonoScriptInfo (70ms)
			ResolveRequiredComponents (27ms)
	FinalizeReload (3379ms)
		ReleaseScriptCaches (0ms)
		RebuildScriptCaches (0ms)
		SetupLoadedEditorAssemblies (1370ms)
			LogAssemblyErrors (0ms)
			InitializePlatformSupportModulesInManaged (16ms)
			SetLoadedEditorAssemblies (7ms)
			RefreshPlugins (0ms)
			BeforeProcessingInitializeOnLoad (206ms)
			ProcessInitializeOnLoadAttributes (949ms)
			ProcessInitializeOnLoadMethodAttributes (171ms)
			AfterProcessingInitializeOnLoad (21ms)
			EditorAssembliesLoaded (1ms)
		ExecutionOrderSort2 (0ms)
		AwakeInstancesAfterBackupRestoration (20ms)
Refreshing native plugins compatible for Editor in 37.70 ms, found 10 plugins.
Preloading 0 native plugins for Editor in 0.00 ms.
Unloading 4969 Unused Serialized files (Serialized files now loaded: 0)
Unloading 68 unused Assets / (57.1 KB). Loaded Objects now: 5487.
Memory consumption went from 172.1 MB to 172.0 MB.
Total: 8.338700 ms (FindLiveObjects: 0.682000 ms CreateObjectMapping: 0.357500 ms MarkObjects: 7.097800 ms  DeleteObjects: 0.199300 ms)

Prepare: number of updated asset objects reloaded= 0
AssetImportParameters requested are different than current active one (requested -> active):
  custom:scripting/monoscript/fileName/DPadInteraction.cs: 93f85c8ba74c4199c8fc9b6e8c6fb8a6 -> 
  custom:scripting/monoscript/fileName/OpenXRFeatureSettingsEditor.cs: 46f7bc9b6667349416d592c92274a2cd -> 
  custom:container-demuxer-ogg: 62fdf1f143b41e24485cea50d1cbac27 -> 
  custom:scripting/monoscript/fileName/UWPCoreWindowBuildHooks.cs: 528ee0545204f8083d130ec04efc78bc -> 
  custom:scripting/monoscript/fileName/OpenXRLoaderBase.cs: 0b6a60b837fc38165e3eaf7aaf2bf3e3 -> 
  custom:scripting/monoscript/fileName/MetaQuestFeatureEditor.cs: fff340053bb2e94334d0d5989f2eb349 -> 
  custom:scripting/monoscript/fileName/XRDeviceSimulatorControllerUI.cs: 1fdda016482e80c4f698bd161ca6a92f -> 
  custom:scripting/monoscript/fileName/XRDeviceSimulatorUI.cs: 0ec50ce90bac5e819d9ddb292ac27c71 -> 
  custom:scripting/precompiled-assembly-types:Unity.XR.Management.Editor: 220852eb385ea4cc2eb66eb943d70995 -> 
  custom:scripting/monoscript/fileName/PalmPoseInteraction.cs: 6bd25b6029acb9127f25748cb0b6d2a8 -> 
  custom:scripting/precompiled-assembly-types:Unity.XR.OpenXR.Editor: b2a8f17f09055950b7f19e2845cbc5c2 -> 
  custom:scripting/monoscript/fileName/MetaQuestTouchPlusControllerProfile.cs: 4b9439e11567c27c85546e11bafeabe7 -> 
  custom:scripting/monoscript/fileName/XRPluginManagementProjectValidation.cs: 12841b9f0a8da6fb46dd05260375325e -> 
  custom:scripting/monoscript/fileName/OpenXRRuntime.cs: c3a00f9ce6a0283dcb391b83637adf44 -> 
  custom:video-decoder-ogg-theora: a1e56fd34408186e4bbccfd4996cb3dc -> 
  custom:scripting/monoscript/fileName/XRGeneralSettingsPerBuildTarget.cs: 6970e5bff368910038049eb1434facbf -> 
  custom:scripting/monoscript/fileName/MetaQuestTouchProControllerProfile.cs: 9fffae235d4c14901711127c7daeb86c -> 
  custom:scripting/monoscript/fileName/OpenXRConstants.cs: f878d042bd3999b796b9387b0c8a1032 -> 
  custom:scripting/monoscript/fileName/OpenXRFeatureUICommon.cs: 45f7a59cd9c5cd84e28e0f7a429879c2 -> 
  custom:scripting/precompiled-assembly-types:Unity.XR.OpenXR.Features.OculusQuestSupport.Editor: c62b8d05b94c435029ef9fc43d7261ca -> 
  custom:scripting/monoscript/fileName/XRLoaderInfo.cs: 86fa513bfc04d58509db292069910bf2 -> 
  custom:framework-win-MediaFoundation: 216162199b28c13a410421893ffa2e32 -> 
  custom:scripting/monoscript/fileName/OpenXRLoaderUI.cs: ebd8d704d5e26f054d43886c272cd005 -> 
  custom:scripting/monoscript/fileName/WaitForRestartFinish.cs: 0e76bf389cf347a5d8d6432ec661895f -> 
  custom:scripting/monoscript/fileName/OpenXRFeatureSettings.cs: 90647cc400823b41df847a6cbfc29026 -> 
  custom:scripting/monoscript/fileName/OpenXRBuildProcessor.cs: 48dc0e114f75799c0d74bafe70808189 -> 
  custom:scripting/monoscript/fileName/KHRSimpleControllerProfile.cs: bcdcb81587b2075f7af2f75706b9e69a -> 
  custom:scripting/monoscript/fileName/OpenXRFeatureInternal.cs: 90647cc400823b41df847a6cbfc29026 -> 
  custom:scripting/monoscript/fileName/OpenXRSpaceSettings.cs: 90647cc400823b41df847a6cbfc29026 -> 
  custom:scripting/monoscript/fileName/DPadInteractionCustomEditor.cs: d93785eeae2b4d41d39f603bd6f9849d -> 
  custom:scripting/precompiled-assembly-types:Unity.XR.OpenXR.Features.RuntimeDebugger.Editor: e1cc4b3ad1ade1a1503c3d79a1cfcaf0 -> 
  custom:scripting/monoscript/fileName/XRSettingsManager.cs: 701988ef3c16e84d3bc781477493ab34 -> 
  custom:scripting/monoscript/fileName/ConformanceAutomationFeature.cs: 97112e825fad9ed87f6a9c7acc231c0b -> 
  custom:scripting/monoscript/fileName/IXRLoaderPreInit.cs: 4dbca4fbe4a89e2a18943694f414e3a9 -> 
  custom:scripting/monoscript/fileName/XRGeneralBuildProcessor.cs: d52e14652f14fd6e56a66a859653fea9 -> 
  custom:scripting/monoscript/fileName/XRGeneralSettings.cs: 01e68fef49e5cbf622bb7b4ffc622d89 -> 
  custom:scripting/monoscript/fileName/XRManagerEditor.cs: 6847a9ea85cd2d801d895b625e9590ff -> 
  custom:scripting/monoscript/fileName/FeatureHelpers.cs: 0e8d07707daeed1da30b1605e903226b -> 
  custom:scripting/monoscript/fileName/DebuggerState.cs: 41070b7a08cc178a9ea51324cdaf5b81 -> 
  custom:scripting/monoscript/fileName/XRBuildProcessorHelper.cs: 90647cc400823b41df847a6cbfc29026 -> 
  custom:scripting/monoscript/fileName/TypeLoaderExtensions.cs: ee5d3b5e5d81c98c5d3594e8b9153df0 -> 
  custom:scripting/precompiled-assembly-types:Unity.XR.OpenXR.Features.OculusQuestSupport: d15f77eecb71f285045ab68c6a5ab3aa -> 
  custom:CustomObjectIndexerAttribute: 9a22284fe3817be447336de3de66b15e -> 
  custom:scripting/monoscript/fileName/OpenXRHmd.cs: 1624687aa096b40d58d149d9c6304cca -> 
  custom:scripting/precompiled-assembly-types:Unity.XR.OpenXR.Features.MetaQuestSupport.Editor: d29ebede884d38e464c8dad49331ddbf -> 
  custom:scripting/monoscript/fileName/XRConfigurationProvider.cs: fa91ddd62be7b4c45bfd03890af30249 -> 
  custom:scripting/monoscript/fileName/ManifestElement.cs: c30b57498d373b7476c4d7dfdaee189c -> 
  custom:scripting/monoscript/fileName/OpenXRMangementSettings.cs: 5a013b6c45b1e1d06085cb1496493b86 -> 
  custom:scripting/monoscript/fileName/XREditorWorkQueue.cs: 8e928039a032f154dc8a86537aaac69a -> 
  custom:scripting/monoscript/fileName/OculusTouchControllerProfile.cs: 03df51b5c781d1980f509408bae72bc8 -> 
  custom:scripting/precompiled-assembly-types:Unity.XR.Management: f5b1b59a8f17cb331d61fd7665721dab -> 
  custom:scripting/monoscript/fileName/ManifestRequirement.cs: d0237042ed94ccc3267a409cde8490a6 -> 
  custom:scripting/monoscript/fileName/OpenXRNativeTypes.cs: 11be60823314f621c1b0bb94bf4fe744 -> 
  custom:container-demuxer-webm: 4f35f7cbe854078d1ac9338744f61a02 -> 
  custom:scripting/monoscript/fileName/KnownFeatureSets.cs: 2cf391597f07a52473981e9cc2b41b67 -> 
  custom:scripting/precompiled-assembly-types:Unity.XR.OpenXR.Features.MockRuntime: e75d918d8106c27865ca5517b4bdd194 -> 
  custom:scripting/monoscript/fileName/PackageNotificationUtils.cs: e493f521fc1755dec19875ae28a4f621 -> 
  custom:scripting/monoscript/fileName/OpenXRProjectValidationRulesSetup.cs: 63c520149123eced22b6028c5ebd9d08 -> 
  custom:scripting/monoscript/fileName/XRPackageMetadataStore.cs: e06e5e9ffca9529e9db63900dd9caf32 -> 
  custom:scripting/monoscript/fileName/XRLoaderInfoManager.cs: 28efaa63edac30b89ccc35ca2bf149fa -> 
  custom:scripting/monoscript/fileName/XRConfigurationData.cs: 2cf07b13d54bfee2898ed6dc38612fbb -> 
  custom:scripting/monoscript/fileName/MicrosoftHandInteraction.cs: dac920740153b0163dda0f7e56920e40 -> 
  custom:scripting/monoscript/fileName/RuntimeDebuggerWindow.cs: 0bc1d5ee7ce2553d42d62861471f3c44 -> 
  custom:scripting/monoscript/fileName/PackageSettingsEditor.cs: 6212fddebb8f67c4da0f50592230839b -> 
  custom:scripting/monoscript/fileName/OpenXRFeature.cs: a84888103ea4406f238a41c42d12d002 -> 
  custom:scripting/monoscript/fileName/XRManagerSettings.cs: 39a1227fa3c478af29a735ec246b6baf -> 
  custom:scripting/monoscript/fileName/XRCustomLoaderUIManager.cs: 4be5a8f671a1d808dd1496961b79b86b -> 
  custom:container-muxer-webm: aa71ff27fc2769a1b78a27578f13a17b -> 
  custom:scripting/precompiled-assembly-types:Unity.XR.OpenXR: 6b540efea7d7bcf04b31853b4d2f54c0 -> 
  custom:scripting/monoscript/fileName/OpenXRLoader.cs: 2a03893d4aa4b960c2f49090b4b03a7b -> 
  custom:scripting/monoscript/fileName/ValveIndexControllerProfile.cs: f923b1771c835a70375d3505e818878d -> 
  custom:scripting/monoscript/fileName/OculusQuestFeatureEditor.cs: af70b82209b4cf6ce20a2da2892dfc5f -> 
  custom:video-decoder-webm-vp8: 9c59270c3fd7afecdb556c50c9e8de78 -> 
  custom:scripting/monoscript/fileName/OpenXRChooseRuntimeLibraries.cs: 3923c2f1337a35d737ad0192eb46b432 -> 
  custom:scripting/monoscript/fileName/OculusQuestFeature.cs: 041c3418dd65b8e99ca410c708996814 -> 
  custom:scripting/monoscript/fileName/OpenXRFeatureSetManager.cs: 4f340a53d115a7e1888d00ddc4cd614b -> 
  custom:scripting/monoscript/fileName/OpenXRColorSubmissonModeList.cs: 62c3c48199b3c893ece86757b75b0604 -> 
  custom:scripting/monoscript/fileName/OpenXRUtility.cs: af9b8bca68ffa2bc69f78ec0da9cf1fd -> 
  custom:SearchIndexIgnoredProperties: e643bd26f0fe6173181afceb89e7c659 -> 
  custom:scripting/monoscript/fileName/XRGeneralSettingsUpgrade.cs: cc8d2e81204b3fd0e662cd38ef4a2d49 -> 
  custom:AudioImporter_EditorPlatform: d09bf68614088b80899f8185d706f6e7 -> 
  custom:scripting/monoscript/fileName/MockRuntime.cs: 8e970d93da4762c7d57e9c9dd2b36dbb -> 
  custom:scripting/monoscript/fileName/OpenXRDevice.cs: 1b3be9b024fb29351711164fb0577202 -> 
  custom:scripting/monoscript/fileName/OpenXRUnityAPI.cs: 95d0f03221767acb8a4a43279af12154 -> 
  custom:scripting/monoscript/fileName/HTCViveControllerProfile.cs: 575b921c71649e99576a05f0add9cf5d -> 
  custom:scripting/monoscript/fileName/XRDeviceSimulatorHandsUI.cs: bca3963bba47bbf101fe9d7e7dd07836 -> 
  custom:scripting/monoscript/fileName/XRCustomLoaderUI.cs: a1b6225426bb5004db8b9d7388fe5771 -> 
  custom:scripting/monoscript/fileName/BootConfigBuilder.cs: a174d8870c7a69fabc7d42a75b0f23aa -> 
  custom:scripting/precompiled-assembly-types:Unity.XR.OpenXR.Features.RuntimeDebugger: 81fc02b8029ab9c0bce4eaa33a13e7d8 -> 
  custom:scripting/monoscript/fileName/OpenXRRenderSettings.cs: 90647cc400823b41df847a6cbfc29026 -> 
  custom:scripting/monoscript/fileName/EyeGazeInteraction.cs: dc1f12620c8656649cfc16f13969f5fa -> 
  custom:scripting/monoscript/fileName/OpenXRAnalytics.cs: 67d5de80ae8e3ee46bb1b4907783d54c -> 
  custom:scripting/monoscript/fileName/XRLoaderHelper.cs: ae85c4c4a11fcc1ed3393963333e400c -> 
  custom:scripting/monoscript/fileName/MicrosoftMotionControllerProfile.cs: 6dcaa2067404bed7771687f2f9dfa057 -> 
  custom:scripting/monoscript/fileName/XRLoader.cs: d82cec0b87bab7dffe74fb3651887ce3 -> 
  custom:scripting/monoscript/fileName/OpenXRRestarter.cs: c236f3f43c026f409512d203b81e6184 -> 
  custom:scripting/monoscript/fileName/OpenXRFeatureAttribute.cs: 99305d666df750d87e7264e3c7ae4f2a -> 
  custom:scripting/monoscript/fileName/XRSupportedBuildTargetAttribute.cs: f87a91ba911f6030453bea8d921b45d2 -> 
  custom:scripting/monoscript/fileName/OpenXRLoaderNoPreInit.cs: 8f7a064e1e0bb6e17b9f5d171fe53dfc -> 
  custom:scripting/monoscript/fileName/AndroidManifestProcessor.cs: d8dd4961c18e43fcd707eb950405363a -> 
  custom:scripting/precompiled-assembly-types:Unity.XR.OpenXR.Features.ConformanceAutomation: daaea684d78afe5278ff971b66e0fbf9 -> 
  custom:scripting/monoscript/fileName/HandCommonPosesInteraction.cs: c984aa78f460c3bf39ec56bc9a0a414a -> 
  custom:scripting/monoscript/fileName/OpenXRDiagnosticReport.cs: f43e8307d90025ed39c346ed63d1208d -> 
  custom:scripting/monoscript/fileName/RuntimeDebuggerOpenXRFeatureEditor.cs: 26a9be57964b520d3a47d8c20db877e9 -> 
  custom:scripting/monoscript/fileName/PoseControl.cs: 4ff0d325328ef40fb1693e34ac3358bf -> 26044499bf9bfd77ab38d92d33de1d80
  custom:scripting/monoscript/fileName/OpenXRFeatureBuildHooks.cs: da31756dd3c74e69bcd7ed1a1983ed53 -> 
  custom:scripting/monoscript/fileName/BuildHelpers.cs: 52ee9552b5cbbfe4eb60d480e36ffff5 -> 
  custom:scripting/monoscript/fileName/HPReverbG2ControllerProfile.cs: 6aadb5e22feaccfa77ef6db6c4d4541c -> 
  custom:scripting/monoscript/fileName/XRLoaderOrderUI.cs: 7bb0491ac9109774b097f2da80cd0c03 -> 
  custom:scripting/monoscript/fileName/AndroidManifestBuildEventReceiver.cs: 641c0bff5eb90d0569a809ea302132ee -> 
  custom:video-encoder-webm-vp8: eb34c28f22e8b96e1ab97ce403110664 -> 
  custom:scripting/monoscript/fileName/BootConfig.cs: b2c4d54615a39b14509e601dd0f329ff -> 
  custom:audio-decoder-ogg-vorbis: bf7c407c2cedff20999df2af8eb42d56 -> 
  custom:scripting/precompiled-assembly-types:Unity.XR.OpenXR.Features.MetaQuestSupport: d273bae1c8d7007d6b0fe4b360a89ef1 -> 
  custom:scripting/monoscript/fileName/IAndroidManifestRequirementProvider.cs: 42bf6f4b06629c812bd73f8ff461fec4 -> 
  custom:scripting/monoscript/fileName/XrPerformanceSettingsFeature.cs: d323744d9bc61085862cbc785e1f985c -> 
  custom:scripting/monoscript/fileName/OpenXRPackageSettings.cs: 4f4aaba453bf105fb1c3c3d64247142d -> 
  custom:scripting/monoscript/fileName/ModifyAndroidManifestMeta.cs: 3b920058e4dd8cbdb95cce4af271f981 -> 
  custom:scripting/monoscript/fileName/EditorUtilities.cs: 219d482e32bf0c01357e773617418955 -> 
  custom:scripting/monoscript/fileName/OpenXRFeatureSetAttribute.cs: 9e20f05fe0a3688af8836175869f0bb7 -> 
  custom:scripting/monoscript/fileName/XRPackageInitialization.cs: 1f095dd277a284b59543541a608de1da -> 
  custom:scripting/monoscript/fileName/FoveatedRenderingFeature.cs: 3cd591174f2fee5d1b0d6a1875383a9b -> 
  custom:scripting/monoscript/fileName/KnownPackages.cs: 8647f39ea28525d7cb72646ed790f6ec -> 
  custom:scripting/monoscript/fileName/HapticControl.cs: d7a5389cafde2a1337c58e2f0d91a837 -> 
  custom:scripting/monoscript/fileName/MetaQuestFeature.cs: b9c317336250afc5bb5fa2c2df269ea6 -> 
  custom:scripting/precompiled-assembly-types:Unity.XR.Interaction.Toolkit.Samples.DeviceSimulator: b1a8126a568547b099f25fc1d4f742a8 -> 
  custom:scripting/monoscript/fileName/XrPerformanceSettingsTypes.cs: 5bc9c5b4646eff91646254ce341c6683 -> 
  custom:scripting/monoscript/fileName/OpenXRRuntimeSelector.cs: 929d3ce28c815a19c6c335174420bf6b -> 
  custom:scripting/monoscript/fileName/OpenXRFeatureEditor.cs: 01dd3fecc4e9c7ce9fb6af5d0948ba2a -> 
  custom:scripting/monoscript/fileName/XRConstants.cs: 1558884a4b0ea94b4910dd640a0e6741 -> 
  custom:scripting/monoscript/fileName/BuildHelperUtils.cs: 619773c3d1b7f3f0ca7461f5c27242a8 -> 
  custom:scripting/monoscript/fileName/HandInteractionProfile.cs: 9c7649bd495ee99cc73ddacbe0a8cd95 -> 
  custom:scripting/monoscript/fileName/XRManagementAnalytics.cs: 546181baf4c03dbbd57015a6731508f8 -> 
  custom:scripting/monoscript/fileName/ModifyAndroidManifestOculus.cs: 1d09740e7edd66fffc5895aae9e385d3 -> 
  custom:scripting/monoscript/fileName/XRPackage.cs: f2edbbf87f9b798abaf2a9f285d155f5 -> 
  custom:audio-encoder-webm-vorbis: bf7c407c2cedff20999df2af8eb42d56 -> 
  custom:scripting/monoscript/fileName/RuntimeDebuggerOpenXRFeature.cs: 8b269b64ad1c99e85d7f28185c15f7bb -> 
  custom:scripting/monoscript/fileName/MetaQuestFeatureBuildHooks.cs: 2ac755c66ffd4e4b7c22530386a7ba47 -> 
  custom:scripting/monoscript/fileName/AndroidManifestDocument.cs: 4c38ca7417a5355dfe2fd0b706ad71e8 -> 
  custom:scripting/monoscript/fileName/XRPackageInitializationSettings.cs: 2f743437d3b09c9a4a5a33e9be971b1a -> 
  custom:scripting/monoscript/fileName/XRPackageMetadata.cs: 16731333f575d8bc31df496aced36ebf -> 
  custom:scripting/monoscript/fileName/OpenXRInput.cs: b351db87f98ee399e568b78e0ed353e3 -> 
  custom:scripting/monoscript/fileName/OpenXRInteractionFeature.cs: a60484418ad6b497996467bb6f98db73 -> 
  custom:scripting/monoscript/fileName/OpenXRSettings.cs: f8ff4c7422697fc56884f260233aaf86 -> 
  custom:scripting/monoscript/fileName/OpenXREditorSettings.cs: 321e3a8126bc4b0248cbcecf63892f31 -> 
  custom:scripting/monoscript/fileName/OpenXRProjectValidation.cs: 181508e149a91a64c6dfdc447b97c322 -> 
========================================================================
Received Prepare
Caller must complete domain reload
Begin MonoManager ReloadAssembly
- Loaded All Assemblies, in  1.016 seconds
Native extension for WindowsStandalone target not found
Mono: successfully reloaded assembly
[Package Manager] Server::EnsureServerProcessIsRunning -- launch failed, reason: Unity was launched with the -noUpm command-line argument
[Package Manager] UpmClient::Send -- Unable to send message (not connected to UPM process).
[Package Manager] Cannot connect to Unity Package Manager local server
- Finished resetting the current domain, in  2.939 seconds
Domain Reload Profiling: 3949ms
	BeginReloadAssembly (318ms)
		ExecutionOrderSort (0ms)
		DisableScriptedObjects (16ms)
		BackupInstance (0ms)
		ReleaseScriptingObjects (0ms)
		CreateAndSetChildDomain (64ms)
	RebuildCommonClasses (72ms)
	RebuildNativeTypeToScriptingClass (26ms)
	initialDomainReloadingComplete (61ms)
	LoadAllAssembliesAndSetupDomain (531ms)
		LoadAssemblies (674ms)
		RebuildTransferFunctionScriptingTraits (0ms)
		AnalyzeDomain (37ms)
			TypeCache.Refresh (11ms)
				TypeCache.ScanAssembly (0ms)
			ScanForSourceGeneratedMonoScriptInfo (0ms)
			ResolveRequiredComponents (18ms)
	FinalizeReload (2941ms)
		ReleaseScriptCaches (0ms)
		RebuildScriptCaches (0ms)
		SetupLoadedEditorAssemblies (1396ms)
			LogAssemblyErrors (0ms)
			InitializePlatformSupportModulesInManaged (14ms)
			SetLoadedEditorAssemblies (7ms)
			RefreshPlugins (0ms)
			BeforeProcessingInitializeOnLoad (186ms)
			ProcessInitializeOnLoadAttributes (1016ms)
			ProcessInitializeOnLoadMethodAttributes (154ms)
			AfterProcessingInitializeOnLoad (19ms)
			EditorAssembliesLoaded (1ms)
		ExecutionOrderSort2 (0ms)
		AwakeInstancesAfterBackupRestoration (16ms)
Refreshing native plugins compatible for Editor in 52.59 ms, found 10 plugins.
Preloading 0 native plugins for Editor in 0.00 ms.
Unloading 4969 Unused Serialized files (Serialized files now loaded: 0)
Unloading 87 unused Assets / (60.6 KB). Loaded Objects now: 5490.
Memory consumption went from 172.1 MB to 172.1 MB.
Total: 8.897800 ms (FindLiveObjects: 0.740100 ms CreateObjectMapping: 0.391600 ms MarkObjects: 7.520900 ms  DeleteObjects: 0.243100 ms)

Prepare: number of updated asset objects reloaded= 2
AssetImportParameters requested are different than current active one (requested -> active):
  custom:scripting/monoscript/fileName/DPadInteraction.cs: 93f85c8ba74c4199c8fc9b6e8c6fb8a6 -> 
  custom:scripting/monoscript/fileName/OpenXRFeatureSettingsEditor.cs: 46f7bc9b6667349416d592c92274a2cd -> 
  custom:container-demuxer-ogg: 62fdf1f143b41e24485cea50d1cbac27 -> 
  custom:scripting/monoscript/fileName/UWPCoreWindowBuildHooks.cs: 528ee0545204f8083d130ec04efc78bc -> 
  custom:scripting/monoscript/fileName/OpenXRLoaderBase.cs: 0b6a60b837fc38165e3eaf7aaf2bf3e3 -> 
  custom:scripting/monoscript/fileName/MetaQuestFeatureEditor.cs: fff340053bb2e94334d0d5989f2eb349 -> 
  custom:scripting/monoscript/fileName/XRDeviceSimulatorControllerUI.cs: 1fdda016482e80c4f698bd161ca6a92f -> 
  custom:scripting/monoscript/fileName/XRDeviceSimulatorUI.cs: 0ec50ce90bac5e819d9ddb292ac27c71 -> 
  custom:scripting/precompiled-assembly-types:Unity.XR.Management.Editor: 220852eb385ea4cc2eb66eb943d70995 -> 
  custom:scripting/monoscript/fileName/PalmPoseInteraction.cs: 6bd25b6029acb9127f25748cb0b6d2a8 -> 
  custom:scripting/precompiled-assembly-types:Unity.XR.OpenXR.Editor: b2a8f17f09055950b7f19e2845cbc5c2 -> 
  custom:scripting/monoscript/fileName/MetaQuestTouchPlusControllerProfile.cs: 4b9439e11567c27c85546e11bafeabe7 -> 
  custom:scripting/monoscript/fileName/XRPluginManagementProjectValidation.cs: 12841b9f0a8da6fb46dd05260375325e -> 
  custom:scripting/monoscript/fileName/OpenXRRuntime.cs: c3a00f9ce6a0283dcb391b83637adf44 -> 
  custom:video-decoder-ogg-theora: a1e56fd34408186e4bbccfd4996cb3dc -> 
  custom:scripting/monoscript/fileName/XRGeneralSettingsPerBuildTarget.cs: 6970e5bff368910038049eb1434facbf -> 
  custom:scripting/monoscript/fileName/MetaQuestTouchProControllerProfile.cs: 9fffae235d4c14901711127c7daeb86c -> 
  custom:scripting/monoscript/fileName/OpenXRConstants.cs: f878d042bd3999b796b9387b0c8a1032 -> 
  custom:scripting/monoscript/fileName/OpenXRFeatureUICommon.cs: 45f7a59cd9c5cd84e28e0f7a429879c2 -> 
  custom:scripting/precompiled-assembly-types:Unity.XR.OpenXR.Features.OculusQuestSupport.Editor: c62b8d05b94c435029ef9fc43d7261ca -> 
  custom:scripting/monoscript/fileName/XRLoaderInfo.cs: 86fa513bfc04d58509db292069910bf2 -> 
  custom:framework-win-MediaFoundation: 216162199b28c13a410421893ffa2e32 -> 
  custom:scripting/monoscript/fileName/OpenXRLoaderUI.cs: ebd8d704d5e26f054d43886c272cd005 -> 
  custom:scripting/monoscript/fileName/WaitForRestartFinish.cs: 0e76bf389cf347a5d8d6432ec661895f -> 
  custom:scripting/monoscript/fileName/OpenXRFeatureSettings.cs: 90647cc400823b41df847a6cbfc29026 -> 
  custom:scripting/monoscript/fileName/OpenXRBuildProcessor.cs: 48dc0e114f75799c0d74bafe70808189 -> 
  custom:scripting/monoscript/fileName/KHRSimpleControllerProfile.cs: bcdcb81587b2075f7af2f75706b9e69a -> 
  custom:scripting/monoscript/fileName/OpenXRFeatureInternal.cs: 90647cc400823b41df847a6cbfc29026 -> 
  custom:scripting/monoscript/fileName/OpenXRSpaceSettings.cs: 90647cc400823b41df847a6cbfc29026 -> 
  custom:scripting/monoscript/fileName/DPadInteractionCustomEditor.cs: d93785eeae2b4d41d39f603bd6f9849d -> 
  custom:scripting/precompiled-assembly-types:Unity.XR.OpenXR.Features.RuntimeDebugger.Editor: e1cc4b3ad1ade1a1503c3d79a1cfcaf0 -> 
  custom:scripting/monoscript/fileName/XRSettingsManager.cs: 701988ef3c16e84d3bc781477493ab34 -> 
  custom:scripting/monoscript/fileName/ConformanceAutomationFeature.cs: 97112e825fad9ed87f6a9c7acc231c0b -> 
  custom:scripting/monoscript/fileName/IXRLoaderPreInit.cs: 4dbca4fbe4a89e2a18943694f414e3a9 -> 
  custom:scripting/monoscript/fileName/XRGeneralBuildProcessor.cs: d52e14652f14fd6e56a66a859653fea9 -> 
  custom:scripting/monoscript/fileName/XRGeneralSettings.cs: 01e68fef49e5cbf622bb7b4ffc622d89 -> 
  custom:scripting/monoscript/fileName/XRManagerEditor.cs: 6847a9ea85cd2d801d895b625e9590ff -> 
  custom:scripting/monoscript/fileName/FeatureHelpers.cs: 0e8d07707daeed1da30b1605e903226b -> 
  custom:scripting/monoscript/fileName/DebuggerState.cs: 41070b7a08cc178a9ea51324cdaf5b81 -> 
  custom:scripting/monoscript/fileName/XRBuildProcessorHelper.cs: 90647cc400823b41df847a6cbfc29026 -> 
  custom:scripting/monoscript/fileName/TypeLoaderExtensions.cs: ee5d3b5e5d81c98c5d3594e8b9153df0 -> 
  custom:scripting/precompiled-assembly-types:Unity.XR.OpenXR.Features.OculusQuestSupport: d15f77eecb71f285045ab68c6a5ab3aa -> 
  custom:CustomObjectIndexerAttribute: 9a22284fe3817be447336de3de66b15e -> 
  custom:scripting/monoscript/fileName/OpenXRHmd.cs: 1624687aa096b40d58d149d9c6304cca -> 
  custom:scripting/precompiled-assembly-types:Unity.XR.OpenXR.Features.MetaQuestSupport.Editor: d29ebede884d38e464c8dad49331ddbf -> 
  custom:scripting/monoscript/fileName/XRConfigurationProvider.cs: fa91ddd62be7b4c45bfd03890af30249 -> 
  custom:scripting/monoscript/fileName/ManifestElement.cs: c30b57498d373b7476c4d7dfdaee189c -> 
  custom:scripting/monoscript/fileName/OpenXRMangementSettings.cs: 5a013b6c45b1e1d06085cb1496493b86 -> 
  custom:scripting/monoscript/fileName/XREditorWorkQueue.cs: 8e928039a032f154dc8a86537aaac69a -> 
  custom:scripting/monoscript/fileName/OculusTouchControllerProfile.cs: 03df51b5c781d1980f509408bae72bc8 -> 
  custom:scripting/precompiled-assembly-types:Unity.XR.Management: f5b1b59a8f17cb331d61fd7665721dab -> 
  custom:scripting/monoscript/fileName/ManifestRequirement.cs: d0237042ed94ccc3267a409cde8490a6 -> 
  custom:scripting/monoscript/fileName/OpenXRNativeTypes.cs: 11be60823314f621c1b0bb94bf4fe744 -> 
  custom:container-demuxer-webm: 4f35f7cbe854078d1ac9338744f61a02 -> 
  custom:scripting/monoscript/fileName/KnownFeatureSets.cs: 2cf391597f07a52473981e9cc2b41b67 -> 
  custom:scripting/precompiled-assembly-types:Unity.XR.OpenXR.Features.MockRuntime: e75d918d8106c27865ca5517b4bdd194 -> 
  custom:scripting/monoscript/fileName/PackageNotificationUtils.cs: e493f521fc1755dec19875ae28a4f621 -> 
  custom:scripting/monoscript/fileName/OpenXRProjectValidationRulesSetup.cs: 63c520149123eced22b6028c5ebd9d08 -> 
  custom:scripting/monoscript/fileName/XRPackageMetadataStore.cs: e06e5e9ffca9529e9db63900dd9caf32 -> 
  custom:scripting/monoscript/fileName/XRLoaderInfoManager.cs: 28efaa63edac30b89ccc35ca2bf149fa -> 
  custom:scripting/monoscript/fileName/XRConfigurationData.cs: 2cf07b13d54bfee2898ed6dc38612fbb -> 
  custom:scripting/monoscript/fileName/MicrosoftHandInteraction.cs: dac920740153b0163dda0f7e56920e40 -> 
  custom:scripting/monoscript/fileName/RuntimeDebuggerWindow.cs: 0bc1d5ee7ce2553d42d62861471f3c44 -> 
  custom:scripting/monoscript/fileName/PackageSettingsEditor.cs: 6212fddebb8f67c4da0f50592230839b -> 
  custom:scripting/monoscript/fileName/OpenXRFeature.cs: a84888103ea4406f238a41c42d12d002 -> 
  custom:scripting/monoscript/fileName/XRManagerSettings.cs: 39a1227fa3c478af29a735ec246b6baf -> 
  custom:scripting/monoscript/fileName/XRCustomLoaderUIManager.cs: 4be5a8f671a1d808dd1496961b79b86b -> 
  custom:container-muxer-webm: aa71ff27fc2769a1b78a27578f13a17b -> 
  custom:scripting/precompiled-assembly-types:Unity.XR.OpenXR: 6b540efea7d7bcf04b31853b4d2f54c0 -> 
  custom:scripting/monoscript/fileName/OpenXRLoader.cs: 2a03893d4aa4b960c2f49090b4b03a7b -> 
  custom:scripting/monoscript/fileName/ValveIndexControllerProfile.cs: f923b1771c835a70375d3505e818878d -> 
  custom:scripting/monoscript/fileName/OculusQuestFeatureEditor.cs: af70b82209b4cf6ce20a2da2892dfc5f -> 
  custom:video-decoder-webm-vp8: 9c59270c3fd7afecdb556c50c9e8de78 -> 
  custom:scripting/monoscript/fileName/OpenXRChooseRuntimeLibraries.cs: 3923c2f1337a35d737ad0192eb46b432 -> 
  custom:scripting/monoscript/fileName/OculusQuestFeature.cs: 041c3418dd65b8e99ca410c708996814 -> 
  custom:scripting/monoscript/fileName/OpenXRFeatureSetManager.cs: 4f340a53d115a7e1888d00ddc4cd614b -> 
  custom:scripting/monoscript/fileName/OpenXRColorSubmissonModeList.cs: 62c3c48199b3c893ece86757b75b0604 -> 
  custom:scripting/monoscript/fileName/OpenXRUtility.cs: af9b8bca68ffa2bc69f78ec0da9cf1fd -> 
  custom:SearchIndexIgnoredProperties: e643bd26f0fe6173181afceb89e7c659 -> 
  custom:scripting/monoscript/fileName/XRGeneralSettingsUpgrade.cs: cc8d2e81204b3fd0e662cd38ef4a2d49 -> 
  custom:AudioImporter_EditorPlatform: d09bf68614088b80899f8185d706f6e7 -> 
  custom:scripting/monoscript/fileName/MockRuntime.cs: 8e970d93da4762c7d57e9c9dd2b36dbb -> 
  custom:scripting/monoscript/fileName/OpenXRDevice.cs: 1b3be9b024fb29351711164fb0577202 -> 
  custom:scripting/monoscript/fileName/OpenXRUnityAPI.cs: 95d0f03221767acb8a4a43279af12154 -> 
  custom:scripting/monoscript/fileName/HTCViveControllerProfile.cs: 575b921c71649e99576a05f0add9cf5d -> 
  custom:scripting/monoscript/fileName/XRDeviceSimulatorHandsUI.cs: bca3963bba47bbf101fe9d7e7dd07836 -> 
  custom:scripting/monoscript/fileName/XRCustomLoaderUI.cs: a1b6225426bb5004db8b9d7388fe5771 -> 
  custom:scripting/monoscript/fileName/BootConfigBuilder.cs: a174d8870c7a69fabc7d42a75b0f23aa -> 
  custom:scripting/precompiled-assembly-types:Unity.XR.OpenXR.Features.RuntimeDebugger: 81fc02b8029ab9c0bce4eaa33a13e7d8 -> 
  custom:scripting/monoscript/fileName/OpenXRRenderSettings.cs: 90647cc400823b41df847a6cbfc29026 -> 
  custom:scripting/monoscript/fileName/EyeGazeInteraction.cs: dc1f12620c8656649cfc16f13969f5fa -> 
  custom:scripting/monoscript/fileName/OpenXRAnalytics.cs: 67d5de80ae8e3ee46bb1b4907783d54c -> 
  custom:scripting/monoscript/fileName/XRLoaderHelper.cs: ae85c4c4a11fcc1ed3393963333e400c -> 
  custom:scripting/monoscript/fileName/MicrosoftMotionControllerProfile.cs: 6dcaa2067404bed7771687f2f9dfa057 -> 
  custom:scripting/monoscript/fileName/XRLoader.cs: d82cec0b87bab7dffe74fb3651887ce3 -> 
  custom:scripting/monoscript/fileName/OpenXRRestarter.cs: c236f3f43c026f409512d203b81e6184 -> 
  custom:scripting/monoscript/fileName/OpenXRFeatureAttribute.cs: 99305d666df750d87e7264e3c7ae4f2a -> 
  custom:scripting/monoscript/fileName/XRSupportedBuildTargetAttribute.cs: f87a91ba911f6030453bea8d921b45d2 -> 
  custom:scripting/monoscript/fileName/OpenXRLoaderNoPreInit.cs: 8f7a064e1e0bb6e17b9f5d171fe53dfc -> 
  custom:scripting/monoscript/fileName/AndroidManifestProcessor.cs: d8dd4961c18e43fcd707eb950405363a -> 
  custom:scripting/precompiled-assembly-types:Unity.XR.OpenXR.Features.ConformanceAutomation: daaea684d78afe5278ff971b66e0fbf9 -> 
  custom:scripting/monoscript/fileName/HandCommonPosesInteraction.cs: c984aa78f460c3bf39ec56bc9a0a414a -> 
  custom:scripting/monoscript/fileName/OpenXRDiagnosticReport.cs: f43e8307d90025ed39c346ed63d1208d -> 
  custom:scripting/monoscript/fileName/RuntimeDebuggerOpenXRFeatureEditor.cs: 26a9be57964b520d3a47d8c20db877e9 -> 
  custom:scripting/monoscript/fileName/PoseControl.cs: 4ff0d325328ef40fb1693e34ac3358bf -> 26044499bf9bfd77ab38d92d33de1d80
  custom:scripting/monoscript/fileName/OpenXRFeatureBuildHooks.cs: da31756dd3c74e69bcd7ed1a1983ed53 -> 
  custom:scripting/monoscript/fileName/BuildHelpers.cs: 52ee9552b5cbbfe4eb60d480e36ffff5 -> 
  custom:scripting/monoscript/fileName/HPReverbG2ControllerProfile.cs: 6aadb5e22feaccfa77ef6db6c4d4541c -> 
  custom:scripting/monoscript/fileName/XRLoaderOrderUI.cs: 7bb0491ac9109774b097f2da80cd0c03 -> 
  custom:scripting/monoscript/fileName/AndroidManifestBuildEventReceiver.cs: 641c0bff5eb90d0569a809ea302132ee -> 
  custom:video-encoder-webm-vp8: eb34c28f22e8b96e1ab97ce403110664 -> 
  custom:scripting/monoscript/fileName/BootConfig.cs: b2c4d54615a39b14509e601dd0f329ff -> 
  custom:audio-decoder-ogg-vorbis: bf7c407c2cedff20999df2af8eb42d56 -> 
  custom:scripting/precompiled-assembly-types:Unity.XR.OpenXR.Features.MetaQuestSupport: d273bae1c8d7007d6b0fe4b360a89ef1 -> 
  custom:scripting/monoscript/fileName/IAndroidManifestRequirementProvider.cs: 42bf6f4b06629c812bd73f8ff461fec4 -> 
  custom:scripting/monoscript/fileName/XrPerformanceSettingsFeature.cs: d323744d9bc61085862cbc785e1f985c -> 
  custom:scripting/monoscript/fileName/OpenXRPackageSettings.cs: 4f4aaba453bf105fb1c3c3d64247142d -> 
  custom:scripting/monoscript/fileName/ModifyAndroidManifestMeta.cs: 3b920058e4dd8cbdb95cce4af271f981 -> 
  custom:scripting/monoscript/fileName/EditorUtilities.cs: 219d482e32bf0c01357e773617418955 -> 
  custom:scripting/monoscript/fileName/OpenXRFeatureSetAttribute.cs: 9e20f05fe0a3688af8836175869f0bb7 -> 
  custom:scripting/monoscript/fileName/XRPackageInitialization.cs: 1f095dd277a284b59543541a608de1da -> 
  custom:scripting/monoscript/fileName/FoveatedRenderingFeature.cs: 3cd591174f2fee5d1b0d6a1875383a9b -> 
  custom:scripting/monoscript/fileName/KnownPackages.cs: 8647f39ea28525d7cb72646ed790f6ec -> 
  custom:scripting/monoscript/fileName/HapticControl.cs: d7a5389cafde2a1337c58e2f0d91a837 -> 
  custom:scripting/monoscript/fileName/MetaQuestFeature.cs: b9c317336250afc5bb5fa2c2df269ea6 -> 
  custom:scripting/precompiled-assembly-types:Unity.XR.Interaction.Toolkit.Samples.DeviceSimulator: b1a8126a568547b099f25fc1d4f742a8 -> 
  custom:scripting/monoscript/fileName/XrPerformanceSettingsTypes.cs: 5bc9c5b4646eff91646254ce341c6683 -> 
  custom:scripting/monoscript/fileName/OpenXRRuntimeSelector.cs: 929d3ce28c815a19c6c335174420bf6b -> 
  custom:scripting/monoscript/fileName/OpenXRFeatureEditor.cs: 01dd3fecc4e9c7ce9fb6af5d0948ba2a -> 
  custom:scripting/monoscript/fileName/XRConstants.cs: 1558884a4b0ea94b4910dd640a0e6741 -> 
  custom:scripting/monoscript/fileName/BuildHelperUtils.cs: 619773c3d1b7f3f0ca7461f5c27242a8 -> 
  custom:scripting/monoscript/fileName/HandInteractionProfile.cs: 9c7649bd495ee99cc73ddacbe0a8cd95 -> 
  custom:scripting/monoscript/fileName/XRManagementAnalytics.cs: 546181baf4c03dbbd57015a6731508f8 -> 
  custom:scripting/monoscript/fileName/ModifyAndroidManifestOculus.cs: 1d09740e7edd66fffc5895aae9e385d3 -> 
  custom:scripting/monoscript/fileName/XRPackage.cs: f2edbbf87f9b798abaf2a9f285d155f5 -> 
  custom:audio-encoder-webm-vorbis: bf7c407c2cedff20999df2af8eb42d56 -> 
  custom:scripting/monoscript/fileName/RuntimeDebuggerOpenXRFeature.cs: 8b269b64ad1c99e85d7f28185c15f7bb -> 
  custom:scripting/monoscript/fileName/MetaQuestFeatureBuildHooks.cs: 2ac755c66ffd4e4b7c22530386a7ba47 -> 
  custom:scripting/monoscript/fileName/AndroidManifestDocument.cs: 4c38ca7417a5355dfe2fd0b706ad71e8 -> 
  custom:scripting/monoscript/fileName/XRPackageInitializationSettings.cs: 2f743437d3b09c9a4a5a33e9be971b1a -> 
  custom:scripting/monoscript/fileName/XRPackageMetadata.cs: 16731333f575d8bc31df496aced36ebf -> 
  custom:scripting/monoscript/fileName/OpenXRInput.cs: b351db87f98ee399e568b78e0ed353e3 -> 
  custom:scripting/monoscript/fileName/OpenXRInteractionFeature.cs: a60484418ad6b497996467bb6f98db73 -> 
  custom:scripting/monoscript/fileName/OpenXRSettings.cs: f8ff4c7422697fc56884f260233aaf86 -> 
  custom:scripting/monoscript/fileName/OpenXREditorSettings.cs: 321e3a8126bc4b0248cbcecf63892f31 -> 
  custom:scripting/monoscript/fileName/OpenXRProjectValidation.cs: 181508e149a91a64c6dfdc447b97c322 -> 
========================================================================
Received Prepare
Caller must complete domain reload
Begin MonoManager ReloadAssembly
- Loaded All Assemblies, in  1.054 seconds
Native extension for WindowsStandalone target not found
Mono: successfully reloaded assembly
[Package Manager] Server::EnsureServerProcessIsRunning -- launch failed, reason: Unity was launched with the -noUpm command-line argument
[Package Manager] UpmClient::Send -- Unable to send message (not connected to UPM process).
[Package Manager] Cannot connect to Unity Package Manager local server
- Finished resetting the current domain, in  2.963 seconds
Domain Reload Profiling: 4007ms
	BeginReloadAssembly (335ms)
		ExecutionOrderSort (0ms)
		DisableScriptedObjects (9ms)
		BackupInstance (0ms)
		ReleaseScriptingObjects (0ms)
		CreateAndSetChildDomain (77ms)
	RebuildCommonClasses (72ms)
	RebuildNativeTypeToScriptingClass (25ms)
	initialDomainReloadingComplete (77ms)
	LoadAllAssembliesAndSetupDomain (535ms)
		LoadAssemblies (682ms)
		RebuildTransferFunctionScriptingTraits (0ms)
		AnalyzeDomain (38ms)
			TypeCache.Refresh (13ms)
				TypeCache.ScanAssembly (0ms)
			ScanForSourceGeneratedMonoScriptInfo (1ms)
			ResolveRequiredComponents (18ms)
	FinalizeReload (2964ms)
		ReleaseScriptCaches (0ms)
		RebuildScriptCaches (0ms)
		SetupLoadedEditorAssemblies (1325ms)
			LogAssemblyErrors (0ms)
			InitializePlatformSupportModulesInManaged (15ms)
			SetLoadedEditorAssemblies (9ms)
			RefreshPlugins (0ms)
			BeforeProcessingInitializeOnLoad (173ms)
			ProcessInitializeOnLoadAttributes (960ms)
			ProcessInitializeOnLoadMethodAttributes (151ms)
			AfterProcessingInitializeOnLoad (17ms)
			EditorAssembliesLoaded (1ms)
		ExecutionOrderSort2 (0ms)
		AwakeInstancesAfterBackupRestoration (17ms)
Refreshing native plugins compatible for Editor in 37.50 ms, found 10 plugins.
Preloading 0 native plugins for Editor in 0.00 ms.
Unloading 4968 Unused Serialized files (Serialized files now loaded: 0)
Unloading 68 unused Assets / (57.2 KB). Loaded Objects now: 5512.
Memory consumption went from 172.1 MB to 172.0 MB.
Total: 9.522800 ms (FindLiveObjects: 1.011900 ms CreateObjectMapping: 0.728900 ms MarkObjects: 7.573300 ms  DeleteObjects: 0.206000 ms)

Prepare: number of updated asset objects reloaded= 0
AssetImportParameters requested are different than current active one (requested -> active):
  custom:scripting/monoscript/fileName/DPadInteraction.cs: 93f85c8ba74c4199c8fc9b6e8c6fb8a6 -> 
  custom:scripting/monoscript/fileName/OpenXRFeatureSettingsEditor.cs: 46f7bc9b6667349416d592c92274a2cd -> 
  custom:container-demuxer-ogg: 62fdf1f143b41e24485cea50d1cbac27 -> 
  custom:scripting/monoscript/fileName/UWPCoreWindowBuildHooks.cs: 528ee0545204f8083d130ec04efc78bc -> 
  custom:scripting/monoscript/fileName/OpenXRLoaderBase.cs: 0b6a60b837fc38165e3eaf7aaf2bf3e3 -> 
  custom:scripting/monoscript/fileName/MetaQuestFeatureEditor.cs: fff340053bb2e94334d0d5989f2eb349 -> 
  custom:scripting/monoscript/fileName/XRDeviceSimulatorControllerUI.cs: 1fdda016482e80c4f698bd161ca6a92f -> 
  custom:scripting/monoscript/fileName/XRDeviceSimulatorUI.cs: 0ec50ce90bac5e819d9ddb292ac27c71 -> 
  custom:scripting/precompiled-assembly-types:Unity.XR.Management.Editor: 220852eb385ea4cc2eb66eb943d70995 -> 
  custom:scripting/monoscript/fileName/PalmPoseInteraction.cs: 6bd25b6029acb9127f25748cb0b6d2a8 -> 
  custom:scripting/precompiled-assembly-types:Unity.XR.OpenXR.Editor: b2a8f17f09055950b7f19e2845cbc5c2 -> 
  custom:scripting/monoscript/fileName/MetaQuestTouchPlusControllerProfile.cs: 4b9439e11567c27c85546e11bafeabe7 -> 
  custom:scripting/monoscript/fileName/XRPluginManagementProjectValidation.cs: 12841b9f0a8da6fb46dd05260375325e -> 
  custom:scripting/monoscript/fileName/OpenXRRuntime.cs: c3a00f9ce6a0283dcb391b83637adf44 -> 
  custom:video-decoder-ogg-theora: a1e56fd34408186e4bbccfd4996cb3dc -> 
  custom:scripting/monoscript/fileName/XRGeneralSettingsPerBuildTarget.cs: 6970e5bff368910038049eb1434facbf -> 
  custom:scripting/monoscript/fileName/MetaQuestTouchProControllerProfile.cs: 9fffae235d4c14901711127c7daeb86c -> 
  custom:scripting/monoscript/fileName/OpenXRConstants.cs: f878d042bd3999b796b9387b0c8a1032 -> 
  custom:scripting/monoscript/fileName/OpenXRFeatureUICommon.cs: 45f7a59cd9c5cd84e28e0f7a429879c2 -> 
  custom:scripting/precompiled-assembly-types:Unity.XR.OpenXR.Features.OculusQuestSupport.Editor: c62b8d05b94c435029ef9fc43d7261ca -> 
  custom:scripting/monoscript/fileName/XRLoaderInfo.cs: 86fa513bfc04d58509db292069910bf2 -> 
  custom:framework-win-MediaFoundation: 216162199b28c13a410421893ffa2e32 -> 
  custom:scripting/monoscript/fileName/OpenXRLoaderUI.cs: ebd8d704d5e26f054d43886c272cd005 -> 
  custom:scripting/monoscript/fileName/WaitForRestartFinish.cs: 0e76bf389cf347a5d8d6432ec661895f -> 
  custom:scripting/monoscript/fileName/OpenXRFeatureSettings.cs: 90647cc400823b41df847a6cbfc29026 -> 
  custom:scripting/monoscript/fileName/OpenXRBuildProcessor.cs: 48dc0e114f75799c0d74bafe70808189 -> 
  custom:scripting/monoscript/fileName/KHRSimpleControllerProfile.cs: bcdcb81587b2075f7af2f75706b9e69a -> 
  custom:scripting/monoscript/fileName/OpenXRFeatureInternal.cs: 90647cc400823b41df847a6cbfc29026 -> 
  custom:scripting/monoscript/fileName/OpenXRSpaceSettings.cs: 90647cc400823b41df847a6cbfc29026 -> 
  custom:scripting/monoscript/fileName/DPadInteractionCustomEditor.cs: d93785eeae2b4d41d39f603bd6f9849d -> 
  custom:scripting/precompiled-assembly-types:Unity.XR.OpenXR.Features.RuntimeDebugger.Editor: e1cc4b3ad1ade1a1503c3d79a1cfcaf0 -> 
  custom:scripting/monoscript/fileName/XRSettingsManager.cs: 701988ef3c16e84d3bc781477493ab34 -> 
  custom:scripting/monoscript/fileName/ConformanceAutomationFeature.cs: 97112e825fad9ed87f6a9c7acc231c0b -> 
  custom:scripting/monoscript/fileName/IXRLoaderPreInit.cs: 4dbca4fbe4a89e2a18943694f414e3a9 -> 
  custom:scripting/monoscript/fileName/XRGeneralBuildProcessor.cs: d52e14652f14fd6e56a66a859653fea9 -> 
  custom:scripting/monoscript/fileName/XRGeneralSettings.cs: 01e68fef49e5cbf622bb7b4ffc622d89 -> 
  custom:scripting/monoscript/fileName/XRManagerEditor.cs: 6847a9ea85cd2d801d895b625e9590ff -> 
  custom:scripting/monoscript/fileName/FeatureHelpers.cs: 0e8d07707daeed1da30b1605e903226b -> 
  custom:scripting/monoscript/fileName/DebuggerState.cs: 41070b7a08cc178a9ea51324cdaf5b81 -> 
  custom:scripting/monoscript/fileName/XRBuildProcessorHelper.cs: 90647cc400823b41df847a6cbfc29026 -> 
  custom:scripting/monoscript/fileName/TypeLoaderExtensions.cs: ee5d3b5e5d81c98c5d3594e8b9153df0 -> 
  custom:scripting/precompiled-assembly-types:Unity.XR.OpenXR.Features.OculusQuestSupport: d15f77eecb71f285045ab68c6a5ab3aa -> 
  custom:CustomObjectIndexerAttribute: 9a22284fe3817be447336de3de66b15e -> 
  custom:scripting/monoscript/fileName/OpenXRHmd.cs: 1624687aa096b40d58d149d9c6304cca -> 
  custom:scripting/precompiled-assembly-types:Unity.XR.OpenXR.Features.MetaQuestSupport.Editor: d29ebede884d38e464c8dad49331ddbf -> 
  custom:scripting/monoscript/fileName/XRConfigurationProvider.cs: fa91ddd62be7b4c45bfd03890af30249 -> 
  custom:scripting/monoscript/fileName/ManifestElement.cs: c30b57498d373b7476c4d7dfdaee189c -> 
  custom:scripting/monoscript/fileName/OpenXRMangementSettings.cs: 5a013b6c45b1e1d06085cb1496493b86 -> 
  custom:scripting/monoscript/fileName/XREditorWorkQueue.cs: 8e928039a032f154dc8a86537aaac69a -> 
  custom:scripting/monoscript/fileName/OculusTouchControllerProfile.cs: 03df51b5c781d1980f509408bae72bc8 -> 
  custom:scripting/precompiled-assembly-types:Unity.XR.Management: f5b1b59a8f17cb331d61fd7665721dab -> 
  custom:scripting/monoscript/fileName/ManifestRequirement.cs: d0237042ed94ccc3267a409cde8490a6 -> 
  custom:scripting/monoscript/fileName/OpenXRNativeTypes.cs: 11be60823314f621c1b0bb94bf4fe744 -> 
  custom:container-demuxer-webm: 4f35f7cbe854078d1ac9338744f61a02 -> 
  custom:scripting/monoscript/fileName/KnownFeatureSets.cs: 2cf391597f07a52473981e9cc2b41b67 -> 
  custom:scripting/precompiled-assembly-types:Unity.XR.OpenXR.Features.MockRuntime: e75d918d8106c27865ca5517b4bdd194 -> 
  custom:scripting/monoscript/fileName/PackageNotificationUtils.cs: e493f521fc1755dec19875ae28a4f621 -> 
  custom:scripting/monoscript/fileName/OpenXRProjectValidationRulesSetup.cs: 63c520149123eced22b6028c5ebd9d08 -> 
  custom:scripting/monoscript/fileName/XRPackageMetadataStore.cs: e06e5e9ffca9529e9db63900dd9caf32 -> 
  custom:scripting/monoscript/fileName/XRLoaderInfoManager.cs: 28efaa63edac30b89ccc35ca2bf149fa -> 
  custom:scripting/monoscript/fileName/XRConfigurationData.cs: 2cf07b13d54bfee2898ed6dc38612fbb -> 
  custom:scripting/monoscript/fileName/MicrosoftHandInteraction.cs: dac920740153b0163dda0f7e56920e40 -> 
  custom:scripting/monoscript/fileName/RuntimeDebuggerWindow.cs: 0bc1d5ee7ce2553d42d62861471f3c44 -> 
  custom:scripting/monoscript/fileName/PackageSettingsEditor.cs: 6212fddebb8f67c4da0f50592230839b -> 
  custom:scripting/monoscript/fileName/OpenXRFeature.cs: a84888103ea4406f238a41c42d12d002 -> 
  custom:scripting/monoscript/fileName/XRManagerSettings.cs: 39a1227fa3c478af29a735ec246b6baf -> 
  custom:scripting/monoscript/fileName/XRCustomLoaderUIManager.cs: 4be5a8f671a1d808dd1496961b79b86b -> 
  custom:container-muxer-webm: aa71ff27fc2769a1b78a27578f13a17b -> 
  custom:scripting/precompiled-assembly-types:Unity.XR.OpenXR: 6b540efea7d7bcf04b31853b4d2f54c0 -> 
  custom:scripting/monoscript/fileName/OpenXRLoader.cs: 2a03893d4aa4b960c2f49090b4b03a7b -> 
  custom:scripting/monoscript/fileName/ValveIndexControllerProfile.cs: f923b1771c835a70375d3505e818878d -> 
  custom:scripting/monoscript/fileName/OculusQuestFeatureEditor.cs: af70b82209b4cf6ce20a2da2892dfc5f -> 
  custom:video-decoder-webm-vp8: 9c59270c3fd7afecdb556c50c9e8de78 -> 
  custom:scripting/monoscript/fileName/OpenXRChooseRuntimeLibraries.cs: 3923c2f1337a35d737ad0192eb46b432 -> 
  custom:scripting/monoscript/fileName/OculusQuestFeature.cs: 041c3418dd65b8e99ca410c708996814 -> 
  custom:scripting/monoscript/fileName/OpenXRFeatureSetManager.cs: 4f340a53d115a7e1888d00ddc4cd614b -> 
  custom:scripting/monoscript/fileName/OpenXRColorSubmissonModeList.cs: 62c3c48199b3c893ece86757b75b0604 -> 
  custom:scripting/monoscript/fileName/OpenXRUtility.cs: af9b8bca68ffa2bc69f78ec0da9cf1fd -> 
  custom:SearchIndexIgnoredProperties: e643bd26f0fe6173181afceb89e7c659 -> 
  custom:scripting/monoscript/fileName/XRGeneralSettingsUpgrade.cs: cc8d2e81204b3fd0e662cd38ef4a2d49 -> 
  custom:AudioImporter_EditorPlatform: d09bf68614088b80899f8185d706f6e7 -> 
  custom:scripting/monoscript/fileName/MockRuntime.cs: 8e970d93da4762c7d57e9c9dd2b36dbb -> 
  custom:scripting/monoscript/fileName/OpenXRDevice.cs: 1b3be9b024fb29351711164fb0577202 -> 
  custom:scripting/monoscript/fileName/OpenXRUnityAPI.cs: 95d0f03221767acb8a4a43279af12154 -> 
  custom:scripting/monoscript/fileName/HTCViveControllerProfile.cs: 575b921c71649e99576a05f0add9cf5d -> 
  custom:scripting/monoscript/fileName/XRDeviceSimulatorHandsUI.cs: bca3963bba47bbf101fe9d7e7dd07836 -> 
  custom:scripting/monoscript/fileName/XRCustomLoaderUI.cs: a1b6225426bb5004db8b9d7388fe5771 -> 
  custom:scripting/monoscript/fileName/BootConfigBuilder.cs: a174d8870c7a69fabc7d42a75b0f23aa -> 
  custom:scripting/precompiled-assembly-types:Unity.XR.OpenXR.Features.RuntimeDebugger: 81fc02b8029ab9c0bce4eaa33a13e7d8 -> 
  custom:scripting/monoscript/fileName/OpenXRRenderSettings.cs: 90647cc400823b41df847a6cbfc29026 -> 
  custom:scripting/monoscript/fileName/EyeGazeInteraction.cs: dc1f12620c8656649cfc16f13969f5fa -> 
  custom:scripting/monoscript/fileName/OpenXRAnalytics.cs: 67d5de80ae8e3ee46bb1b4907783d54c -> 
  custom:scripting/monoscript/fileName/XRLoaderHelper.cs: ae85c4c4a11fcc1ed3393963333e400c -> 
  custom:scripting/monoscript/fileName/MicrosoftMotionControllerProfile.cs: 6dcaa2067404bed7771687f2f9dfa057 -> 
  custom:scripting/monoscript/fileName/XRLoader.cs: d82cec0b87bab7dffe74fb3651887ce3 -> 
  custom:scripting/monoscript/fileName/OpenXRRestarter.cs: c236f3f43c026f409512d203b81e6184 -> 
  custom:scripting/monoscript/fileName/OpenXRFeatureAttribute.cs: 99305d666df750d87e7264e3c7ae4f2a -> 
  custom:scripting/monoscript/fileName/XRSupportedBuildTargetAttribute.cs: f87a91ba911f6030453bea8d921b45d2 -> 
  custom:scripting/monoscript/fileName/OpenXRLoaderNoPreInit.cs: 8f7a064e1e0bb6e17b9f5d171fe53dfc -> 
  custom:scripting/monoscript/fileName/AndroidManifestProcessor.cs: d8dd4961c18e43fcd707eb950405363a -> 
  custom:scripting/precompiled-assembly-types:Unity.XR.OpenXR.Features.ConformanceAutomation: daaea684d78afe5278ff971b66e0fbf9 -> 
  custom:scripting/monoscript/fileName/HandCommonPosesInteraction.cs: c984aa78f460c3bf39ec56bc9a0a414a -> 
  custom:scripting/monoscript/fileName/OpenXRDiagnosticReport.cs: f43e8307d90025ed39c346ed63d1208d -> 
  custom:scripting/monoscript/fileName/RuntimeDebuggerOpenXRFeatureEditor.cs: 26a9be57964b520d3a47d8c20db877e9 -> 
  custom:scripting/monoscript/fileName/PoseControl.cs: 4ff0d325328ef40fb1693e34ac3358bf -> 26044499bf9bfd77ab38d92d33de1d80
  custom:scripting/monoscript/fileName/OpenXRFeatureBuildHooks.cs: da31756dd3c74e69bcd7ed1a1983ed53 -> 
  custom:scripting/monoscript/fileName/BuildHelpers.cs: 52ee9552b5cbbfe4eb60d480e36ffff5 -> 
  custom:scripting/monoscript/fileName/HPReverbG2ControllerProfile.cs: 6aadb5e22feaccfa77ef6db6c4d4541c -> 
  custom:scripting/monoscript/fileName/XRLoaderOrderUI.cs: 7bb0491ac9109774b097f2da80cd0c03 -> 
  custom:scripting/monoscript/fileName/AndroidManifestBuildEventReceiver.cs: 641c0bff5eb90d0569a809ea302132ee -> 
  custom:video-encoder-webm-vp8: eb34c28f22e8b96e1ab97ce403110664 -> 
  custom:scripting/monoscript/fileName/BootConfig.cs: b2c4d54615a39b14509e601dd0f329ff -> 
  custom:audio-decoder-ogg-vorbis: bf7c407c2cedff20999df2af8eb42d56 -> 
  custom:scripting/precompiled-assembly-types:Unity.XR.OpenXR.Features.MetaQuestSupport: d273bae1c8d7007d6b0fe4b360a89ef1 -> 
  custom:scripting/monoscript/fileName/IAndroidManifestRequirementProvider.cs: 42bf6f4b06629c812bd73f8ff461fec4 -> 
  custom:scripting/monoscript/fileName/XrPerformanceSettingsFeature.cs: d323744d9bc61085862cbc785e1f985c -> 
  custom:scripting/monoscript/fileName/OpenXRPackageSettings.cs: 4f4aaba453bf105fb1c3c3d64247142d -> 
  custom:scripting/monoscript/fileName/ModifyAndroidManifestMeta.cs: 3b920058e4dd8cbdb95cce4af271f981 -> 
  custom:scripting/monoscript/fileName/EditorUtilities.cs: 219d482e32bf0c01357e773617418955 -> 
  custom:scripting/monoscript/fileName/OpenXRFeatureSetAttribute.cs: 9e20f05fe0a3688af8836175869f0bb7 -> 
  custom:scripting/monoscript/fileName/XRPackageInitialization.cs: 1f095dd277a284b59543541a608de1da -> 
  custom:scripting/monoscript/fileName/FoveatedRenderingFeature.cs: 3cd591174f2fee5d1b0d6a1875383a9b -> 
  custom:scripting/monoscript/fileName/KnownPackages.cs: 8647f39ea28525d7cb72646ed790f6ec -> 
  custom:scripting/monoscript/fileName/HapticControl.cs: d7a5389cafde2a1337c58e2f0d91a837 -> 
  custom:scripting/monoscript/fileName/MetaQuestFeature.cs: b9c317336250afc5bb5fa2c2df269ea6 -> 
  custom:scripting/precompiled-assembly-types:Unity.XR.Interaction.Toolkit.Samples.DeviceSimulator: b1a8126a568547b099f25fc1d4f742a8 -> 
  custom:scripting/monoscript/fileName/XrPerformanceSettingsTypes.cs: 5bc9c5b4646eff91646254ce341c6683 -> 
  custom:scripting/monoscript/fileName/OpenXRRuntimeSelector.cs: 929d3ce28c815a19c6c335174420bf6b -> 
  custom:scripting/monoscript/fileName/OpenXRFeatureEditor.cs: 01dd3fecc4e9c7ce9fb6af5d0948ba2a -> 
  custom:scripting/monoscript/fileName/XRConstants.cs: 1558884a4b0ea94b4910dd640a0e6741 -> 
  custom:scripting/monoscript/fileName/BuildHelperUtils.cs: 619773c3d1b7f3f0ca7461f5c27242a8 -> 
  custom:scripting/monoscript/fileName/HandInteractionProfile.cs: 9c7649bd495ee99cc73ddacbe0a8cd95 -> 
  custom:scripting/monoscript/fileName/XRManagementAnalytics.cs: 546181baf4c03dbbd57015a6731508f8 -> 
  custom:scripting/monoscript/fileName/ModifyAndroidManifestOculus.cs: 1d09740e7edd66fffc5895aae9e385d3 -> 
  custom:scripting/monoscript/fileName/XRPackage.cs: f2edbbf87f9b798abaf2a9f285d155f5 -> 
  custom:audio-encoder-webm-vorbis: bf7c407c2cedff20999df2af8eb42d56 -> 
  custom:scripting/monoscript/fileName/RuntimeDebuggerOpenXRFeature.cs: 8b269b64ad1c99e85d7f28185c15f7bb -> 
  custom:scripting/monoscript/fileName/MetaQuestFeatureBuildHooks.cs: 2ac755c66ffd4e4b7c22530386a7ba47 -> 
  custom:scripting/monoscript/fileName/AndroidManifestDocument.cs: 4c38ca7417a5355dfe2fd0b706ad71e8 -> 
  custom:scripting/monoscript/fileName/XRPackageInitializationSettings.cs: 2f743437d3b09c9a4a5a33e9be971b1a -> 
  custom:scripting/monoscript/fileName/XRPackageMetadata.cs: 16731333f575d8bc31df496aced36ebf -> 
  custom:scripting/monoscript/fileName/OpenXRInput.cs: b351db87f98ee399e568b78e0ed353e3 -> 
  custom:scripting/monoscript/fileName/OpenXRInteractionFeature.cs: a60484418ad6b497996467bb6f98db73 -> 
  custom:scripting/monoscript/fileName/OpenXRSettings.cs: f8ff4c7422697fc56884f260233aaf86 -> 
  custom:scripting/monoscript/fileName/OpenXREditorSettings.cs: 321e3a8126bc4b0248cbcecf63892f31 -> 
  custom:scripting/monoscript/fileName/OpenXRProjectValidation.cs: 181508e149a91a64c6dfdc447b97c322 -> 
========================================================================
Received Prepare
Caller must complete domain reload
Begin MonoManager ReloadAssembly
- Loaded All Assemblies, in  1.118 seconds
Native extension for WindowsStandalone target not found
Mono: successfully reloaded assembly
[Package Manager] Server::EnsureServerProcessIsRunning -- launch failed, reason: Unity was launched with the -noUpm command-line argument
[Package Manager] UpmClient::Send -- Unable to send message (not connected to UPM process).
[Package Manager] Cannot connect to Unity Package Manager local server
- Finished resetting the current domain, in  2.983 seconds
Domain Reload Profiling: 4095ms
	BeginReloadAssembly (390ms)
		ExecutionOrderSort (0ms)
		DisableScriptedObjects (12ms)
		BackupInstance (0ms)
		ReleaseScriptingObjects (0ms)
		CreateAndSetChildDomain (90ms)
	RebuildCommonClasses (83ms)
	RebuildNativeTypeToScriptingClass (30ms)
	initialDomainReloadingComplete (76ms)
	LoadAllAssembliesAndSetupDomain (532ms)
		LoadAssemblies (709ms)
		RebuildTransferFunctionScriptingTraits (0ms)
		AnalyzeDomain (37ms)
			TypeCache.Refresh (12ms)
				TypeCache.ScanAssembly (0ms)
			ScanForSourceGeneratedMonoScriptInfo (0ms)
			ResolveRequiredComponents (20ms)
	FinalizeReload (2984ms)
		ReleaseScriptCaches (0ms)
		RebuildScriptCaches (0ms)
		SetupLoadedEditorAssemblies (1337ms)
			LogAssemblyErrors (0ms)
			InitializePlatformSupportModulesInManaged (15ms)
			SetLoadedEditorAssemblies (6ms)
			RefreshPlugins (0ms)
			BeforeProcessingInitializeOnLoad (184ms)
			ProcessInitializeOnLoadAttributes (977ms)
			ProcessInitializeOnLoadMethodAttributes (137ms)
			AfterProcessingInitializeOnLoad (18ms)
			EditorAssembliesLoaded (1ms)
		ExecutionOrderSort2 (0ms)
		AwakeInstancesAfterBackupRestoration (19ms)
Refreshing native plugins compatible for Editor in 37.02 ms, found 10 plugins.
Preloading 0 native plugins for Editor in 0.00 ms.
Unloading 4968 Unused Serialized files (Serialized files now loaded: 0)
Unloading 68 unused Assets / (57.1 KB). Loaded Objects now: 5516.
Memory consumption went from 172.1 MB to 172.0 MB.
Total: 11.026600 ms (FindLiveObjects: 1.019400 ms CreateObjectMapping: 0.816400 ms MarkObjects: 8.966100 ms  DeleteObjects: 0.222500 ms)

Prepare: number of updated asset objects reloaded= 0
AssetImportParameters requested are different than current active one (requested -> active):
  custom:scripting/monoscript/fileName/DPadInteraction.cs: 93f85c8ba74c4199c8fc9b6e8c6fb8a6 -> 
  custom:scripting/monoscript/fileName/OpenXRFeatureSettingsEditor.cs: 46f7bc9b6667349416d592c92274a2cd -> 
  custom:container-demuxer-ogg: 62fdf1f143b41e24485cea50d1cbac27 -> 
  custom:scripting/monoscript/fileName/UWPCoreWindowBuildHooks.cs: 528ee0545204f8083d130ec04efc78bc -> 
  custom:scripting/monoscript/fileName/OpenXRLoaderBase.cs: 0b6a60b837fc38165e3eaf7aaf2bf3e3 -> 
  custom:scripting/monoscript/fileName/MetaQuestFeatureEditor.cs: fff340053bb2e94334d0d5989f2eb349 -> 
  custom:scripting/monoscript/fileName/XRDeviceSimulatorControllerUI.cs: 1fdda016482e80c4f698bd161ca6a92f -> 
  custom:scripting/monoscript/fileName/XRDeviceSimulatorUI.cs: 0ec50ce90bac5e819d9ddb292ac27c71 -> 
  custom:scripting/precompiled-assembly-types:Unity.XR.Management.Editor: 220852eb385ea4cc2eb66eb943d70995 -> 
  custom:scripting/monoscript/fileName/PalmPoseInteraction.cs: 6bd25b6029acb9127f25748cb0b6d2a8 -> 
  custom:scripting/precompiled-assembly-types:Unity.XR.OpenXR.Editor: b2a8f17f09055950b7f19e2845cbc5c2 -> 
  custom:scripting/monoscript/fileName/MetaQuestTouchPlusControllerProfile.cs: 4b9439e11567c27c85546e11bafeabe7 -> 
  custom:scripting/monoscript/fileName/XRPluginManagementProjectValidation.cs: 12841b9f0a8da6fb46dd05260375325e -> 
  custom:scripting/monoscript/fileName/OpenXRRuntime.cs: c3a00f9ce6a0283dcb391b83637adf44 -> 
  custom:video-decoder-ogg-theora: a1e56fd34408186e4bbccfd4996cb3dc -> 
  custom:scripting/monoscript/fileName/XRGeneralSettingsPerBuildTarget.cs: 6970e5bff368910038049eb1434facbf -> 
  custom:scripting/monoscript/fileName/MetaQuestTouchProControllerProfile.cs: 9fffae235d4c14901711127c7daeb86c -> 
  custom:scripting/monoscript/fileName/OpenXRConstants.cs: f878d042bd3999b796b9387b0c8a1032 -> 
  custom:scripting/monoscript/fileName/OpenXRFeatureUICommon.cs: 45f7a59cd9c5cd84e28e0f7a429879c2 -> 
  custom:scripting/precompiled-assembly-types:Unity.XR.OpenXR.Features.OculusQuestSupport.Editor: c62b8d05b94c435029ef9fc43d7261ca -> 
  custom:scripting/monoscript/fileName/XRLoaderInfo.cs: 86fa513bfc04d58509db292069910bf2 -> 
  custom:framework-win-MediaFoundation: 216162199b28c13a410421893ffa2e32 -> 
  custom:scripting/monoscript/fileName/OpenXRLoaderUI.cs: ebd8d704d5e26f054d43886c272cd005 -> 
  custom:scripting/monoscript/fileName/WaitForRestartFinish.cs: 0e76bf389cf347a5d8d6432ec661895f -> 
  custom:scripting/monoscript/fileName/OpenXRFeatureSettings.cs: 90647cc400823b41df847a6cbfc29026 -> 
  custom:scripting/monoscript/fileName/OpenXRBuildProcessor.cs: 48dc0e114f75799c0d74bafe70808189 -> 
  custom:scripting/monoscript/fileName/KHRSimpleControllerProfile.cs: bcdcb81587b2075f7af2f75706b9e69a -> 
  custom:scripting/monoscript/fileName/OpenXRFeatureInternal.cs: 90647cc400823b41df847a6cbfc29026 -> 
  custom:scripting/monoscript/fileName/OpenXRSpaceSettings.cs: 90647cc400823b41df847a6cbfc29026 -> 
  custom:scripting/monoscript/fileName/DPadInteractionCustomEditor.cs: d93785eeae2b4d41d39f603bd6f9849d -> 
  custom:scripting/precompiled-assembly-types:Unity.XR.OpenXR.Features.RuntimeDebugger.Editor: e1cc4b3ad1ade1a1503c3d79a1cfcaf0 -> 
  custom:scripting/monoscript/fileName/XRSettingsManager.cs: 701988ef3c16e84d3bc781477493ab34 -> 
  custom:scripting/monoscript/fileName/ConformanceAutomationFeature.cs: 97112e825fad9ed87f6a9c7acc231c0b -> 
  custom:scripting/monoscript/fileName/IXRLoaderPreInit.cs: 4dbca4fbe4a89e2a18943694f414e3a9 -> 
  custom:scripting/monoscript/fileName/XRGeneralBuildProcessor.cs: d52e14652f14fd6e56a66a859653fea9 -> 
  custom:scripting/monoscript/fileName/XRGeneralSettings.cs: 01e68fef49e5cbf622bb7b4ffc622d89 -> 
  custom:scripting/monoscript/fileName/XRManagerEditor.cs: 6847a9ea85cd2d801d895b625e9590ff -> 
  custom:scripting/monoscript/fileName/FeatureHelpers.cs: 0e8d07707daeed1da30b1605e903226b -> 
  custom:scripting/monoscript/fileName/DebuggerState.cs: 41070b7a08cc178a9ea51324cdaf5b81 -> 
  custom:scripting/monoscript/fileName/XRBuildProcessorHelper.cs: 90647cc400823b41df847a6cbfc29026 -> 
  custom:scripting/monoscript/fileName/TypeLoaderExtensions.cs: ee5d3b5e5d81c98c5d3594e8b9153df0 -> 
  custom:scripting/precompiled-assembly-types:Unity.XR.OpenXR.Features.OculusQuestSupport: d15f77eecb71f285045ab68c6a5ab3aa -> 
  custom:CustomObjectIndexerAttribute: 9a22284fe3817be447336de3de66b15e -> 
  custom:scripting/monoscript/fileName/OpenXRHmd.cs: 1624687aa096b40d58d149d9c6304cca -> 
  custom:scripting/precompiled-assembly-types:Unity.XR.OpenXR.Features.MetaQuestSupport.Editor: d29ebede884d38e464c8dad49331ddbf -> 
  custom:scripting/monoscript/fileName/XRConfigurationProvider.cs: fa91ddd62be7b4c45bfd03890af30249 -> 
  custom:scripting/monoscript/fileName/ManifestElement.cs: c30b57498d373b7476c4d7dfdaee189c -> 
  custom:scripting/monoscript/fileName/OpenXRMangementSettings.cs: 5a013b6c45b1e1d06085cb1496493b86 -> 
  custom:scripting/monoscript/fileName/XREditorWorkQueue.cs: 8e928039a032f154dc8a86537aaac69a -> 
  custom:scripting/monoscript/fileName/OculusTouchControllerProfile.cs: 03df51b5c781d1980f509408bae72bc8 -> 
  custom:scripting/precompiled-assembly-types:Unity.XR.Management: f5b1b59a8f17cb331d61fd7665721dab -> 
  custom:scripting/monoscript/fileName/ManifestRequirement.cs: d0237042ed94ccc3267a409cde8490a6 -> 
  custom:scripting/monoscript/fileName/OpenXRNativeTypes.cs: 11be60823314f621c1b0bb94bf4fe744 -> 
  custom:container-demuxer-webm: 4f35f7cbe854078d1ac9338744f61a02 -> 
  custom:scripting/monoscript/fileName/KnownFeatureSets.cs: 2cf391597f07a52473981e9cc2b41b67 -> 
  custom:scripting/precompiled-assembly-types:Unity.XR.OpenXR.Features.MockRuntime: e75d918d8106c27865ca5517b4bdd194 -> 
  custom:scripting/monoscript/fileName/PackageNotificationUtils.cs: e493f521fc1755dec19875ae28a4f621 -> 
  custom:scripting/monoscript/fileName/OpenXRProjectValidationRulesSetup.cs: 63c520149123eced22b6028c5ebd9d08 -> 
  custom:scripting/monoscript/fileName/XRPackageMetadataStore.cs: e06e5e9ffca9529e9db63900dd9caf32 -> 
  custom:scripting/monoscript/fileName/XRLoaderInfoManager.cs: 28efaa63edac30b89ccc35ca2bf149fa -> 
  custom:scripting/monoscript/fileName/XRConfigurationData.cs: 2cf07b13d54bfee2898ed6dc38612fbb -> 
  custom:scripting/monoscript/fileName/MicrosoftHandInteraction.cs: dac920740153b0163dda0f7e56920e40 -> 
  custom:scripting/monoscript/fileName/RuntimeDebuggerWindow.cs: 0bc1d5ee7ce2553d42d62861471f3c44 -> 
  custom:scripting/monoscript/fileName/PackageSettingsEditor.cs: 6212fddebb8f67c4da0f50592230839b -> 
  custom:scripting/monoscript/fileName/OpenXRFeature.cs: a84888103ea4406f238a41c42d12d002 -> 
  custom:scripting/monoscript/fileName/XRManagerSettings.cs: 39a1227fa3c478af29a735ec246b6baf -> 
  custom:scripting/monoscript/fileName/XRCustomLoaderUIManager.cs: 4be5a8f671a1d808dd1496961b79b86b -> 
  custom:container-muxer-webm: aa71ff27fc2769a1b78a27578f13a17b -> 
  custom:scripting/precompiled-assembly-types:Unity.XR.OpenXR: 6b540efea7d7bcf04b31853b4d2f54c0 -> 
  custom:scripting/monoscript/fileName/OpenXRLoader.cs: 2a03893d4aa4b960c2f49090b4b03a7b -> 
  custom:scripting/monoscript/fileName/ValveIndexControllerProfile.cs: f923b1771c835a70375d3505e818878d -> 
  custom:scripting/monoscript/fileName/OculusQuestFeatureEditor.cs: af70b82209b4cf6ce20a2da2892dfc5f -> 
  custom:video-decoder-webm-vp8: 9c59270c3fd7afecdb556c50c9e8de78 -> 
  custom:scripting/monoscript/fileName/OpenXRChooseRuntimeLibraries.cs: 3923c2f1337a35d737ad0192eb46b432 -> 
  custom:scripting/monoscript/fileName/OculusQuestFeature.cs: 041c3418dd65b8e99ca410c708996814 -> 
  custom:scripting/monoscript/fileName/OpenXRFeatureSetManager.cs: 4f340a53d115a7e1888d00ddc4cd614b -> 
  custom:scripting/monoscript/fileName/OpenXRColorSubmissonModeList.cs: 62c3c48199b3c893ece86757b75b0604 -> 
  custom:scripting/monoscript/fileName/OpenXRUtility.cs: af9b8bca68ffa2bc69f78ec0da9cf1fd -> 
  custom:SearchIndexIgnoredProperties: e643bd26f0fe6173181afceb89e7c659 -> 
  custom:scripting/monoscript/fileName/XRGeneralSettingsUpgrade.cs: cc8d2e81204b3fd0e662cd38ef4a2d49 -> 
  custom:AudioImporter_EditorPlatform: d09bf68614088b80899f8185d706f6e7 -> 
  custom:scripting/monoscript/fileName/MockRuntime.cs: 8e970d93da4762c7d57e9c9dd2b36dbb -> 
  custom:scripting/monoscript/fileName/OpenXRDevice.cs: 1b3be9b024fb29351711164fb0577202 -> 
  custom:scripting/monoscript/fileName/OpenXRUnityAPI.cs: 95d0f03221767acb8a4a43279af12154 -> 
  custom:scripting/monoscript/fileName/HTCViveControllerProfile.cs: 575b921c71649e99576a05f0add9cf5d -> 
  custom:scripting/monoscript/fileName/XRDeviceSimulatorHandsUI.cs: bca3963bba47bbf101fe9d7e7dd07836 -> 
  custom:scripting/monoscript/fileName/XRCustomLoaderUI.cs: a1b6225426bb5004db8b9d7388fe5771 -> 
  custom:scripting/monoscript/fileName/BootConfigBuilder.cs: a174d8870c7a69fabc7d42a75b0f23aa -> 
  custom:scripting/precompiled-assembly-types:Unity.XR.OpenXR.Features.RuntimeDebugger: 81fc02b8029ab9c0bce4eaa33a13e7d8 -> 
  custom:scripting/monoscript/fileName/OpenXRRenderSettings.cs: 90647cc400823b41df847a6cbfc29026 -> 
  custom:scripting/monoscript/fileName/EyeGazeInteraction.cs: dc1f12620c8656649cfc16f13969f5fa -> 
  custom:scripting/monoscript/fileName/OpenXRAnalytics.cs: 67d5de80ae8e3ee46bb1b4907783d54c -> 
  custom:scripting/monoscript/fileName/XRLoaderHelper.cs: ae85c4c4a11fcc1ed3393963333e400c -> 
  custom:scripting/monoscript/fileName/MicrosoftMotionControllerProfile.cs: 6dcaa2067404bed7771687f2f9dfa057 -> 
  custom:scripting/monoscript/fileName/XRLoader.cs: d82cec0b87bab7dffe74fb3651887ce3 -> 
  custom:scripting/monoscript/fileName/OpenXRRestarter.cs: c236f3f43c026f409512d203b81e6184 -> 
  custom:scripting/monoscript/fileName/OpenXRFeatureAttribute.cs: 99305d666df750d87e7264e3c7ae4f2a -> 
  custom:scripting/monoscript/fileName/XRSupportedBuildTargetAttribute.cs: f87a91ba911f6030453bea8d921b45d2 -> 
  custom:scripting/monoscript/fileName/OpenXRLoaderNoPreInit.cs: 8f7a064e1e0bb6e17b9f5d171fe53dfc -> 
  custom:scripting/monoscript/fileName/AndroidManifestProcessor.cs: d8dd4961c18e43fcd707eb950405363a -> 
  custom:scripting/precompiled-assembly-types:Unity.XR.OpenXR.Features.ConformanceAutomation: daaea684d78afe5278ff971b66e0fbf9 -> 
  custom:scripting/monoscript/fileName/HandCommonPosesInteraction.cs: c984aa78f460c3bf39ec56bc9a0a414a -> 
  custom:scripting/monoscript/fileName/OpenXRDiagnosticReport.cs: f43e8307d90025ed39c346ed63d1208d -> 
  custom:scripting/monoscript/fileName/RuntimeDebuggerOpenXRFeatureEditor.cs: 26a9be57964b520d3a47d8c20db877e9 -> 
  custom:scripting/monoscript/fileName/PoseControl.cs: 4ff0d325328ef40fb1693e34ac3358bf -> 26044499bf9bfd77ab38d92d33de1d80
  custom:scripting/monoscript/fileName/OpenXRFeatureBuildHooks.cs: da31756dd3c74e69bcd7ed1a1983ed53 -> 
  custom:scripting/monoscript/fileName/BuildHelpers.cs: 52ee9552b5cbbfe4eb60d480e36ffff5 -> 
  custom:scripting/monoscript/fileName/HPReverbG2ControllerProfile.cs: 6aadb5e22feaccfa77ef6db6c4d4541c -> 
  custom:scripting/monoscript/fileName/XRLoaderOrderUI.cs: 7bb0491ac9109774b097f2da80cd0c03 -> 
  custom:scripting/monoscript/fileName/AndroidManifestBuildEventReceiver.cs: 641c0bff5eb90d0569a809ea302132ee -> 
  custom:video-encoder-webm-vp8: eb34c28f22e8b96e1ab97ce403110664 -> 
  custom:scripting/monoscript/fileName/BootConfig.cs: b2c4d54615a39b14509e601dd0f329ff -> 
  custom:audio-decoder-ogg-vorbis: bf7c407c2cedff20999df2af8eb42d56 -> 
  custom:scripting/precompiled-assembly-types:Unity.XR.OpenXR.Features.MetaQuestSupport: d273bae1c8d7007d6b0fe4b360a89ef1 -> 
  custom:scripting/monoscript/fileName/IAndroidManifestRequirementProvider.cs: 42bf6f4b06629c812bd73f8ff461fec4 -> 
  custom:scripting/monoscript/fileName/XrPerformanceSettingsFeature.cs: d323744d9bc61085862cbc785e1f985c -> 
  custom:scripting/monoscript/fileName/OpenXRPackageSettings.cs: 4f4aaba453bf105fb1c3c3d64247142d -> 
  custom:scripting/monoscript/fileName/ModifyAndroidManifestMeta.cs: 3b920058e4dd8cbdb95cce4af271f981 -> 
  custom:scripting/monoscript/fileName/EditorUtilities.cs: 219d482e32bf0c01357e773617418955 -> 
  custom:scripting/monoscript/fileName/OpenXRFeatureSetAttribute.cs: 9e20f05fe0a3688af8836175869f0bb7 -> 
  custom:scripting/monoscript/fileName/XRPackageInitialization.cs: 1f095dd277a284b59543541a608de1da -> 
  custom:scripting/monoscript/fileName/FoveatedRenderingFeature.cs: 3cd591174f2fee5d1b0d6a1875383a9b -> 
  custom:scripting/monoscript/fileName/KnownPackages.cs: 8647f39ea28525d7cb72646ed790f6ec -> 
  custom:scripting/monoscript/fileName/HapticControl.cs: d7a5389cafde2a1337c58e2f0d91a837 -> 
  custom:scripting/monoscript/fileName/MetaQuestFeature.cs: b9c317336250afc5bb5fa2c2df269ea6 -> 
  custom:scripting/precompiled-assembly-types:Unity.XR.Interaction.Toolkit.Samples.DeviceSimulator: b1a8126a568547b099f25fc1d4f742a8 -> 
  custom:scripting/monoscript/fileName/XrPerformanceSettingsTypes.cs: 5bc9c5b4646eff91646254ce341c6683 -> 
  custom:scripting/monoscript/fileName/OpenXRRuntimeSelector.cs: 929d3ce28c815a19c6c335174420bf6b -> 
  custom:scripting/monoscript/fileName/OpenXRFeatureEditor.cs: 01dd3fecc4e9c7ce9fb6af5d0948ba2a -> 
  custom:scripting/monoscript/fileName/XRConstants.cs: 1558884a4b0ea94b4910dd640a0e6741 -> 
  custom:scripting/monoscript/fileName/BuildHelperUtils.cs: 619773c3d1b7f3f0ca7461f5c27242a8 -> 
  custom:scripting/monoscript/fileName/HandInteractionProfile.cs: 9c7649bd495ee99cc73ddacbe0a8cd95 -> 
  custom:scripting/monoscript/fileName/XRManagementAnalytics.cs: 546181baf4c03dbbd57015a6731508f8 -> 
  custom:scripting/monoscript/fileName/ModifyAndroidManifestOculus.cs: 1d09740e7edd66fffc5895aae9e385d3 -> 
  custom:scripting/monoscript/fileName/XRPackage.cs: f2edbbf87f9b798abaf2a9f285d155f5 -> 
  custom:audio-encoder-webm-vorbis: bf7c407c2cedff20999df2af8eb42d56 -> 
  custom:scripting/monoscript/fileName/RuntimeDebuggerOpenXRFeature.cs: 8b269b64ad1c99e85d7f28185c15f7bb -> 
  custom:scripting/monoscript/fileName/MetaQuestFeatureBuildHooks.cs: 2ac755c66ffd4e4b7c22530386a7ba47 -> 
  custom:scripting/monoscript/fileName/AndroidManifestDocument.cs: 4c38ca7417a5355dfe2fd0b706ad71e8 -> 
  custom:scripting/monoscript/fileName/XRPackageInitializationSettings.cs: 2f743437d3b09c9a4a5a33e9be971b1a -> 
  custom:scripting/monoscript/fileName/XRPackageMetadata.cs: 16731333f575d8bc31df496aced36ebf -> 
  custom:scripting/monoscript/fileName/OpenXRInput.cs: b351db87f98ee399e568b78e0ed353e3 -> 
  custom:scripting/monoscript/fileName/OpenXRInteractionFeature.cs: a60484418ad6b497996467bb6f98db73 -> 
  custom:scripting/monoscript/fileName/OpenXRSettings.cs: f8ff4c7422697fc56884f260233aaf86 -> 
  custom:scripting/monoscript/fileName/OpenXREditorSettings.cs: 321e3a8126bc4b0248cbcecf63892f31 -> 
  custom:scripting/monoscript/fileName/OpenXRProjectValidation.cs: 181508e149a91a64c6dfdc447b97c322 -> 
========================================================================
Received Prepare
Caller must complete domain reload
Begin MonoManager ReloadAssembly
- Loaded All Assemblies, in  1.202 seconds
Native extension for WindowsStandalone target not found
Mono: successfully reloaded assembly
[Package Manager] Server::EnsureServerProcessIsRunning -- launch failed, reason: Unity was launched with the -noUpm command-line argument
[Package Manager] UpmClient::Send -- Unable to send message (not connected to UPM process).
[Package Manager] Cannot connect to Unity Package Manager local server
- Finished resetting the current domain, in  5.061 seconds
Domain Reload Profiling: 6257ms
	BeginReloadAssembly (349ms)
		ExecutionOrderSort (0ms)
		DisableScriptedObjects (10ms)
		BackupInstance (0ms)
		ReleaseScriptingObjects (0ms)
		CreateAndSetChildDomain (67ms)
	RebuildCommonClasses (100ms)
	RebuildNativeTypeToScriptingClass (35ms)
	initialDomainReloadingComplete (75ms)
	LoadAllAssembliesAndSetupDomain (634ms)
		LoadAssemblies (797ms)
		RebuildTransferFunctionScriptingTraits (0ms)
		AnalyzeDomain (48ms)
			TypeCache.Refresh (16ms)
				TypeCache.ScanAssembly (0ms)
			ScanForSourceGeneratedMonoScriptInfo (1ms)
			ResolveRequiredComponents (26ms)
	FinalizeReload (5063ms)
		ReleaseScriptCaches (0ms)
		RebuildScriptCaches (0ms)
		SetupLoadedEditorAssemblies (2836ms)
			LogAssemblyErrors (0ms)
			InitializePlatformSupportModulesInManaged (29ms)
			SetLoadedEditorAssemblies (11ms)
			RefreshPlugins (0ms)
			BeforeProcessingInitializeOnLoad (723ms)
			ProcessInitializeOnLoadAttributes (1837ms)
			ProcessInitializeOnLoadMethodAttributes (212ms)
			AfterProcessingInitializeOnLoad (23ms)
			EditorAssembliesLoaded (1ms)
		ExecutionOrderSort2 (0ms)
		AwakeInstancesAfterBackupRestoration (29ms)
Refreshing native plugins compatible for Editor in 55.63 ms, found 10 plugins.
Preloading 0 native plugins for Editor in 0.00 ms.
Unloading 4968 Unused Serialized files (Serialized files now loaded: 0)
Unloading 68 unused Assets / (57.1 KB). Loaded Objects now: 5520.
Memory consumption went from 172.0 MB to 172.0 MB.
Total: 14.511800 ms (FindLiveObjects: 1.151300 ms CreateObjectMapping: 0.540000 ms MarkObjects: 12.436300 ms  DeleteObjects: 0.381300 ms)

Prepare: number of updated asset objects reloaded= 0
AssetImportParameters requested are different than current active one (requested -> active):
  custom:scripting/monoscript/fileName/DPadInteraction.cs: 93f85c8ba74c4199c8fc9b6e8c6fb8a6 -> 
  custom:scripting/monoscript/fileName/OpenXRFeatureSettingsEditor.cs: 46f7bc9b6667349416d592c92274a2cd -> 
  custom:container-demuxer-ogg: 62fdf1f143b41e24485cea50d1cbac27 -> 
  custom:scripting/monoscript/fileName/UWPCoreWindowBuildHooks.cs: 528ee0545204f8083d130ec04efc78bc -> 
  custom:scripting/monoscript/fileName/OpenXRLoaderBase.cs: 0b6a60b837fc38165e3eaf7aaf2bf3e3 -> 
  custom:scripting/monoscript/fileName/MetaQuestFeatureEditor.cs: fff340053bb2e94334d0d5989f2eb349 -> 
  custom:scripting/monoscript/fileName/XRDeviceSimulatorControllerUI.cs: 1fdda016482e80c4f698bd161ca6a92f -> 
  custom:scripting/monoscript/fileName/XRDeviceSimulatorUI.cs: 0ec50ce90bac5e819d9ddb292ac27c71 -> 
  custom:scripting/precompiled-assembly-types:Unity.XR.Management.Editor: 220852eb385ea4cc2eb66eb943d70995 -> 
  custom:scripting/monoscript/fileName/PalmPoseInteraction.cs: 6bd25b6029acb9127f25748cb0b6d2a8 -> 
  custom:scripting/precompiled-assembly-types:Unity.XR.OpenXR.Editor: b2a8f17f09055950b7f19e2845cbc5c2 -> 
  custom:scripting/monoscript/fileName/MetaQuestTouchPlusControllerProfile.cs: 4b9439e11567c27c85546e11bafeabe7 -> 
  custom:scripting/monoscript/fileName/XRPluginManagementProjectValidation.cs: 12841b9f0a8da6fb46dd05260375325e -> 
  custom:scripting/monoscript/fileName/OpenXRRuntime.cs: c3a00f9ce6a0283dcb391b83637adf44 -> 
  custom:video-decoder-ogg-theora: a1e56fd34408186e4bbccfd4996cb3dc -> 
  custom:scripting/monoscript/fileName/XRGeneralSettingsPerBuildTarget.cs: 6970e5bff368910038049eb1434facbf -> 
  custom:scripting/monoscript/fileName/MetaQuestTouchProControllerProfile.cs: 9fffae235d4c14901711127c7daeb86c -> 
  custom:scripting/monoscript/fileName/OpenXRConstants.cs: f878d042bd3999b796b9387b0c8a1032 -> 
  custom:scripting/monoscript/fileName/OpenXRFeatureUICommon.cs: 45f7a59cd9c5cd84e28e0f7a429879c2 -> 
  custom:scripting/precompiled-assembly-types:Unity.XR.OpenXR.Features.OculusQuestSupport.Editor: c62b8d05b94c435029ef9fc43d7261ca -> 
  custom:scripting/monoscript/fileName/XRLoaderInfo.cs: 86fa513bfc04d58509db292069910bf2 -> 
  custom:framework-win-MediaFoundation: 216162199b28c13a410421893ffa2e32 -> 
  custom:scripting/monoscript/fileName/OpenXRLoaderUI.cs: ebd8d704d5e26f054d43886c272cd005 -> 
  custom:scripting/monoscript/fileName/WaitForRestartFinish.cs: 0e76bf389cf347a5d8d6432ec661895f -> 
  custom:scripting/monoscript/fileName/OpenXRFeatureSettings.cs: 90647cc400823b41df847a6cbfc29026 -> 
  custom:scripting/monoscript/fileName/OpenXRBuildProcessor.cs: 48dc0e114f75799c0d74bafe70808189 -> 
  custom:scripting/monoscript/fileName/KHRSimpleControllerProfile.cs: bcdcb81587b2075f7af2f75706b9e69a -> 
  custom:scripting/monoscript/fileName/OpenXRFeatureInternal.cs: 90647cc400823b41df847a6cbfc29026 -> 
  custom:scripting/monoscript/fileName/OpenXRSpaceSettings.cs: 90647cc400823b41df847a6cbfc29026 -> 
  custom:scripting/monoscript/fileName/DPadInteractionCustomEditor.cs: d93785eeae2b4d41d39f603bd6f9849d -> 
  custom:scripting/precompiled-assembly-types:Unity.XR.OpenXR.Features.RuntimeDebugger.Editor: e1cc4b3ad1ade1a1503c3d79a1cfcaf0 -> 
  custom:scripting/monoscript/fileName/XRSettingsManager.cs: 701988ef3c16e84d3bc781477493ab34 -> 
  custom:scripting/monoscript/fileName/ConformanceAutomationFeature.cs: 97112e825fad9ed87f6a9c7acc231c0b -> 
  custom:scripting/monoscript/fileName/IXRLoaderPreInit.cs: 4dbca4fbe4a89e2a18943694f414e3a9 -> 
  custom:scripting/monoscript/fileName/XRGeneralBuildProcessor.cs: d52e14652f14fd6e56a66a859653fea9 -> 
  custom:scripting/monoscript/fileName/XRGeneralSettings.cs: 01e68fef49e5cbf622bb7b4ffc622d89 -> 
  custom:scripting/monoscript/fileName/XRManagerEditor.cs: 6847a9ea85cd2d801d895b625e9590ff -> 
  custom:scripting/monoscript/fileName/FeatureHelpers.cs: 0e8d07707daeed1da30b1605e903226b -> 
  custom:scripting/monoscript/fileName/DebuggerState.cs: 41070b7a08cc178a9ea51324cdaf5b81 -> 
  custom:scripting/monoscript/fileName/XRBuildProcessorHelper.cs: 90647cc400823b41df847a6cbfc29026 -> 
  custom:scripting/monoscript/fileName/TypeLoaderExtensions.cs: ee5d3b5e5d81c98c5d3594e8b9153df0 -> 
  custom:scripting/precompiled-assembly-types:Unity.XR.OpenXR.Features.OculusQuestSupport: d15f77eecb71f285045ab68c6a5ab3aa -> 
  custom:CustomObjectIndexerAttribute: 9a22284fe3817be447336de3de66b15e -> 
  custom:scripting/monoscript/fileName/OpenXRHmd.cs: 1624687aa096b40d58d149d9c6304cca -> 
  custom:scripting/precompiled-assembly-types:Unity.XR.OpenXR.Features.MetaQuestSupport.Editor: d29ebede884d38e464c8dad49331ddbf -> 
  custom:scripting/monoscript/fileName/XRConfigurationProvider.cs: fa91ddd62be7b4c45bfd03890af30249 -> 
  custom:scripting/monoscript/fileName/ManifestElement.cs: c30b57498d373b7476c4d7dfdaee189c -> 
  custom:scripting/monoscript/fileName/OpenXRMangementSettings.cs: 5a013b6c45b1e1d06085cb1496493b86 -> 
  custom:scripting/monoscript/fileName/XREditorWorkQueue.cs: 8e928039a032f154dc8a86537aaac69a -> 
  custom:scripting/monoscript/fileName/OculusTouchControllerProfile.cs: 03df51b5c781d1980f509408bae72bc8 -> 
  custom:scripting/precompiled-assembly-types:Unity.XR.Management: f5b1b59a8f17cb331d61fd7665721dab -> 
  custom:scripting/monoscript/fileName/ManifestRequirement.cs: d0237042ed94ccc3267a409cde8490a6 -> 
  custom:scripting/monoscript/fileName/OpenXRNativeTypes.cs: 11be60823314f621c1b0bb94bf4fe744 -> 
  custom:container-demuxer-webm: 4f35f7cbe854078d1ac9338744f61a02 -> 
  custom:scripting/monoscript/fileName/KnownFeatureSets.cs: 2cf391597f07a52473981e9cc2b41b67 -> 
  custom:scripting/precompiled-assembly-types:Unity.XR.OpenXR.Features.MockRuntime: e75d918d8106c27865ca5517b4bdd194 -> 
  custom:scripting/monoscript/fileName/PackageNotificationUtils.cs: e493f521fc1755dec19875ae28a4f621 -> 
  custom:scripting/monoscript/fileName/OpenXRProjectValidationRulesSetup.cs: 63c520149123eced22b6028c5ebd9d08 -> 
  custom:scripting/monoscript/fileName/XRPackageMetadataStore.cs: e06e5e9ffca9529e9db63900dd9caf32 -> 
  custom:scripting/monoscript/fileName/XRLoaderInfoManager.cs: 28efaa63edac30b89ccc35ca2bf149fa -> 
  custom:scripting/monoscript/fileName/XRConfigurationData.cs: 2cf07b13d54bfee2898ed6dc38612fbb -> 
  custom:scripting/monoscript/fileName/MicrosoftHandInteraction.cs: dac920740153b0163dda0f7e56920e40 -> 
  custom:scripting/monoscript/fileName/RuntimeDebuggerWindow.cs: 0bc1d5ee7ce2553d42d62861471f3c44 -> 
  custom:scripting/monoscript/fileName/PackageSettingsEditor.cs: 6212fddebb8f67c4da0f50592230839b -> 
  custom:scripting/monoscript/fileName/OpenXRFeature.cs: a84888103ea4406f238a41c42d12d002 -> 
  custom:scripting/monoscript/fileName/XRManagerSettings.cs: 39a1227fa3c478af29a735ec246b6baf -> 
  custom:scripting/monoscript/fileName/XRCustomLoaderUIManager.cs: 4be5a8f671a1d808dd1496961b79b86b -> 
  custom:container-muxer-webm: aa71ff27fc2769a1b78a27578f13a17b -> 
  custom:scripting/precompiled-assembly-types:Unity.XR.OpenXR: 6b540efea7d7bcf04b31853b4d2f54c0 -> 
  custom:scripting/monoscript/fileName/OpenXRLoader.cs: 2a03893d4aa4b960c2f49090b4b03a7b -> 
  custom:scripting/monoscript/fileName/ValveIndexControllerProfile.cs: f923b1771c835a70375d3505e818878d -> 
  custom:scripting/monoscript/fileName/OculusQuestFeatureEditor.cs: af70b82209b4cf6ce20a2da2892dfc5f -> 
  custom:video-decoder-webm-vp8: 9c59270c3fd7afecdb556c50c9e8de78 -> 
  custom:scripting/monoscript/fileName/OpenXRChooseRuntimeLibraries.cs: 3923c2f1337a35d737ad0192eb46b432 -> 
  custom:scripting/monoscript/fileName/OculusQuestFeature.cs: 041c3418dd65b8e99ca410c708996814 -> 
  custom:scripting/monoscript/fileName/OpenXRFeatureSetManager.cs: 4f340a53d115a7e1888d00ddc4cd614b -> 
  custom:scripting/monoscript/fileName/OpenXRColorSubmissonModeList.cs: 62c3c48199b3c893ece86757b75b0604 -> 
  custom:scripting/monoscript/fileName/OpenXRUtility.cs: af9b8bca68ffa2bc69f78ec0da9cf1fd -> 
  custom:SearchIndexIgnoredProperties: e643bd26f0fe6173181afceb89e7c659 -> 
  custom:scripting/monoscript/fileName/XRGeneralSettingsUpgrade.cs: cc8d2e81204b3fd0e662cd38ef4a2d49 -> 
  custom:AudioImporter_EditorPlatform: d09bf68614088b80899f8185d706f6e7 -> 
  custom:scripting/monoscript/fileName/MockRuntime.cs: 8e970d93da4762c7d57e9c9dd2b36dbb -> 
  custom:scripting/monoscript/fileName/OpenXRDevice.cs: 1b3be9b024fb29351711164fb0577202 -> 
  custom:scripting/monoscript/fileName/OpenXRUnityAPI.cs: 95d0f03221767acb8a4a43279af12154 -> 
  custom:scripting/monoscript/fileName/HTCViveControllerProfile.cs: 575b921c71649e99576a05f0add9cf5d -> 
  custom:scripting/monoscript/fileName/XRDeviceSimulatorHandsUI.cs: bca3963bba47bbf101fe9d7e7dd07836 -> 
  custom:scripting/monoscript/fileName/XRCustomLoaderUI.cs: a1b6225426bb5004db8b9d7388fe5771 -> 
  custom:scripting/monoscript/fileName/BootConfigBuilder.cs: a174d8870c7a69fabc7d42a75b0f23aa -> 
  custom:scripting/precompiled-assembly-types:Unity.XR.OpenXR.Features.RuntimeDebugger: 81fc02b8029ab9c0bce4eaa33a13e7d8 -> 
  custom:scripting/monoscript/fileName/OpenXRRenderSettings.cs: 90647cc400823b41df847a6cbfc29026 -> 
  custom:scripting/monoscript/fileName/EyeGazeInteraction.cs: dc1f12620c8656649cfc16f13969f5fa -> 
  custom:scripting/monoscript/fileName/OpenXRAnalytics.cs: 67d5de80ae8e3ee46bb1b4907783d54c -> 
  custom:scripting/monoscript/fileName/XRLoaderHelper.cs: ae85c4c4a11fcc1ed3393963333e400c -> 
  custom:scripting/monoscript/fileName/MicrosoftMotionControllerProfile.cs: 6dcaa2067404bed7771687f2f9dfa057 -> 
  custom:scripting/monoscript/fileName/XRLoader.cs: d82cec0b87bab7dffe74fb3651887ce3 -> 
  custom:scripting/monoscript/fileName/OpenXRRestarter.cs: c236f3f43c026f409512d203b81e6184 -> 
  custom:scripting/monoscript/fileName/OpenXRFeatureAttribute.cs: 99305d666df750d87e7264e3c7ae4f2a -> 
  custom:scripting/monoscript/fileName/XRSupportedBuildTargetAttribute.cs: f87a91ba911f6030453bea8d921b45d2 -> 
  custom:scripting/monoscript/fileName/OpenXRLoaderNoPreInit.cs: 8f7a064e1e0bb6e17b9f5d171fe53dfc -> 
  custom:scripting/monoscript/fileName/AndroidManifestProcessor.cs: d8dd4961c18e43fcd707eb950405363a -> 
  custom:scripting/precompiled-assembly-types:Unity.XR.OpenXR.Features.ConformanceAutomation: daaea684d78afe5278ff971b66e0fbf9 -> 
  custom:scripting/monoscript/fileName/HandCommonPosesInteraction.cs: c984aa78f460c3bf39ec56bc9a0a414a -> 
  custom:scripting/monoscript/fileName/OpenXRDiagnosticReport.cs: f43e8307d90025ed39c346ed63d1208d -> 
  custom:scripting/monoscript/fileName/RuntimeDebuggerOpenXRFeatureEditor.cs: 26a9be57964b520d3a47d8c20db877e9 -> 
  custom:scripting/monoscript/fileName/PoseControl.cs: 4ff0d325328ef40fb1693e34ac3358bf -> 26044499bf9bfd77ab38d92d33de1d80
  custom:scripting/monoscript/fileName/OpenXRFeatureBuildHooks.cs: da31756dd3c74e69bcd7ed1a1983ed53 -> 
  custom:scripting/monoscript/fileName/BuildHelpers.cs: 52ee9552b5cbbfe4eb60d480e36ffff5 -> 
  custom:scripting/monoscript/fileName/HPReverbG2ControllerProfile.cs: 6aadb5e22feaccfa77ef6db6c4d4541c -> 
  custom:scripting/monoscript/fileName/XRLoaderOrderUI.cs: 7bb0491ac9109774b097f2da80cd0c03 -> 
  custom:scripting/monoscript/fileName/AndroidManifestBuildEventReceiver.cs: 641c0bff5eb90d0569a809ea302132ee -> 
  custom:video-encoder-webm-vp8: eb34c28f22e8b96e1ab97ce403110664 -> 
  custom:scripting/monoscript/fileName/BootConfig.cs: b2c4d54615a39b14509e601dd0f329ff -> 
  custom:audio-decoder-ogg-vorbis: bf7c407c2cedff20999df2af8eb42d56 -> 
  custom:scripting/precompiled-assembly-types:Unity.XR.OpenXR.Features.MetaQuestSupport: d273bae1c8d7007d6b0fe4b360a89ef1 -> 
  custom:scripting/monoscript/fileName/IAndroidManifestRequirementProvider.cs: 42bf6f4b06629c812bd73f8ff461fec4 -> 
  custom:scripting/monoscript/fileName/XrPerformanceSettingsFeature.cs: d323744d9bc61085862cbc785e1f985c -> 
  custom:scripting/monoscript/fileName/OpenXRPackageSettings.cs: 4f4aaba453bf105fb1c3c3d64247142d -> 
  custom:scripting/monoscript/fileName/ModifyAndroidManifestMeta.cs: 3b920058e4dd8cbdb95cce4af271f981 -> 
  custom:scripting/monoscript/fileName/EditorUtilities.cs: 219d482e32bf0c01357e773617418955 -> 
  custom:scripting/monoscript/fileName/OpenXRFeatureSetAttribute.cs: 9e20f05fe0a3688af8836175869f0bb7 -> 
  custom:scripting/monoscript/fileName/XRPackageInitialization.cs: 1f095dd277a284b59543541a608de1da -> 
  custom:scripting/monoscript/fileName/FoveatedRenderingFeature.cs: 3cd591174f2fee5d1b0d6a1875383a9b -> 
  custom:scripting/monoscript/fileName/KnownPackages.cs: 8647f39ea28525d7cb72646ed790f6ec -> 
  custom:scripting/monoscript/fileName/HapticControl.cs: d7a5389cafde2a1337c58e2f0d91a837 -> 
  custom:scripting/monoscript/fileName/MetaQuestFeature.cs: b9c317336250afc5bb5fa2c2df269ea6 -> 
  custom:scripting/precompiled-assembly-types:Unity.XR.Interaction.Toolkit.Samples.DeviceSimulator: b1a8126a568547b099f25fc1d4f742a8 -> 
  custom:scripting/monoscript/fileName/XrPerformanceSettingsTypes.cs: 5bc9c5b4646eff91646254ce341c6683 -> 
  custom:scripting/monoscript/fileName/OpenXRRuntimeSelector.cs: 929d3ce28c815a19c6c335174420bf6b -> 
  custom:scripting/monoscript/fileName/OpenXRFeatureEditor.cs: 01dd3fecc4e9c7ce9fb6af5d0948ba2a -> 
  custom:scripting/monoscript/fileName/XRConstants.cs: 1558884a4b0ea94b4910dd640a0e6741 -> 
  custom:scripting/monoscript/fileName/BuildHelperUtils.cs: 619773c3d1b7f3f0ca7461f5c27242a8 -> 
  custom:scripting/monoscript/fileName/HandInteractionProfile.cs: 9c7649bd495ee99cc73ddacbe0a8cd95 -> 
  custom:scripting/monoscript/fileName/XRManagementAnalytics.cs: 546181baf4c03dbbd57015a6731508f8 -> 
  custom:scripting/monoscript/fileName/ModifyAndroidManifestOculus.cs: 1d09740e7edd66fffc5895aae9e385d3 -> 
  custom:scripting/monoscript/fileName/XRPackage.cs: f2edbbf87f9b798abaf2a9f285d155f5 -> 
  custom:audio-encoder-webm-vorbis: bf7c407c2cedff20999df2af8eb42d56 -> 
  custom:scripting/monoscript/fileName/RuntimeDebuggerOpenXRFeature.cs: 8b269b64ad1c99e85d7f28185c15f7bb -> 
  custom:scripting/monoscript/fileName/MetaQuestFeatureBuildHooks.cs: 2ac755c66ffd4e4b7c22530386a7ba47 -> 
  custom:scripting/monoscript/fileName/AndroidManifestDocument.cs: 4c38ca7417a5355dfe2fd0b706ad71e8 -> 
  custom:scripting/monoscript/fileName/XRPackageInitializationSettings.cs: 2f743437d3b09c9a4a5a33e9be971b1a -> 
  custom:scripting/monoscript/fileName/XRPackageMetadata.cs: 16731333f575d8bc31df496aced36ebf -> 
  custom:scripting/monoscript/fileName/OpenXRInput.cs: b351db87f98ee399e568b78e0ed353e3 -> 
  custom:scripting/monoscript/fileName/OpenXRInteractionFeature.cs: a60484418ad6b497996467bb6f98db73 -> 
  custom:scripting/monoscript/fileName/OpenXRSettings.cs: f8ff4c7422697fc56884f260233aaf86 -> 
  custom:scripting/monoscript/fileName/OpenXREditorSettings.cs: 321e3a8126bc4b0248cbcecf63892f31 -> 
  custom:scripting/monoscript/fileName/OpenXRProjectValidation.cs: 181508e149a91a64c6dfdc447b97c322 -> 
========================================================================
Received Prepare
Caller must complete domain reload
Begin MonoManager ReloadAssembly
- Loaded All Assemblies, in  1.068 seconds
Native extension for WindowsStandalone target not found
Mono: successfully reloaded assembly
[Package Manager] Server::EnsureServerProcessIsRunning -- launch failed, reason: Unity was launched with the -noUpm command-line argument
[Package Manager] UpmClient::Send -- Unable to send message (not connected to UPM process).
[Package Manager] Cannot connect to Unity Package Manager local server
- Finished resetting the current domain, in  3.018 seconds
Domain Reload Profiling: 4081ms
	BeginReloadAssembly (343ms)
		ExecutionOrderSort (0ms)
		DisableScriptedObjects (11ms)
		BackupInstance (0ms)
		ReleaseScriptingObjects (0ms)
		CreateAndSetChildDomain (73ms)
	RebuildCommonClasses (84ms)
	RebuildNativeTypeToScriptingClass (25ms)
	initialDomainReloadingComplete (71ms)
	LoadAllAssembliesAndSetupDomain (538ms)
		LoadAssemblies (693ms)
		RebuildTransferFunctionScriptingTraits (0ms)
		AnalyzeDomain (36ms)
			TypeCache.Refresh (13ms)
				TypeCache.ScanAssembly (0ms)
			ScanForSourceGeneratedMonoScriptInfo (0ms)
			ResolveRequiredComponents (17ms)
	FinalizeReload (3019ms)
		ReleaseScriptCaches (0ms)
		RebuildScriptCaches (0ms)
		SetupLoadedEditorAssemblies (1426ms)
			LogAssemblyErrors (0ms)
			InitializePlatformSupportModulesInManaged (14ms)
			SetLoadedEditorAssemblies (7ms)
			RefreshPlugins (0ms)
			BeforeProcessingInitializeOnLoad (195ms)
			ProcessInitializeOnLoadAttributes (1053ms)
			ProcessInitializeOnLoadMethodAttributes (143ms)
			AfterProcessingInitializeOnLoad (14ms)
			EditorAssembliesLoaded (0ms)
		ExecutionOrderSort2 (0ms)
		AwakeInstancesAfterBackupRestoration (19ms)
Refreshing native plugins compatible for Editor in 40.29 ms, found 10 plugins.
Preloading 0 native plugins for Editor in 0.00 ms.
Unloading 4968 Unused Serialized files (Serialized files now loaded: 0)
Unloading 68 unused Assets / (57.0 KB). Loaded Objects now: 5524.
Memory consumption went from 172.1 MB to 172.0 MB.
Total: 11.267600 ms (FindLiveObjects: 1.295700 ms CreateObjectMapping: 0.691900 ms MarkObjects: 8.887800 ms  DeleteObjects: 0.388700 ms)

Prepare: number of updated asset objects reloaded= 0
AssetImportParameters requested are different than current active one (requested -> active):
  custom:scripting/monoscript/fileName/DPadInteraction.cs: 93f85c8ba74c4199c8fc9b6e8c6fb8a6 -> 
  custom:scripting/monoscript/fileName/OpenXRFeatureSettingsEditor.cs: 46f7bc9b6667349416d592c92274a2cd -> 
  custom:container-demuxer-ogg: 62fdf1f143b41e24485cea50d1cbac27 -> 
  custom:scripting/monoscript/fileName/UWPCoreWindowBuildHooks.cs: 528ee0545204f8083d130ec04efc78bc -> 
  custom:scripting/monoscript/fileName/OpenXRLoaderBase.cs: 0b6a60b837fc38165e3eaf7aaf2bf3e3 -> 
  custom:scripting/monoscript/fileName/MetaQuestFeatureEditor.cs: fff340053bb2e94334d0d5989f2eb349 -> 
  custom:scripting/monoscript/fileName/XRDeviceSimulatorControllerUI.cs: 1fdda016482e80c4f698bd161ca6a92f -> 
  custom:scripting/monoscript/fileName/XRDeviceSimulatorUI.cs: 0ec50ce90bac5e819d9ddb292ac27c71 -> 
  custom:scripting/precompiled-assembly-types:Unity.XR.Management.Editor: 220852eb385ea4cc2eb66eb943d70995 -> 
  custom:scripting/monoscript/fileName/PalmPoseInteraction.cs: 6bd25b6029acb9127f25748cb0b6d2a8 -> 
  custom:scripting/precompiled-assembly-types:Unity.XR.OpenXR.Editor: b2a8f17f09055950b7f19e2845cbc5c2 -> 
  custom:scripting/monoscript/fileName/MetaQuestTouchPlusControllerProfile.cs: 4b9439e11567c27c85546e11bafeabe7 -> 
  custom:scripting/monoscript/fileName/XRPluginManagementProjectValidation.cs: 12841b9f0a8da6fb46dd05260375325e -> 
  custom:scripting/monoscript/fileName/OpenXRRuntime.cs: c3a00f9ce6a0283dcb391b83637adf44 -> 
  custom:video-decoder-ogg-theora: a1e56fd34408186e4bbccfd4996cb3dc -> 
  custom:scripting/monoscript/fileName/XRGeneralSettingsPerBuildTarget.cs: 6970e5bff368910038049eb1434facbf -> 
  custom:scripting/monoscript/fileName/MetaQuestTouchProControllerProfile.cs: 9fffae235d4c14901711127c7daeb86c -> 
  custom:scripting/monoscript/fileName/OpenXRConstants.cs: f878d042bd3999b796b9387b0c8a1032 -> 
  custom:scripting/monoscript/fileName/OpenXRFeatureUICommon.cs: 45f7a59cd9c5cd84e28e0f7a429879c2 -> 
  custom:scripting/precompiled-assembly-types:Unity.XR.OpenXR.Features.OculusQuestSupport.Editor: c62b8d05b94c435029ef9fc43d7261ca -> 
  custom:scripting/monoscript/fileName/XRLoaderInfo.cs: 86fa513bfc04d58509db292069910bf2 -> 
  custom:framework-win-MediaFoundation: 216162199b28c13a410421893ffa2e32 -> 
  custom:scripting/monoscript/fileName/OpenXRLoaderUI.cs: ebd8d704d5e26f054d43886c272cd005 -> 
  custom:scripting/monoscript/fileName/WaitForRestartFinish.cs: 0e76bf389cf347a5d8d6432ec661895f -> 
  custom:scripting/monoscript/fileName/OpenXRFeatureSettings.cs: 90647cc400823b41df847a6cbfc29026 -> 
  custom:scripting/monoscript/fileName/OpenXRBuildProcessor.cs: 48dc0e114f75799c0d74bafe70808189 -> 
  custom:scripting/monoscript/fileName/KHRSimpleControllerProfile.cs: bcdcb81587b2075f7af2f75706b9e69a -> 
  custom:scripting/monoscript/fileName/OpenXRFeatureInternal.cs: 90647cc400823b41df847a6cbfc29026 -> 
  custom:scripting/monoscript/fileName/OpenXRSpaceSettings.cs: 90647cc400823b41df847a6cbfc29026 -> 
  custom:scripting/monoscript/fileName/DPadInteractionCustomEditor.cs: d93785eeae2b4d41d39f603bd6f9849d -> 
  custom:scripting/precompiled-assembly-types:Unity.XR.OpenXR.Features.RuntimeDebugger.Editor: e1cc4b3ad1ade1a1503c3d79a1cfcaf0 -> 
  custom:scripting/monoscript/fileName/XRSettingsManager.cs: 701988ef3c16e84d3bc781477493ab34 -> 
  custom:scripting/monoscript/fileName/ConformanceAutomationFeature.cs: 97112e825fad9ed87f6a9c7acc231c0b -> 
  custom:scripting/monoscript/fileName/IXRLoaderPreInit.cs: 4dbca4fbe4a89e2a18943694f414e3a9 -> 
  custom:scripting/monoscript/fileName/XRGeneralBuildProcessor.cs: d52e14652f14fd6e56a66a859653fea9 -> 
  custom:scripting/monoscript/fileName/XRGeneralSettings.cs: 01e68fef49e5cbf622bb7b4ffc622d89 -> 
  custom:scripting/monoscript/fileName/XRManagerEditor.cs: 6847a9ea85cd2d801d895b625e9590ff -> 
  custom:scripting/monoscript/fileName/FeatureHelpers.cs: 0e8d07707daeed1da30b1605e903226b -> 
  custom:scripting/monoscript/fileName/DebuggerState.cs: 41070b7a08cc178a9ea51324cdaf5b81 -> 
  custom:scripting/monoscript/fileName/XRBuildProcessorHelper.cs: 90647cc400823b41df847a6cbfc29026 -> 
  custom:scripting/monoscript/fileName/TypeLoaderExtensions.cs: ee5d3b5e5d81c98c5d3594e8b9153df0 -> 
  custom:scripting/precompiled-assembly-types:Unity.XR.OpenXR.Features.OculusQuestSupport: d15f77eecb71f285045ab68c6a5ab3aa -> 
  custom:CustomObjectIndexerAttribute: 9a22284fe3817be447336de3de66b15e -> 
  custom:scripting/monoscript/fileName/OpenXRHmd.cs: 1624687aa096b40d58d149d9c6304cca -> 
  custom:scripting/precompiled-assembly-types:Unity.XR.OpenXR.Features.MetaQuestSupport.Editor: d29ebede884d38e464c8dad49331ddbf -> 
  custom:scripting/monoscript/fileName/XRConfigurationProvider.cs: fa91ddd62be7b4c45bfd03890af30249 -> 
  custom:scripting/monoscript/fileName/ManifestElement.cs: c30b57498d373b7476c4d7dfdaee189c -> 
  custom:scripting/monoscript/fileName/OpenXRMangementSettings.cs: 5a013b6c45b1e1d06085cb1496493b86 -> 
  custom:scripting/monoscript/fileName/XREditorWorkQueue.cs: 8e928039a032f154dc8a86537aaac69a -> 
  custom:scripting/monoscript/fileName/OculusTouchControllerProfile.cs: 03df51b5c781d1980f509408bae72bc8 -> 
  custom:scripting/precompiled-assembly-types:Unity.XR.Management: f5b1b59a8f17cb331d61fd7665721dab -> 
  custom:scripting/monoscript/fileName/ManifestRequirement.cs: d0237042ed94ccc3267a409cde8490a6 -> 
  custom:scripting/monoscript/fileName/OpenXRNativeTypes.cs: 11be60823314f621c1b0bb94bf4fe744 -> 
  custom:container-demuxer-webm: 4f35f7cbe854078d1ac9338744f61a02 -> 
  custom:scripting/monoscript/fileName/KnownFeatureSets.cs: 2cf391597f07a52473981e9cc2b41b67 -> 
  custom:scripting/precompiled-assembly-types:Unity.XR.OpenXR.Features.MockRuntime: e75d918d8106c27865ca5517b4bdd194 -> 
  custom:scripting/monoscript/fileName/PackageNotificationUtils.cs: e493f521fc1755dec19875ae28a4f621 -> 
  custom:scripting/monoscript/fileName/OpenXRProjectValidationRulesSetup.cs: 63c520149123eced22b6028c5ebd9d08 -> 
  custom:scripting/monoscript/fileName/XRPackageMetadataStore.cs: e06e5e9ffca9529e9db63900dd9caf32 -> 
  custom:scripting/monoscript/fileName/XRLoaderInfoManager.cs: 28efaa63edac30b89ccc35ca2bf149fa -> 
  custom:scripting/monoscript/fileName/XRConfigurationData.cs: 2cf07b13d54bfee2898ed6dc38612fbb -> 
  custom:scripting/monoscript/fileName/MicrosoftHandInteraction.cs: dac920740153b0163dda0f7e56920e40 -> 
  custom:scripting/monoscript/fileName/RuntimeDebuggerWindow.cs: 0bc1d5ee7ce2553d42d62861471f3c44 -> 
  custom:scripting/monoscript/fileName/PackageSettingsEditor.cs: 6212fddebb8f67c4da0f50592230839b -> 
  custom:scripting/monoscript/fileName/OpenXRFeature.cs: a84888103ea4406f238a41c42d12d002 -> 
  custom:scripting/monoscript/fileName/XRManagerSettings.cs: 39a1227fa3c478af29a735ec246b6baf -> 
  custom:scripting/monoscript/fileName/XRCustomLoaderUIManager.cs: 4be5a8f671a1d808dd1496961b79b86b -> 
  custom:container-muxer-webm: aa71ff27fc2769a1b78a27578f13a17b -> 
  custom:scripting/precompiled-assembly-types:Unity.XR.OpenXR: 6b540efea7d7bcf04b31853b4d2f54c0 -> 
  custom:scripting/monoscript/fileName/OpenXRLoader.cs: 2a03893d4aa4b960c2f49090b4b03a7b -> 
  custom:scripting/monoscript/fileName/ValveIndexControllerProfile.cs: f923b1771c835a70375d3505e818878d -> 
  custom:scripting/monoscript/fileName/OculusQuestFeatureEditor.cs: af70b82209b4cf6ce20a2da2892dfc5f -> 
  custom:video-decoder-webm-vp8: 9c59270c3fd7afecdb556c50c9e8de78 -> 
  custom:scripting/monoscript/fileName/OpenXRChooseRuntimeLibraries.cs: 3923c2f1337a35d737ad0192eb46b432 -> 
  custom:scripting/monoscript/fileName/OculusQuestFeature.cs: 041c3418dd65b8e99ca410c708996814 -> 
  custom:scripting/monoscript/fileName/OpenXRFeatureSetManager.cs: 4f340a53d115a7e1888d00ddc4cd614b -> 
  custom:scripting/monoscript/fileName/OpenXRColorSubmissonModeList.cs: 62c3c48199b3c893ece86757b75b0604 -> 
  custom:scripting/monoscript/fileName/OpenXRUtility.cs: af9b8bca68ffa2bc69f78ec0da9cf1fd -> 
  custom:SearchIndexIgnoredProperties: e643bd26f0fe6173181afceb89e7c659 -> 
  custom:scripting/monoscript/fileName/XRGeneralSettingsUpgrade.cs: cc8d2e81204b3fd0e662cd38ef4a2d49 -> 
  custom:AudioImporter_EditorPlatform: d09bf68614088b80899f8185d706f6e7 -> 
  custom:scripting/monoscript/fileName/MockRuntime.cs: 8e970d93da4762c7d57e9c9dd2b36dbb -> 
  custom:scripting/monoscript/fileName/OpenXRDevice.cs: 1b3be9b024fb29351711164fb0577202 -> 
  custom:scripting/monoscript/fileName/OpenXRUnityAPI.cs: 95d0f03221767acb8a4a43279af12154 -> 
  custom:scripting/monoscript/fileName/HTCViveControllerProfile.cs: 575b921c71649e99576a05f0add9cf5d -> 
  custom:scripting/monoscript/fileName/XRDeviceSimulatorHandsUI.cs: bca3963bba47bbf101fe9d7e7dd07836 -> 
  custom:scripting/monoscript/fileName/XRCustomLoaderUI.cs: a1b6225426bb5004db8b9d7388fe5771 -> 
  custom:scripting/monoscript/fileName/BootConfigBuilder.cs: a174d8870c7a69fabc7d42a75b0f23aa -> 
  custom:scripting/precompiled-assembly-types:Unity.XR.OpenXR.Features.RuntimeDebugger: 81fc02b8029ab9c0bce4eaa33a13e7d8 -> 
  custom:scripting/monoscript/fileName/OpenXRRenderSettings.cs: 90647cc400823b41df847a6cbfc29026 -> 
  custom:scripting/monoscript/fileName/EyeGazeInteraction.cs: dc1f12620c8656649cfc16f13969f5fa -> 
  custom:scripting/monoscript/fileName/OpenXRAnalytics.cs: 67d5de80ae8e3ee46bb1b4907783d54c -> 
  custom:scripting/monoscript/fileName/XRLoaderHelper.cs: ae85c4c4a11fcc1ed3393963333e400c -> 
  custom:scripting/monoscript/fileName/MicrosoftMotionControllerProfile.cs: 6dcaa2067404bed7771687f2f9dfa057 -> 
  custom:scripting/monoscript/fileName/XRLoader.cs: d82cec0b87bab7dffe74fb3651887ce3 -> 
  custom:scripting/monoscript/fileName/OpenXRRestarter.cs: c236f3f43c026f409512d203b81e6184 -> 
  custom:scripting/monoscript/fileName/OpenXRFeatureAttribute.cs: 99305d666df750d87e7264e3c7ae4f2a -> 
  custom:scripting/monoscript/fileName/XRSupportedBuildTargetAttribute.cs: f87a91ba911f6030453bea8d921b45d2 -> 
  custom:scripting/monoscript/fileName/OpenXRLoaderNoPreInit.cs: 8f7a064e1e0bb6e17b9f5d171fe53dfc -> 
  custom:scripting/monoscript/fileName/AndroidManifestProcessor.cs: d8dd4961c18e43fcd707eb950405363a -> 
  custom:scripting/precompiled-assembly-types:Unity.XR.OpenXR.Features.ConformanceAutomation: daaea684d78afe5278ff971b66e0fbf9 -> 
  custom:scripting/monoscript/fileName/HandCommonPosesInteraction.cs: c984aa78f460c3bf39ec56bc9a0a414a -> 
  custom:scripting/monoscript/fileName/OpenXRDiagnosticReport.cs: f43e8307d90025ed39c346ed63d1208d -> 
  custom:scripting/monoscript/fileName/RuntimeDebuggerOpenXRFeatureEditor.cs: 26a9be57964b520d3a47d8c20db877e9 -> 
  custom:scripting/monoscript/fileName/PoseControl.cs: 4ff0d325328ef40fb1693e34ac3358bf -> 26044499bf9bfd77ab38d92d33de1d80
  custom:scripting/monoscript/fileName/OpenXRFeatureBuildHooks.cs: da31756dd3c74e69bcd7ed1a1983ed53 -> 
  custom:scripting/monoscript/fileName/BuildHelpers.cs: 52ee9552b5cbbfe4eb60d480e36ffff5 -> 
  custom:scripting/monoscript/fileName/HPReverbG2ControllerProfile.cs: 6aadb5e22feaccfa77ef6db6c4d4541c -> 
  custom:scripting/monoscript/fileName/XRLoaderOrderUI.cs: 7bb0491ac9109774b097f2da80cd0c03 -> 
  custom:scripting/monoscript/fileName/AndroidManifestBuildEventReceiver.cs: 641c0bff5eb90d0569a809ea302132ee -> 
  custom:video-encoder-webm-vp8: eb34c28f22e8b96e1ab97ce403110664 -> 
  custom:scripting/monoscript/fileName/BootConfig.cs: b2c4d54615a39b14509e601dd0f329ff -> 
  custom:audio-decoder-ogg-vorbis: bf7c407c2cedff20999df2af8eb42d56 -> 
  custom:scripting/precompiled-assembly-types:Unity.XR.OpenXR.Features.MetaQuestSupport: d273bae1c8d7007d6b0fe4b360a89ef1 -> 
  custom:scripting/monoscript/fileName/IAndroidManifestRequirementProvider.cs: 42bf6f4b06629c812bd73f8ff461fec4 -> 
  custom:scripting/monoscript/fileName/XrPerformanceSettingsFeature.cs: d323744d9bc61085862cbc785e1f985c -> 
  custom:scripting/monoscript/fileName/OpenXRPackageSettings.cs: 4f4aaba453bf105fb1c3c3d64247142d -> 
  custom:scripting/monoscript/fileName/ModifyAndroidManifestMeta.cs: 3b920058e4dd8cbdb95cce4af271f981 -> 
  custom:scripting/monoscript/fileName/EditorUtilities.cs: 219d482e32bf0c01357e773617418955 -> 
  custom:scripting/monoscript/fileName/OpenXRFeatureSetAttribute.cs: 9e20f05fe0a3688af8836175869f0bb7 -> 
  custom:scripting/monoscript/fileName/XRPackageInitialization.cs: 1f095dd277a284b59543541a608de1da -> 
  custom:scripting/monoscript/fileName/FoveatedRenderingFeature.cs: 3cd591174f2fee5d1b0d6a1875383a9b -> 
  custom:scripting/monoscript/fileName/KnownPackages.cs: 8647f39ea28525d7cb72646ed790f6ec -> 
  custom:scripting/monoscript/fileName/HapticControl.cs: d7a5389cafde2a1337c58e2f0d91a837 -> 
  custom:scripting/monoscript/fileName/MetaQuestFeature.cs: b9c317336250afc5bb5fa2c2df269ea6 -> 
  custom:scripting/precompiled-assembly-types:Unity.XR.Interaction.Toolkit.Samples.DeviceSimulator: b1a8126a568547b099f25fc1d4f742a8 -> 
  custom:scripting/monoscript/fileName/XrPerformanceSettingsTypes.cs: 5bc9c5b4646eff91646254ce341c6683 -> 
  custom:scripting/monoscript/fileName/OpenXRRuntimeSelector.cs: 929d3ce28c815a19c6c335174420bf6b -> 
  custom:scripting/monoscript/fileName/OpenXRFeatureEditor.cs: 01dd3fecc4e9c7ce9fb6af5d0948ba2a -> 
  custom:scripting/monoscript/fileName/XRConstants.cs: 1558884a4b0ea94b4910dd640a0e6741 -> 
  custom:scripting/monoscript/fileName/BuildHelperUtils.cs: 619773c3d1b7f3f0ca7461f5c27242a8 -> 
  custom:scripting/monoscript/fileName/HandInteractionProfile.cs: 9c7649bd495ee99cc73ddacbe0a8cd95 -> 
  custom:scripting/monoscript/fileName/XRManagementAnalytics.cs: 546181baf4c03dbbd57015a6731508f8 -> 
  custom:scripting/monoscript/fileName/ModifyAndroidManifestOculus.cs: 1d09740e7edd66fffc5895aae9e385d3 -> 
  custom:scripting/monoscript/fileName/XRPackage.cs: f2edbbf87f9b798abaf2a9f285d155f5 -> 
  custom:audio-encoder-webm-vorbis: bf7c407c2cedff20999df2af8eb42d56 -> 
  custom:scripting/monoscript/fileName/RuntimeDebuggerOpenXRFeature.cs: 8b269b64ad1c99e85d7f28185c15f7bb -> 
  custom:scripting/monoscript/fileName/MetaQuestFeatureBuildHooks.cs: 2ac755c66ffd4e4b7c22530386a7ba47 -> 
  custom:scripting/monoscript/fileName/AndroidManifestDocument.cs: 4c38ca7417a5355dfe2fd0b706ad71e8 -> 
  custom:scripting/monoscript/fileName/XRPackageInitializationSettings.cs: 2f743437d3b09c9a4a5a33e9be971b1a -> 
  custom:scripting/monoscript/fileName/XRPackageMetadata.cs: 16731333f575d8bc31df496aced36ebf -> 
  custom:scripting/monoscript/fileName/OpenXRInput.cs: b351db87f98ee399e568b78e0ed353e3 -> 
  custom:scripting/monoscript/fileName/OpenXRInteractionFeature.cs: a60484418ad6b497996467bb6f98db73 -> 
  custom:scripting/monoscript/fileName/OpenXRSettings.cs: f8ff4c7422697fc56884f260233aaf86 -> 
  custom:scripting/monoscript/fileName/OpenXREditorSettings.cs: 321e3a8126bc4b0248cbcecf63892f31 -> 
  custom:scripting/monoscript/fileName/OpenXRProjectValidation.cs: 181508e149a91a64c6dfdc447b97c322 -> 
========================================================================
Received Prepare
Caller must complete domain reload
Begin MonoManager ReloadAssembly
- Loaded All Assemblies, in  1.125 seconds
Native extension for WindowsStandalone target not found
Mono: successfully reloaded assembly
[Package Manager] Server::EnsureServerProcessIsRunning -- launch failed, reason: Unity was launched with the -noUpm command-line argument
[Package Manager] UpmClient::Send -- Unable to send message (not connected to UPM process).
[Package Manager] Cannot connect to Unity Package Manager local server
- Finished resetting the current domain, in  2.892 seconds
Domain Reload Profiling: 4011ms
	BeginReloadAssembly (337ms)
		ExecutionOrderSort (0ms)
		DisableScriptedObjects (12ms)
		BackupInstance (0ms)
		ReleaseScriptingObjects (0ms)
		CreateAndSetChildDomain (74ms)
	RebuildCommonClasses (82ms)
	RebuildNativeTypeToScriptingClass (33ms)
	initialDomainReloadingComplete (68ms)
	LoadAllAssembliesAndSetupDomain (598ms)
		LoadAssemblies (686ms)
		RebuildTransferFunctionScriptingTraits (0ms)
		AnalyzeDomain (94ms)
			TypeCache.Refresh (22ms)
				TypeCache.ScanAssembly (2ms)
			ScanForSourceGeneratedMonoScriptInfo (47ms)
			ResolveRequiredComponents (19ms)
	FinalizeReload (2893ms)
		ReleaseScriptCaches (0ms)
		RebuildScriptCaches (0ms)
		SetupLoadedEditorAssemblies (1268ms)
			LogAssemblyErrors (0ms)
			InitializePlatformSupportModulesInManaged (13ms)
			SetLoadedEditorAssemblies (8ms)
			RefreshPlugins (0ms)
			BeforeProcessingInitializeOnLoad (199ms)
			ProcessInitializeOnLoadAttributes (912ms)
			ProcessInitializeOnLoadMethodAttributes (122ms)
			AfterProcessingInitializeOnLoad (13ms)
			EditorAssembliesLoaded (0ms)
		ExecutionOrderSort2 (0ms)
		AwakeInstancesAfterBackupRestoration (14ms)
Refreshing native plugins compatible for Editor in 42.65 ms, found 10 plugins.
Preloading 0 native plugins for Editor in 0.00 ms.
Unloading 4968 Unused Serialized files (Serialized files now loaded: 0)
Unloading 68 unused Assets / (57.1 KB). Loaded Objects now: 5528.
Memory consumption went from 172.1 MB to 172.0 MB.
Total: 7.113000 ms (FindLiveObjects: 0.735400 ms CreateObjectMapping: 0.640200 ms MarkObjects: 5.572300 ms  DeleteObjects: 0.163300 ms)

Prepare: number of updated asset objects reloaded= 0
AssetImportParameters requested are different than current active one (requested -> active):
  custom:scripting/monoscript/fileName/DPadInteraction.cs: 93f85c8ba74c4199c8fc9b6e8c6fb8a6 -> 
  custom:scripting/monoscript/fileName/OpenXRFeatureSettingsEditor.cs: 46f7bc9b6667349416d592c92274a2cd -> 
  custom:container-demuxer-ogg: 62fdf1f143b41e24485cea50d1cbac27 -> 
  custom:scripting/monoscript/fileName/UWPCoreWindowBuildHooks.cs: 528ee0545204f8083d130ec04efc78bc -> 
  custom:scripting/monoscript/fileName/OpenXRLoaderBase.cs: 0b6a60b837fc38165e3eaf7aaf2bf3e3 -> 
  custom:scripting/monoscript/fileName/MetaQuestFeatureEditor.cs: fff340053bb2e94334d0d5989f2eb349 -> 
  custom:scripting/monoscript/fileName/XRDeviceSimulatorControllerUI.cs: 1fdda016482e80c4f698bd161ca6a92f -> 
  custom:scripting/monoscript/fileName/XRDeviceSimulatorUI.cs: 0ec50ce90bac5e819d9ddb292ac27c71 -> 
  custom:scripting/precompiled-assembly-types:Unity.XR.Management.Editor: 220852eb385ea4cc2eb66eb943d70995 -> 
  custom:scripting/monoscript/fileName/PalmPoseInteraction.cs: 6bd25b6029acb9127f25748cb0b6d2a8 -> 
  custom:scripting/precompiled-assembly-types:Unity.XR.OpenXR.Editor: b2a8f17f09055950b7f19e2845cbc5c2 -> 
  custom:scripting/monoscript/fileName/MetaQuestTouchPlusControllerProfile.cs: 4b9439e11567c27c85546e11bafeabe7 -> 
  custom:scripting/monoscript/fileName/XRPluginManagementProjectValidation.cs: 12841b9f0a8da6fb46dd05260375325e -> 
  custom:scripting/monoscript/fileName/OpenXRRuntime.cs: c3a00f9ce6a0283dcb391b83637adf44 -> 
  custom:video-decoder-ogg-theora: a1e56fd34408186e4bbccfd4996cb3dc -> 
  custom:scripting/monoscript/fileName/XRGeneralSettingsPerBuildTarget.cs: 6970e5bff368910038049eb1434facbf -> 
  custom:scripting/monoscript/fileName/MetaQuestTouchProControllerProfile.cs: 9fffae235d4c14901711127c7daeb86c -> 
  custom:scripting/monoscript/fileName/OpenXRConstants.cs: f878d042bd3999b796b9387b0c8a1032 -> 
  custom:scripting/monoscript/fileName/OpenXRFeatureUICommon.cs: 45f7a59cd9c5cd84e28e0f7a429879c2 -> 
  custom:scripting/precompiled-assembly-types:Unity.XR.OpenXR.Features.OculusQuestSupport.Editor: c62b8d05b94c435029ef9fc43d7261ca -> 
  custom:scripting/monoscript/fileName/XRLoaderInfo.cs: 86fa513bfc04d58509db292069910bf2 -> 
  custom:framework-win-MediaFoundation: 216162199b28c13a410421893ffa2e32 -> 
  custom:scripting/monoscript/fileName/OpenXRLoaderUI.cs: ebd8d704d5e26f054d43886c272cd005 -> 
  custom:scripting/monoscript/fileName/WaitForRestartFinish.cs: 0e76bf389cf347a5d8d6432ec661895f -> 
  custom:scripting/monoscript/fileName/OpenXRFeatureSettings.cs: 90647cc400823b41df847a6cbfc29026 -> 
  custom:scripting/monoscript/fileName/OpenXRBuildProcessor.cs: 48dc0e114f75799c0d74bafe70808189 -> 
  custom:scripting/monoscript/fileName/KHRSimpleControllerProfile.cs: bcdcb81587b2075f7af2f75706b9e69a -> 
  custom:scripting/monoscript/fileName/OpenXRFeatureInternal.cs: 90647cc400823b41df847a6cbfc29026 -> 
  custom:scripting/monoscript/fileName/OpenXRSpaceSettings.cs: 90647cc400823b41df847a6cbfc29026 -> 
  custom:scripting/monoscript/fileName/DPadInteractionCustomEditor.cs: d93785eeae2b4d41d39f603bd6f9849d -> 
  custom:scripting/precompiled-assembly-types:Unity.XR.OpenXR.Features.RuntimeDebugger.Editor: e1cc4b3ad1ade1a1503c3d79a1cfcaf0 -> 
  custom:scripting/monoscript/fileName/XRSettingsManager.cs: 701988ef3c16e84d3bc781477493ab34 -> 
  custom:scripting/monoscript/fileName/ConformanceAutomationFeature.cs: 97112e825fad9ed87f6a9c7acc231c0b -> 
  custom:scripting/monoscript/fileName/IXRLoaderPreInit.cs: 4dbca4fbe4a89e2a18943694f414e3a9 -> 
  custom:scripting/monoscript/fileName/XRGeneralBuildProcessor.cs: d52e14652f14fd6e56a66a859653fea9 -> 
  custom:scripting/monoscript/fileName/XRGeneralSettings.cs: 01e68fef49e5cbf622bb7b4ffc622d89 -> 
  custom:scripting/monoscript/fileName/XRManagerEditor.cs: 6847a9ea85cd2d801d895b625e9590ff -> 
  custom:scripting/monoscript/fileName/FeatureHelpers.cs: 0e8d07707daeed1da30b1605e903226b -> 
  custom:scripting/monoscript/fileName/DebuggerState.cs: 41070b7a08cc178a9ea51324cdaf5b81 -> 
  custom:scripting/monoscript/fileName/XRBuildProcessorHelper.cs: 90647cc400823b41df847a6cbfc29026 -> 
  custom:scripting/monoscript/fileName/TypeLoaderExtensions.cs: ee5d3b5e5d81c98c5d3594e8b9153df0 -> 
  custom:scripting/precompiled-assembly-types:Unity.XR.OpenXR.Features.OculusQuestSupport: d15f77eecb71f285045ab68c6a5ab3aa -> 
  custom:CustomObjectIndexerAttribute: 9a22284fe3817be447336de3de66b15e -> 
  custom:scripting/monoscript/fileName/OpenXRHmd.cs: 1624687aa096b40d58d149d9c6304cca -> 
  custom:scripting/precompiled-assembly-types:Unity.XR.OpenXR.Features.MetaQuestSupport.Editor: d29ebede884d38e464c8dad49331ddbf -> 
  custom:scripting/monoscript/fileName/XRConfigurationProvider.cs: fa91ddd62be7b4c45bfd03890af30249 -> 
  custom:scripting/monoscript/fileName/ManifestElement.cs: c30b57498d373b7476c4d7dfdaee189c -> 
  custom:scripting/monoscript/fileName/OpenXRMangementSettings.cs: 5a013b6c45b1e1d06085cb1496493b86 -> 
  custom:scripting/monoscript/fileName/XREditorWorkQueue.cs: 8e928039a032f154dc8a86537aaac69a -> 
  custom:scripting/monoscript/fileName/OculusTouchControllerProfile.cs: 03df51b5c781d1980f509408bae72bc8 -> 
  custom:scripting/precompiled-assembly-types:Unity.XR.Management: f5b1b59a8f17cb331d61fd7665721dab -> 
  custom:scripting/monoscript/fileName/ManifestRequirement.cs: d0237042ed94ccc3267a409cde8490a6 -> 
  custom:scripting/monoscript/fileName/OpenXRNativeTypes.cs: 11be60823314f621c1b0bb94bf4fe744 -> 
  custom:container-demuxer-webm: 4f35f7cbe854078d1ac9338744f61a02 -> 
  custom:scripting/monoscript/fileName/KnownFeatureSets.cs: 2cf391597f07a52473981e9cc2b41b67 -> 
  custom:scripting/precompiled-assembly-types:Unity.XR.OpenXR.Features.MockRuntime: e75d918d8106c27865ca5517b4bdd194 -> 
  custom:scripting/monoscript/fileName/PackageNotificationUtils.cs: e493f521fc1755dec19875ae28a4f621 -> 
  custom:scripting/monoscript/fileName/OpenXRProjectValidationRulesSetup.cs: 63c520149123eced22b6028c5ebd9d08 -> 
  custom:scripting/monoscript/fileName/XRPackageMetadataStore.cs: e06e5e9ffca9529e9db63900dd9caf32 -> 
  custom:scripting/monoscript/fileName/XRLoaderInfoManager.cs: 28efaa63edac30b89ccc35ca2bf149fa -> 
  custom:scripting/monoscript/fileName/XRConfigurationData.cs: 2cf07b13d54bfee2898ed6dc38612fbb -> 
  custom:scripting/monoscript/fileName/MicrosoftHandInteraction.cs: dac920740153b0163dda0f7e56920e40 -> 
  custom:scripting/monoscript/fileName/RuntimeDebuggerWindow.cs: 0bc1d5ee7ce2553d42d62861471f3c44 -> 
  custom:scripting/monoscript/fileName/PackageSettingsEditor.cs: 6212fddebb8f67c4da0f50592230839b -> 
  custom:scripting/monoscript/fileName/OpenXRFeature.cs: a84888103ea4406f238a41c42d12d002 -> 
  custom:scripting/monoscript/fileName/XRManagerSettings.cs: 39a1227fa3c478af29a735ec246b6baf -> 
  custom:scripting/monoscript/fileName/XRCustomLoaderUIManager.cs: 4be5a8f671a1d808dd1496961b79b86b -> 
  custom:container-muxer-webm: aa71ff27fc2769a1b78a27578f13a17b -> 
  custom:scripting/precompiled-assembly-types:Unity.XR.OpenXR: 6b540efea7d7bcf04b31853b4d2f54c0 -> 
  custom:scripting/monoscript/fileName/OpenXRLoader.cs: 2a03893d4aa4b960c2f49090b4b03a7b -> 
  custom:scripting/monoscript/fileName/ValveIndexControllerProfile.cs: f923b1771c835a70375d3505e818878d -> 
  custom:scripting/monoscript/fileName/OculusQuestFeatureEditor.cs: af70b82209b4cf6ce20a2da2892dfc5f -> 
  custom:video-decoder-webm-vp8: 9c59270c3fd7afecdb556c50c9e8de78 -> 
  custom:scripting/monoscript/fileName/OpenXRChooseRuntimeLibraries.cs: 3923c2f1337a35d737ad0192eb46b432 -> 
  custom:scripting/monoscript/fileName/OculusQuestFeature.cs: 041c3418dd65b8e99ca410c708996814 -> 
  custom:scripting/monoscript/fileName/OpenXRFeatureSetManager.cs: 4f340a53d115a7e1888d00ddc4cd614b -> 
  custom:scripting/monoscript/fileName/OpenXRColorSubmissonModeList.cs: 62c3c48199b3c893ece86757b75b0604 -> 
  custom:scripting/monoscript/fileName/OpenXRUtility.cs: af9b8bca68ffa2bc69f78ec0da9cf1fd -> 
  custom:SearchIndexIgnoredProperties: e643bd26f0fe6173181afceb89e7c659 -> 
  custom:scripting/monoscript/fileName/XRGeneralSettingsUpgrade.cs: cc8d2e81204b3fd0e662cd38ef4a2d49 -> 
  custom:AudioImporter_EditorPlatform: d09bf68614088b80899f8185d706f6e7 -> 
  custom:scripting/monoscript/fileName/MockRuntime.cs: 8e970d93da4762c7d57e9c9dd2b36dbb -> 
  custom:scripting/monoscript/fileName/OpenXRDevice.cs: 1b3be9b024fb29351711164fb0577202 -> 
  custom:scripting/monoscript/fileName/OpenXRUnityAPI.cs: 95d0f03221767acb8a4a43279af12154 -> 
  custom:scripting/monoscript/fileName/HTCViveControllerProfile.cs: 575b921c71649e99576a05f0add9cf5d -> 
  custom:scripting/monoscript/fileName/XRDeviceSimulatorHandsUI.cs: bca3963bba47bbf101fe9d7e7dd07836 -> 
  custom:scripting/monoscript/fileName/XRCustomLoaderUI.cs: a1b6225426bb5004db8b9d7388fe5771 -> 
  custom:scripting/monoscript/fileName/BootConfigBuilder.cs: a174d8870c7a69fabc7d42a75b0f23aa -> 
  custom:scripting/precompiled-assembly-types:Unity.XR.OpenXR.Features.RuntimeDebugger: 81fc02b8029ab9c0bce4eaa33a13e7d8 -> 
  custom:scripting/monoscript/fileName/OpenXRRenderSettings.cs: 90647cc400823b41df847a6cbfc29026 -> 
  custom:scripting/monoscript/fileName/EyeGazeInteraction.cs: dc1f12620c8656649cfc16f13969f5fa -> 
  custom:scripting/monoscript/fileName/OpenXRAnalytics.cs: 67d5de80ae8e3ee46bb1b4907783d54c -> 
  custom:scripting/monoscript/fileName/XRLoaderHelper.cs: ae85c4c4a11fcc1ed3393963333e400c -> 
  custom:scripting/monoscript/fileName/MicrosoftMotionControllerProfile.cs: 6dcaa2067404bed7771687f2f9dfa057 -> 
  custom:scripting/monoscript/fileName/XRLoader.cs: d82cec0b87bab7dffe74fb3651887ce3 -> 
  custom:scripting/monoscript/fileName/OpenXRRestarter.cs: c236f3f43c026f409512d203b81e6184 -> 
  custom:scripting/monoscript/fileName/OpenXRFeatureAttribute.cs: 99305d666df750d87e7264e3c7ae4f2a -> 
  custom:scripting/monoscript/fileName/XRSupportedBuildTargetAttribute.cs: f87a91ba911f6030453bea8d921b45d2 -> 
  custom:scripting/monoscript/fileName/OpenXRLoaderNoPreInit.cs: 8f7a064e1e0bb6e17b9f5d171fe53dfc -> 
  custom:scripting/monoscript/fileName/AndroidManifestProcessor.cs: d8dd4961c18e43fcd707eb950405363a -> 
  custom:scripting/precompiled-assembly-types:Unity.XR.OpenXR.Features.ConformanceAutomation: daaea684d78afe5278ff971b66e0fbf9 -> 
  custom:scripting/monoscript/fileName/HandCommonPosesInteraction.cs: c984aa78f460c3bf39ec56bc9a0a414a -> 
  custom:scripting/monoscript/fileName/OpenXRDiagnosticReport.cs: f43e8307d90025ed39c346ed63d1208d -> 
  custom:scripting/monoscript/fileName/RuntimeDebuggerOpenXRFeatureEditor.cs: 26a9be57964b520d3a47d8c20db877e9 -> 
  custom:scripting/monoscript/fileName/PoseControl.cs: 4ff0d325328ef40fb1693e34ac3358bf -> 26044499bf9bfd77ab38d92d33de1d80
  custom:scripting/monoscript/fileName/OpenXRFeatureBuildHooks.cs: da31756dd3c74e69bcd7ed1a1983ed53 -> 
  custom:scripting/monoscript/fileName/BuildHelpers.cs: 52ee9552b5cbbfe4eb60d480e36ffff5 -> 
  custom:scripting/monoscript/fileName/HPReverbG2ControllerProfile.cs: 6aadb5e22feaccfa77ef6db6c4d4541c -> 
  custom:scripting/monoscript/fileName/XRLoaderOrderUI.cs: 7bb0491ac9109774b097f2da80cd0c03 -> 
  custom:scripting/monoscript/fileName/AndroidManifestBuildEventReceiver.cs: 641c0bff5eb90d0569a809ea302132ee -> 
  custom:video-encoder-webm-vp8: eb34c28f22e8b96e1ab97ce403110664 -> 
  custom:scripting/monoscript/fileName/BootConfig.cs: b2c4d54615a39b14509e601dd0f329ff -> 
  custom:audio-decoder-ogg-vorbis: bf7c407c2cedff20999df2af8eb42d56 -> 
  custom:scripting/precompiled-assembly-types:Unity.XR.OpenXR.Features.MetaQuestSupport: d273bae1c8d7007d6b0fe4b360a89ef1 -> 
  custom:scripting/monoscript/fileName/IAndroidManifestRequirementProvider.cs: 42bf6f4b06629c812bd73f8ff461fec4 -> 
  custom:scripting/monoscript/fileName/XrPerformanceSettingsFeature.cs: d323744d9bc61085862cbc785e1f985c -> 
  custom:scripting/monoscript/fileName/OpenXRPackageSettings.cs: 4f4aaba453bf105fb1c3c3d64247142d -> 
  custom:scripting/monoscript/fileName/ModifyAndroidManifestMeta.cs: 3b920058e4dd8cbdb95cce4af271f981 -> 
  custom:scripting/monoscript/fileName/EditorUtilities.cs: 219d482e32bf0c01357e773617418955 -> 
  custom:scripting/monoscript/fileName/OpenXRFeatureSetAttribute.cs: 9e20f05fe0a3688af8836175869f0bb7 -> 
  custom:scripting/monoscript/fileName/XRPackageInitialization.cs: 1f095dd277a284b59543541a608de1da -> 
  custom:scripting/monoscript/fileName/FoveatedRenderingFeature.cs: 3cd591174f2fee5d1b0d6a1875383a9b -> 
  custom:scripting/monoscript/fileName/KnownPackages.cs: 8647f39ea28525d7cb72646ed790f6ec -> 
  custom:scripting/monoscript/fileName/HapticControl.cs: d7a5389cafde2a1337c58e2f0d91a837 -> 
  custom:scripting/monoscript/fileName/MetaQuestFeature.cs: b9c317336250afc5bb5fa2c2df269ea6 -> 
  custom:scripting/precompiled-assembly-types:Unity.XR.Interaction.Toolkit.Samples.DeviceSimulator: b1a8126a568547b099f25fc1d4f742a8 -> 
  custom:scripting/monoscript/fileName/XrPerformanceSettingsTypes.cs: 5bc9c5b4646eff91646254ce341c6683 -> 
  custom:scripting/monoscript/fileName/OpenXRRuntimeSelector.cs: 929d3ce28c815a19c6c335174420bf6b -> 
  custom:scripting/monoscript/fileName/OpenXRFeatureEditor.cs: 01dd3fecc4e9c7ce9fb6af5d0948ba2a -> 
  custom:scripting/monoscript/fileName/XRConstants.cs: 1558884a4b0ea94b4910dd640a0e6741 -> 
  custom:scripting/monoscript/fileName/BuildHelperUtils.cs: 619773c3d1b7f3f0ca7461f5c27242a8 -> 
  custom:scripting/monoscript/fileName/HandInteractionProfile.cs: 9c7649bd495ee99cc73ddacbe0a8cd95 -> 
  custom:scripting/monoscript/fileName/XRManagementAnalytics.cs: 546181baf4c03dbbd57015a6731508f8 -> 
  custom:scripting/monoscript/fileName/ModifyAndroidManifestOculus.cs: 1d09740e7edd66fffc5895aae9e385d3 -> 
  custom:scripting/monoscript/fileName/XRPackage.cs: f2edbbf87f9b798abaf2a9f285d155f5 -> 
  custom:audio-encoder-webm-vorbis: bf7c407c2cedff20999df2af8eb42d56 -> 
  custom:scripting/monoscript/fileName/RuntimeDebuggerOpenXRFeature.cs: 8b269b64ad1c99e85d7f28185c15f7bb -> 
  custom:scripting/monoscript/fileName/MetaQuestFeatureBuildHooks.cs: 2ac755c66ffd4e4b7c22530386a7ba47 -> 
  custom:scripting/monoscript/fileName/AndroidManifestDocument.cs: 4c38ca7417a5355dfe2fd0b706ad71e8 -> 
  custom:scripting/monoscript/fileName/XRPackageInitializationSettings.cs: 2f743437d3b09c9a4a5a33e9be971b1a -> 
  custom:scripting/monoscript/fileName/XRPackageMetadata.cs: 16731333f575d8bc31df496aced36ebf -> 
  custom:scripting/monoscript/fileName/OpenXRInput.cs: b351db87f98ee399e568b78e0ed353e3 -> 
  custom:scripting/monoscript/fileName/OpenXRInteractionFeature.cs: a60484418ad6b497996467bb6f98db73 -> 
  custom:scripting/monoscript/fileName/OpenXRSettings.cs: f8ff4c7422697fc56884f260233aaf86 -> 
  custom:scripting/monoscript/fileName/OpenXREditorSettings.cs: 321e3a8126bc4b0248cbcecf63892f31 -> 
  custom:scripting/monoscript/fileName/OpenXRProjectValidation.cs: 181508e149a91a64c6dfdc447b97c322 -> 
========================================================================
Received Prepare
Caller must complete domain reload
Begin MonoManager ReloadAssembly
- Loaded All Assemblies, in  1.469 seconds
Native extension for WindowsStandalone target not found
Mono: successfully reloaded assembly
[Package Manager] Server::EnsureServerProcessIsRunning -- launch failed, reason: Unity was launched with the -noUpm command-line argument
[Package Manager] UpmClient::Send -- Unable to send message (not connected to UPM process).
[Package Manager] Cannot connect to Unity Package Manager local server
- Finished resetting the current domain, in  3.632 seconds
Domain Reload Profiling: 5093ms
	BeginReloadAssembly (424ms)
		ExecutionOrderSort (0ms)
		DisableScriptedObjects (14ms)
		BackupInstance (0ms)
		ReleaseScriptingObjects (0ms)
		CreateAndSetChildDomain (101ms)
	RebuildCommonClasses (98ms)
	RebuildNativeTypeToScriptingClass (38ms)
	initialDomainReloadingComplete (72ms)
	LoadAllAssembliesAndSetupDomain (828ms)
		LoadAssemblies (869ms)
		RebuildTransferFunctionScriptingTraits (0ms)
		AnalyzeDomain (183ms)
			TypeCache.Refresh (41ms)
				TypeCache.ScanAssembly (4ms)
			ScanForSourceGeneratedMonoScriptInfo (108ms)
			ResolveRequiredComponents (27ms)
	FinalizeReload (3633ms)
		ReleaseScriptCaches (0ms)
		RebuildScriptCaches (0ms)
		SetupLoadedEditorAssemblies (1471ms)
			LogAssemblyErrors (0ms)
			InitializePlatformSupportModulesInManaged (21ms)
			SetLoadedEditorAssemblies (10ms)
			RefreshPlugins (0ms)
			BeforeProcessingInitializeOnLoad (221ms)
			ProcessInitializeOnLoadAttributes (1070ms)
			ProcessInitializeOnLoadMethodAttributes (129ms)
			AfterProcessingInitializeOnLoad (19ms)
			EditorAssembliesLoaded (1ms)
		ExecutionOrderSort2 (0ms)
		AwakeInstancesAfterBackupRestoration (21ms)
Refreshing native plugins compatible for Editor in 81.47 ms, found 10 plugins.
Preloading 0 native plugins for Editor in 0.00 ms.
Unloading 4968 Unused Serialized files (Serialized files now loaded: 0)
Unloading 68 unused Assets / (57.0 KB). Loaded Objects now: 5532.
Memory consumption went from 172.1 MB to 172.1 MB.
Total: 13.351300 ms (FindLiveObjects: 1.146700 ms CreateObjectMapping: 0.804900 ms MarkObjects: 11.041100 ms  DeleteObjects: 0.355100 ms)

Prepare: number of updated asset objects reloaded= 0
AssetImportParameters requested are different than current active one (requested -> active):
  custom:scripting/monoscript/fileName/DPadInteraction.cs: 93f85c8ba74c4199c8fc9b6e8c6fb8a6 -> 
  custom:scripting/monoscript/fileName/OpenXRFeatureSettingsEditor.cs: 46f7bc9b6667349416d592c92274a2cd -> 
  custom:container-demuxer-ogg: 62fdf1f143b41e24485cea50d1cbac27 -> 
  custom:scripting/monoscript/fileName/UWPCoreWindowBuildHooks.cs: 528ee0545204f8083d130ec04efc78bc -> 
  custom:scripting/monoscript/fileName/OpenXRLoaderBase.cs: 0b6a60b837fc38165e3eaf7aaf2bf3e3 -> 
  custom:scripting/monoscript/fileName/MetaQuestFeatureEditor.cs: fff340053bb2e94334d0d5989f2eb349 -> 
  custom:scripting/monoscript/fileName/XRDeviceSimulatorControllerUI.cs: 1fdda016482e80c4f698bd161ca6a92f -> 
  custom:scripting/monoscript/fileName/XRDeviceSimulatorUI.cs: 0ec50ce90bac5e819d9ddb292ac27c71 -> 
  custom:scripting/precompiled-assembly-types:Unity.XR.Management.Editor: 220852eb385ea4cc2eb66eb943d70995 -> 
  custom:scripting/monoscript/fileName/PalmPoseInteraction.cs: 6bd25b6029acb9127f25748cb0b6d2a8 -> 
  custom:scripting/precompiled-assembly-types:Unity.XR.OpenXR.Editor: b2a8f17f09055950b7f19e2845cbc5c2 -> 
  custom:scripting/monoscript/fileName/MetaQuestTouchPlusControllerProfile.cs: 4b9439e11567c27c85546e11bafeabe7 -> 
  custom:scripting/monoscript/fileName/XRPluginManagementProjectValidation.cs: 12841b9f0a8da6fb46dd05260375325e -> 
  custom:scripting/monoscript/fileName/OpenXRRuntime.cs: c3a00f9ce6a0283dcb391b83637adf44 -> 
  custom:video-decoder-ogg-theora: a1e56fd34408186e4bbccfd4996cb3dc -> 
  custom:scripting/monoscript/fileName/XRGeneralSettingsPerBuildTarget.cs: 6970e5bff368910038049eb1434facbf -> 
  custom:scripting/monoscript/fileName/MetaQuestTouchProControllerProfile.cs: 9fffae235d4c14901711127c7daeb86c -> 
  custom:scripting/monoscript/fileName/OpenXRConstants.cs: f878d042bd3999b796b9387b0c8a1032 -> 
  custom:scripting/monoscript/fileName/OpenXRFeatureUICommon.cs: 45f7a59cd9c5cd84e28e0f7a429879c2 -> 
  custom:scripting/precompiled-assembly-types:Unity.XR.OpenXR.Features.OculusQuestSupport.Editor: c62b8d05b94c435029ef9fc43d7261ca -> 
  custom:scripting/monoscript/fileName/XRLoaderInfo.cs: 86fa513bfc04d58509db292069910bf2 -> 
  custom:framework-win-MediaFoundation: 216162199b28c13a410421893ffa2e32 -> 
  custom:scripting/monoscript/fileName/OpenXRLoaderUI.cs: ebd8d704d5e26f054d43886c272cd005 -> 
  custom:scripting/monoscript/fileName/WaitForRestartFinish.cs: 0e76bf389cf347a5d8d6432ec661895f -> 
  custom:scripting/monoscript/fileName/OpenXRFeatureSettings.cs: 90647cc400823b41df847a6cbfc29026 -> 
  custom:scripting/monoscript/fileName/OpenXRBuildProcessor.cs: 48dc0e114f75799c0d74bafe70808189 -> 
  custom:scripting/monoscript/fileName/KHRSimpleControllerProfile.cs: bcdcb81587b2075f7af2f75706b9e69a -> 
  custom:scripting/monoscript/fileName/OpenXRFeatureInternal.cs: 90647cc400823b41df847a6cbfc29026 -> 
  custom:scripting/monoscript/fileName/OpenXRSpaceSettings.cs: 90647cc400823b41df847a6cbfc29026 -> 
  custom:scripting/monoscript/fileName/DPadInteractionCustomEditor.cs: d93785eeae2b4d41d39f603bd6f9849d -> 
  custom:scripting/precompiled-assembly-types:Unity.XR.OpenXR.Features.RuntimeDebugger.Editor: e1cc4b3ad1ade1a1503c3d79a1cfcaf0 -> 
  custom:scripting/monoscript/fileName/XRSettingsManager.cs: 701988ef3c16e84d3bc781477493ab34 -> 
  custom:scripting/monoscript/fileName/ConformanceAutomationFeature.cs: 97112e825fad9ed87f6a9c7acc231c0b -> 
  custom:scripting/monoscript/fileName/IXRLoaderPreInit.cs: 4dbca4fbe4a89e2a18943694f414e3a9 -> 
  custom:scripting/monoscript/fileName/XRGeneralBuildProcessor.cs: d52e14652f14fd6e56a66a859653fea9 -> 
  custom:scripting/monoscript/fileName/XRGeneralSettings.cs: 01e68fef49e5cbf622bb7b4ffc622d89 -> 
  custom:scripting/monoscript/fileName/XRManagerEditor.cs: 6847a9ea85cd2d801d895b625e9590ff -> 
  custom:scripting/monoscript/fileName/FeatureHelpers.cs: 0e8d07707daeed1da30b1605e903226b -> 
  custom:scripting/monoscript/fileName/DebuggerState.cs: 41070b7a08cc178a9ea51324cdaf5b81 -> 
  custom:scripting/monoscript/fileName/XRBuildProcessorHelper.cs: 90647cc400823b41df847a6cbfc29026 -> 
  custom:scripting/monoscript/fileName/TypeLoaderExtensions.cs: ee5d3b5e5d81c98c5d3594e8b9153df0 -> 
  custom:scripting/precompiled-assembly-types:Unity.XR.OpenXR.Features.OculusQuestSupport: d15f77eecb71f285045ab68c6a5ab3aa -> 
  custom:CustomObjectIndexerAttribute: 9a22284fe3817be447336de3de66b15e -> 
  custom:scripting/monoscript/fileName/OpenXRHmd.cs: 1624687aa096b40d58d149d9c6304cca -> 
  custom:scripting/precompiled-assembly-types:Unity.XR.OpenXR.Features.MetaQuestSupport.Editor: d29ebede884d38e464c8dad49331ddbf -> 
  custom:scripting/monoscript/fileName/XRConfigurationProvider.cs: fa91ddd62be7b4c45bfd03890af30249 -> 
  custom:scripting/monoscript/fileName/ManifestElement.cs: c30b57498d373b7476c4d7dfdaee189c -> 
  custom:scripting/monoscript/fileName/OpenXRMangementSettings.cs: 5a013b6c45b1e1d06085cb1496493b86 -> 
  custom:scripting/monoscript/fileName/XREditorWorkQueue.cs: 8e928039a032f154dc8a86537aaac69a -> 
  custom:scripting/monoscript/fileName/OculusTouchControllerProfile.cs: 03df51b5c781d1980f509408bae72bc8 -> 
  custom:scripting/precompiled-assembly-types:Unity.XR.Management: f5b1b59a8f17cb331d61fd7665721dab -> 
  custom:scripting/monoscript/fileName/ManifestRequirement.cs: d0237042ed94ccc3267a409cde8490a6 -> 
  custom:scripting/monoscript/fileName/OpenXRNativeTypes.cs: 11be60823314f621c1b0bb94bf4fe744 -> 
  custom:container-demuxer-webm: 4f35f7cbe854078d1ac9338744f61a02 -> 
  custom:scripting/monoscript/fileName/KnownFeatureSets.cs: 2cf391597f07a52473981e9cc2b41b67 -> 
  custom:scripting/precompiled-assembly-types:Unity.XR.OpenXR.Features.MockRuntime: e75d918d8106c27865ca5517b4bdd194 -> 
  custom:scripting/monoscript/fileName/PackageNotificationUtils.cs: e493f521fc1755dec19875ae28a4f621 -> 
  custom:scripting/monoscript/fileName/OpenXRProjectValidationRulesSetup.cs: 63c520149123eced22b6028c5ebd9d08 -> 
  custom:scripting/monoscript/fileName/XRPackageMetadataStore.cs: e06e5e9ffca9529e9db63900dd9caf32 -> 
  custom:scripting/monoscript/fileName/XRLoaderInfoManager.cs: 28efaa63edac30b89ccc35ca2bf149fa -> 
  custom:scripting/monoscript/fileName/XRConfigurationData.cs: 2cf07b13d54bfee2898ed6dc38612fbb -> 
  custom:scripting/monoscript/fileName/MicrosoftHandInteraction.cs: dac920740153b0163dda0f7e56920e40 -> 
  custom:scripting/monoscript/fileName/RuntimeDebuggerWindow.cs: 0bc1d5ee7ce2553d42d62861471f3c44 -> 
  custom:scripting/monoscript/fileName/PackageSettingsEditor.cs: 6212fddebb8f67c4da0f50592230839b -> 
  custom:scripting/monoscript/fileName/OpenXRFeature.cs: a84888103ea4406f238a41c42d12d002 -> 
  custom:scripting/monoscript/fileName/XRManagerSettings.cs: 39a1227fa3c478af29a735ec246b6baf -> 
  custom:scripting/monoscript/fileName/XRCustomLoaderUIManager.cs: 4be5a8f671a1d808dd1496961b79b86b -> 
  custom:container-muxer-webm: aa71ff27fc2769a1b78a27578f13a17b -> 
  custom:scripting/precompiled-assembly-types:Unity.XR.OpenXR: 6b540efea7d7bcf04b31853b4d2f54c0 -> 
  custom:scripting/monoscript/fileName/OpenXRLoader.cs: 2a03893d4aa4b960c2f49090b4b03a7b -> 
  custom:scripting/monoscript/fileName/ValveIndexControllerProfile.cs: f923b1771c835a70375d3505e818878d -> 
  custom:scripting/monoscript/fileName/OculusQuestFeatureEditor.cs: af70b82209b4cf6ce20a2da2892dfc5f -> 
  custom:video-decoder-webm-vp8: 9c59270c3fd7afecdb556c50c9e8de78 -> 
  custom:scripting/monoscript/fileName/OpenXRChooseRuntimeLibraries.cs: 3923c2f1337a35d737ad0192eb46b432 -> 
  custom:scripting/monoscript/fileName/OculusQuestFeature.cs: 041c3418dd65b8e99ca410c708996814 -> 
  custom:scripting/monoscript/fileName/OpenXRFeatureSetManager.cs: 4f340a53d115a7e1888d00ddc4cd614b -> 
  custom:scripting/monoscript/fileName/OpenXRColorSubmissonModeList.cs: 62c3c48199b3c893ece86757b75b0604 -> 
  custom:scripting/monoscript/fileName/OpenXRUtility.cs: af9b8bca68ffa2bc69f78ec0da9cf1fd -> 
  custom:SearchIndexIgnoredProperties: e643bd26f0fe6173181afceb89e7c659 -> 
  custom:scripting/monoscript/fileName/XRGeneralSettingsUpgrade.cs: cc8d2e81204b3fd0e662cd38ef4a2d49 -> 
  custom:AudioImporter_EditorPlatform: d09bf68614088b80899f8185d706f6e7 -> 
  custom:scripting/monoscript/fileName/MockRuntime.cs: 8e970d93da4762c7d57e9c9dd2b36dbb -> 
  custom:scripting/monoscript/fileName/OpenXRDevice.cs: 1b3be9b024fb29351711164fb0577202 -> 
  custom:scripting/monoscript/fileName/OpenXRUnityAPI.cs: 95d0f03221767acb8a4a43279af12154 -> 
  custom:scripting/monoscript/fileName/HTCViveControllerProfile.cs: 575b921c71649e99576a05f0add9cf5d -> 
  custom:scripting/monoscript/fileName/XRDeviceSimulatorHandsUI.cs: bca3963bba47bbf101fe9d7e7dd07836 -> 
  custom:scripting/monoscript/fileName/XRCustomLoaderUI.cs: a1b6225426bb5004db8b9d7388fe5771 -> 
  custom:scripting/monoscript/fileName/BootConfigBuilder.cs: a174d8870c7a69fabc7d42a75b0f23aa -> 
  custom:scripting/precompiled-assembly-types:Unity.XR.OpenXR.Features.RuntimeDebugger: 81fc02b8029ab9c0bce4eaa33a13e7d8 -> 
  custom:scripting/monoscript/fileName/OpenXRRenderSettings.cs: 90647cc400823b41df847a6cbfc29026 -> 
  custom:scripting/monoscript/fileName/EyeGazeInteraction.cs: dc1f12620c8656649cfc16f13969f5fa -> 
  custom:scripting/monoscript/fileName/OpenXRAnalytics.cs: 67d5de80ae8e3ee46bb1b4907783d54c -> 
  custom:scripting/monoscript/fileName/XRLoaderHelper.cs: ae85c4c4a11fcc1ed3393963333e400c -> 
  custom:scripting/monoscript/fileName/MicrosoftMotionControllerProfile.cs: 6dcaa2067404bed7771687f2f9dfa057 -> 
  custom:scripting/monoscript/fileName/XRLoader.cs: d82cec0b87bab7dffe74fb3651887ce3 -> 
  custom:scripting/monoscript/fileName/OpenXRRestarter.cs: c236f3f43c026f409512d203b81e6184 -> 
  custom:scripting/monoscript/fileName/OpenXRFeatureAttribute.cs: 99305d666df750d87e7264e3c7ae4f2a -> 
  custom:scripting/monoscript/fileName/XRSupportedBuildTargetAttribute.cs: f87a91ba911f6030453bea8d921b45d2 -> 
  custom:scripting/monoscript/fileName/OpenXRLoaderNoPreInit.cs: 8f7a064e1e0bb6e17b9f5d171fe53dfc -> 
  custom:scripting/monoscript/fileName/AndroidManifestProcessor.cs: d8dd4961c18e43fcd707eb950405363a -> 
  custom:scripting/precompiled-assembly-types:Unity.XR.OpenXR.Features.ConformanceAutomation: daaea684d78afe5278ff971b66e0fbf9 -> 
  custom:scripting/monoscript/fileName/HandCommonPosesInteraction.cs: c984aa78f460c3bf39ec56bc9a0a414a -> 
  custom:scripting/monoscript/fileName/OpenXRDiagnosticReport.cs: f43e8307d90025ed39c346ed63d1208d -> 
  custom:scripting/monoscript/fileName/RuntimeDebuggerOpenXRFeatureEditor.cs: 26a9be57964b520d3a47d8c20db877e9 -> 
  custom:scripting/monoscript/fileName/PoseControl.cs: 4ff0d325328ef40fb1693e34ac3358bf -> 26044499bf9bfd77ab38d92d33de1d80
  custom:scripting/monoscript/fileName/OpenXRFeatureBuildHooks.cs: da31756dd3c74e69bcd7ed1a1983ed53 -> 
  custom:scripting/monoscript/fileName/BuildHelpers.cs: 52ee9552b5cbbfe4eb60d480e36ffff5 -> 
  custom:scripting/monoscript/fileName/HPReverbG2ControllerProfile.cs: 6aadb5e22feaccfa77ef6db6c4d4541c -> 
  custom:scripting/monoscript/fileName/XRLoaderOrderUI.cs: 7bb0491ac9109774b097f2da80cd0c03 -> 
  custom:scripting/monoscript/fileName/AndroidManifestBuildEventReceiver.cs: 641c0bff5eb90d0569a809ea302132ee -> 
  custom:video-encoder-webm-vp8: eb34c28f22e8b96e1ab97ce403110664 -> 
  custom:scripting/monoscript/fileName/BootConfig.cs: b2c4d54615a39b14509e601dd0f329ff -> 
  custom:audio-decoder-ogg-vorbis: bf7c407c2cedff20999df2af8eb42d56 -> 
  custom:scripting/precompiled-assembly-types:Unity.XR.OpenXR.Features.MetaQuestSupport: d273bae1c8d7007d6b0fe4b360a89ef1 -> 
  custom:scripting/monoscript/fileName/IAndroidManifestRequirementProvider.cs: 42bf6f4b06629c812bd73f8ff461fec4 -> 
  custom:scripting/monoscript/fileName/XrPerformanceSettingsFeature.cs: d323744d9bc61085862cbc785e1f985c -> 
  custom:scripting/monoscript/fileName/OpenXRPackageSettings.cs: 4f4aaba453bf105fb1c3c3d64247142d -> 
  custom:scripting/monoscript/fileName/ModifyAndroidManifestMeta.cs: 3b920058e4dd8cbdb95cce4af271f981 -> 
  custom:scripting/monoscript/fileName/EditorUtilities.cs: 219d482e32bf0c01357e773617418955 -> 
  custom:scripting/monoscript/fileName/OpenXRFeatureSetAttribute.cs: 9e20f05fe0a3688af8836175869f0bb7 -> 
  custom:scripting/monoscript/fileName/XRPackageInitialization.cs: 1f095dd277a284b59543541a608de1da -> 
  custom:scripting/monoscript/fileName/FoveatedRenderingFeature.cs: 3cd591174f2fee5d1b0d6a1875383a9b -> 
  custom:scripting/monoscript/fileName/KnownPackages.cs: 8647f39ea28525d7cb72646ed790f6ec -> 
  custom:scripting/monoscript/fileName/HapticControl.cs: d7a5389cafde2a1337c58e2f0d91a837 -> 
  custom:scripting/monoscript/fileName/MetaQuestFeature.cs: b9c317336250afc5bb5fa2c2df269ea6 -> 
  custom:scripting/precompiled-assembly-types:Unity.XR.Interaction.Toolkit.Samples.DeviceSimulator: b1a8126a568547b099f25fc1d4f742a8 -> 
  custom:scripting/monoscript/fileName/XrPerformanceSettingsTypes.cs: 5bc9c5b4646eff91646254ce341c6683 -> 
  custom:scripting/monoscript/fileName/OpenXRRuntimeSelector.cs: 929d3ce28c815a19c6c335174420bf6b -> 
  custom:scripting/monoscript/fileName/OpenXRFeatureEditor.cs: 01dd3fecc4e9c7ce9fb6af5d0948ba2a -> 
  custom:scripting/monoscript/fileName/XRConstants.cs: 1558884a4b0ea94b4910dd640a0e6741 -> 
  custom:scripting/monoscript/fileName/BuildHelperUtils.cs: 619773c3d1b7f3f0ca7461f5c27242a8 -> 
  custom:scripting/monoscript/fileName/HandInteractionProfile.cs: 9c7649bd495ee99cc73ddacbe0a8cd95 -> 
  custom:scripting/monoscript/fileName/XRManagementAnalytics.cs: 546181baf4c03dbbd57015a6731508f8 -> 
  custom:scripting/monoscript/fileName/ModifyAndroidManifestOculus.cs: 1d09740e7edd66fffc5895aae9e385d3 -> 
  custom:scripting/monoscript/fileName/XRPackage.cs: f2edbbf87f9b798abaf2a9f285d155f5 -> 
  custom:audio-encoder-webm-vorbis: bf7c407c2cedff20999df2af8eb42d56 -> 
  custom:scripting/monoscript/fileName/RuntimeDebuggerOpenXRFeature.cs: 8b269b64ad1c99e85d7f28185c15f7bb -> 
  custom:scripting/monoscript/fileName/MetaQuestFeatureBuildHooks.cs: 2ac755c66ffd4e4b7c22530386a7ba47 -> 
  custom:scripting/monoscript/fileName/AndroidManifestDocument.cs: 4c38ca7417a5355dfe2fd0b706ad71e8 -> 
  custom:scripting/monoscript/fileName/XRPackageInitializationSettings.cs: 2f743437d3b09c9a4a5a33e9be971b1a -> 
  custom:scripting/monoscript/fileName/XRPackageMetadata.cs: 16731333f575d8bc31df496aced36ebf -> 
  custom:scripting/monoscript/fileName/OpenXRInput.cs: b351db87f98ee399e568b78e0ed353e3 -> 
  custom:scripting/monoscript/fileName/OpenXRInteractionFeature.cs: a60484418ad6b497996467bb6f98db73 -> 
  custom:scripting/monoscript/fileName/OpenXRSettings.cs: f8ff4c7422697fc56884f260233aaf86 -> 
  custom:scripting/monoscript/fileName/OpenXREditorSettings.cs: 321e3a8126bc4b0248cbcecf63892f31 -> 
  custom:scripting/monoscript/fileName/OpenXRProjectValidation.cs: 181508e149a91a64c6dfdc447b97c322 -> 
========================================================================
Received Prepare
Caller must complete domain reload
Begin MonoManager ReloadAssembly
- Loaded All Assemblies, in  1.111 seconds
Native extension for WindowsStandalone target not found
Mono: successfully reloaded assembly
[Package Manager] Server::EnsureServerProcessIsRunning -- launch failed, reason: Unity was launched with the -noUpm command-line argument
[Package Manager] UpmClient::Send -- Unable to send message (not connected to UPM process).
[Package Manager] Cannot connect to Unity Package Manager local server
- Finished resetting the current domain, in  2.793 seconds
Domain Reload Profiling: 3899ms
	BeginReloadAssembly (333ms)
		ExecutionOrderSort (0ms)
		DisableScriptedObjects (9ms)
		BackupInstance (0ms)
		ReleaseScriptingObjects (0ms)
		CreateAndSetChildDomain (72ms)
	RebuildCommonClasses (88ms)
	RebuildNativeTypeToScriptingClass (35ms)
	initialDomainReloadingComplete (83ms)
	LoadAllAssembliesAndSetupDomain (567ms)
		LoadAssemblies (651ms)
		RebuildTransferFunctionScriptingTraits (0ms)
		AnalyzeDomain (100ms)
			TypeCache.Refresh (22ms)
				TypeCache.ScanAssembly (2ms)
			ScanForSourceGeneratedMonoScriptInfo (51ms)
			ResolveRequiredComponents (20ms)
	FinalizeReload (2794ms)
		ReleaseScriptCaches (0ms)
		RebuildScriptCaches (0ms)
		SetupLoadedEditorAssemblies (1216ms)
			LogAssemblyErrors (0ms)
			InitializePlatformSupportModulesInManaged (18ms)
			SetLoadedEditorAssemblies (8ms)
			RefreshPlugins (0ms)
			BeforeProcessingInitializeOnLoad (202ms)
			ProcessInitializeOnLoadAttributes (859ms)
			ProcessInitializeOnLoadMethodAttributes (113ms)
			AfterProcessingInitializeOnLoad (14ms)
			EditorAssembliesLoaded (1ms)
		ExecutionOrderSort2 (0ms)
		AwakeInstancesAfterBackupRestoration (19ms)
Refreshing native plugins compatible for Editor in 32.73 ms, found 10 plugins.
Preloading 0 native plugins for Editor in 0.00 ms.
Unloading 4968 Unused Serialized files (Serialized files now loaded: 0)
Unloading 68 unused Assets / (57.1 KB). Loaded Objects now: 5536.
Memory consumption went from 172.1 MB to 172.1 MB.
Total: 6.745400 ms (FindLiveObjects: 0.688500 ms CreateObjectMapping: 0.464500 ms MarkObjects: 5.381300 ms  DeleteObjects: 0.208200 ms)

Prepare: number of updated asset objects reloaded= 0
AssetImportParameters requested are different than current active one (requested -> active):
  custom:scripting/monoscript/fileName/DPadInteraction.cs: 93f85c8ba74c4199c8fc9b6e8c6fb8a6 -> 
  custom:scripting/monoscript/fileName/OpenXRFeatureSettingsEditor.cs: 46f7bc9b6667349416d592c92274a2cd -> 
  custom:container-demuxer-ogg: 62fdf1f143b41e24485cea50d1cbac27 -> 
  custom:scripting/monoscript/fileName/UWPCoreWindowBuildHooks.cs: 528ee0545204f8083d130ec04efc78bc -> 
  custom:scripting/monoscript/fileName/OpenXRLoaderBase.cs: 0b6a60b837fc38165e3eaf7aaf2bf3e3 -> 
  custom:scripting/monoscript/fileName/MetaQuestFeatureEditor.cs: fff340053bb2e94334d0d5989f2eb349 -> 
  custom:scripting/monoscript/fileName/XRDeviceSimulatorControllerUI.cs: 1fdda016482e80c4f698bd161ca6a92f -> 
  custom:scripting/monoscript/fileName/XRDeviceSimulatorUI.cs: 0ec50ce90bac5e819d9ddb292ac27c71 -> 
  custom:scripting/precompiled-assembly-types:Unity.XR.Management.Editor: 220852eb385ea4cc2eb66eb943d70995 -> 
  custom:scripting/monoscript/fileName/PalmPoseInteraction.cs: 6bd25b6029acb9127f25748cb0b6d2a8 -> 
  custom:scripting/precompiled-assembly-types:Unity.XR.OpenXR.Editor: b2a8f17f09055950b7f19e2845cbc5c2 -> 
  custom:scripting/monoscript/fileName/MetaQuestTouchPlusControllerProfile.cs: 4b9439e11567c27c85546e11bafeabe7 -> 
  custom:scripting/monoscript/fileName/XRPluginManagementProjectValidation.cs: 12841b9f0a8da6fb46dd05260375325e -> 
  custom:scripting/monoscript/fileName/OpenXRRuntime.cs: c3a00f9ce6a0283dcb391b83637adf44 -> 
  custom:video-decoder-ogg-theora: a1e56fd34408186e4bbccfd4996cb3dc -> 
  custom:scripting/monoscript/fileName/XRGeneralSettingsPerBuildTarget.cs: 6970e5bff368910038049eb1434facbf -> 
  custom:scripting/monoscript/fileName/MetaQuestTouchProControllerProfile.cs: 9fffae235d4c14901711127c7daeb86c -> 
  custom:scripting/monoscript/fileName/OpenXRConstants.cs: f878d042bd3999b796b9387b0c8a1032 -> 
  custom:scripting/monoscript/fileName/OpenXRFeatureUICommon.cs: 45f7a59cd9c5cd84e28e0f7a429879c2 -> 
  custom:scripting/precompiled-assembly-types:Unity.XR.OpenXR.Features.OculusQuestSupport.Editor: c62b8d05b94c435029ef9fc43d7261ca -> 
  custom:scripting/monoscript/fileName/XRLoaderInfo.cs: 86fa513bfc04d58509db292069910bf2 -> 
  custom:framework-win-MediaFoundation: 216162199b28c13a410421893ffa2e32 -> 
  custom:scripting/monoscript/fileName/OpenXRLoaderUI.cs: ebd8d704d5e26f054d43886c272cd005 -> 
  custom:scripting/monoscript/fileName/WaitForRestartFinish.cs: 0e76bf389cf347a5d8d6432ec661895f -> 
  custom:scripting/monoscript/fileName/OpenXRFeatureSettings.cs: 90647cc400823b41df847a6cbfc29026 -> 
  custom:scripting/monoscript/fileName/OpenXRBuildProcessor.cs: 48dc0e114f75799c0d74bafe70808189 -> 
  custom:scripting/monoscript/fileName/KHRSimpleControllerProfile.cs: bcdcb81587b2075f7af2f75706b9e69a -> 
  custom:scripting/monoscript/fileName/OpenXRFeatureInternal.cs: 90647cc400823b41df847a6cbfc29026 -> 
  custom:scripting/monoscript/fileName/OpenXRSpaceSettings.cs: 90647cc400823b41df847a6cbfc29026 -> 
  custom:scripting/monoscript/fileName/DPadInteractionCustomEditor.cs: d93785eeae2b4d41d39f603bd6f9849d -> 
  custom:scripting/precompiled-assembly-types:Unity.XR.OpenXR.Features.RuntimeDebugger.Editor: e1cc4b3ad1ade1a1503c3d79a1cfcaf0 -> 
  custom:scripting/monoscript/fileName/XRSettingsManager.cs: 701988ef3c16e84d3bc781477493ab34 -> 
  custom:scripting/monoscript/fileName/ConformanceAutomationFeature.cs: 97112e825fad9ed87f6a9c7acc231c0b -> 
  custom:scripting/monoscript/fileName/IXRLoaderPreInit.cs: 4dbca4fbe4a89e2a18943694f414e3a9 -> 
  custom:scripting/monoscript/fileName/XRGeneralBuildProcessor.cs: d52e14652f14fd6e56a66a859653fea9 -> 
  custom:scripting/monoscript/fileName/XRGeneralSettings.cs: 01e68fef49e5cbf622bb7b4ffc622d89 -> 
  custom:scripting/monoscript/fileName/XRManagerEditor.cs: 6847a9ea85cd2d801d895b625e9590ff -> 
  custom:scripting/monoscript/fileName/FeatureHelpers.cs: 0e8d07707daeed1da30b1605e903226b -> 
  custom:scripting/monoscript/fileName/DebuggerState.cs: 41070b7a08cc178a9ea51324cdaf5b81 -> 
  custom:scripting/monoscript/fileName/XRBuildProcessorHelper.cs: 90647cc400823b41df847a6cbfc29026 -> 
  custom:scripting/monoscript/fileName/TypeLoaderExtensions.cs: ee5d3b5e5d81c98c5d3594e8b9153df0 -> 
  custom:scripting/precompiled-assembly-types:Unity.XR.OpenXR.Features.OculusQuestSupport: d15f77eecb71f285045ab68c6a5ab3aa -> 
  custom:CustomObjectIndexerAttribute: 9a22284fe3817be447336de3de66b15e -> 
  custom:scripting/monoscript/fileName/OpenXRHmd.cs: 1624687aa096b40d58d149d9c6304cca -> 
  custom:scripting/precompiled-assembly-types:Unity.XR.OpenXR.Features.MetaQuestSupport.Editor: d29ebede884d38e464c8dad49331ddbf -> 
  custom:scripting/monoscript/fileName/XRConfigurationProvider.cs: fa91ddd62be7b4c45bfd03890af30249 -> 
  custom:scripting/monoscript/fileName/ManifestElement.cs: c30b57498d373b7476c4d7dfdaee189c -> 
  custom:scripting/monoscript/fileName/OpenXRMangementSettings.cs: 5a013b6c45b1e1d06085cb1496493b86 -> 
  custom:scripting/monoscript/fileName/XREditorWorkQueue.cs: 8e928039a032f154dc8a86537aaac69a -> 
  custom:scripting/monoscript/fileName/OculusTouchControllerProfile.cs: 03df51b5c781d1980f509408bae72bc8 -> 
  custom:scripting/precompiled-assembly-types:Unity.XR.Management: f5b1b59a8f17cb331d61fd7665721dab -> 
  custom:scripting/monoscript/fileName/ManifestRequirement.cs: d0237042ed94ccc3267a409cde8490a6 -> 
  custom:scripting/monoscript/fileName/OpenXRNativeTypes.cs: 11be60823314f621c1b0bb94bf4fe744 -> 
  custom:container-demuxer-webm: 4f35f7cbe854078d1ac9338744f61a02 -> 
  custom:scripting/monoscript/fileName/KnownFeatureSets.cs: 2cf391597f07a52473981e9cc2b41b67 -> 
  custom:scripting/precompiled-assembly-types:Unity.XR.OpenXR.Features.MockRuntime: e75d918d8106c27865ca5517b4bdd194 -> 
  custom:scripting/monoscript/fileName/PackageNotificationUtils.cs: e493f521fc1755dec19875ae28a4f621 -> 
  custom:scripting/monoscript/fileName/OpenXRProjectValidationRulesSetup.cs: 63c520149123eced22b6028c5ebd9d08 -> 
  custom:scripting/monoscript/fileName/XRPackageMetadataStore.cs: e06e5e9ffca9529e9db63900dd9caf32 -> 
  custom:scripting/monoscript/fileName/XRLoaderInfoManager.cs: 28efaa63edac30b89ccc35ca2bf149fa -> 
  custom:scripting/monoscript/fileName/XRConfigurationData.cs: 2cf07b13d54bfee2898ed6dc38612fbb -> 
  custom:scripting/monoscript/fileName/MicrosoftHandInteraction.cs: dac920740153b0163dda0f7e56920e40 -> 
  custom:scripting/monoscript/fileName/RuntimeDebuggerWindow.cs: 0bc1d5ee7ce2553d42d62861471f3c44 -> 
  custom:scripting/monoscript/fileName/PackageSettingsEditor.cs: 6212fddebb8f67c4da0f50592230839b -> 
  custom:scripting/monoscript/fileName/OpenXRFeature.cs: a84888103ea4406f238a41c42d12d002 -> 
  custom:scripting/monoscript/fileName/XRManagerSettings.cs: 39a1227fa3c478af29a735ec246b6baf -> 
  custom:scripting/monoscript/fileName/XRCustomLoaderUIManager.cs: 4be5a8f671a1d808dd1496961b79b86b -> 
  custom:container-muxer-webm: aa71ff27fc2769a1b78a27578f13a17b -> 
  custom:scripting/precompiled-assembly-types:Unity.XR.OpenXR: 6b540efea7d7bcf04b31853b4d2f54c0 -> 
  custom:scripting/monoscript/fileName/OpenXRLoader.cs: 2a03893d4aa4b960c2f49090b4b03a7b -> 
  custom:scripting/monoscript/fileName/ValveIndexControllerProfile.cs: f923b1771c835a70375d3505e818878d -> 
  custom:scripting/monoscript/fileName/OculusQuestFeatureEditor.cs: af70b82209b4cf6ce20a2da2892dfc5f -> 
  custom:video-decoder-webm-vp8: 9c59270c3fd7afecdb556c50c9e8de78 -> 
  custom:scripting/monoscript/fileName/OpenXRChooseRuntimeLibraries.cs: 3923c2f1337a35d737ad0192eb46b432 -> 
  custom:scripting/monoscript/fileName/OculusQuestFeature.cs: 041c3418dd65b8e99ca410c708996814 -> 
  custom:scripting/monoscript/fileName/OpenXRFeatureSetManager.cs: 4f340a53d115a7e1888d00ddc4cd614b -> 
  custom:scripting/monoscript/fileName/OpenXRColorSubmissonModeList.cs: 62c3c48199b3c893ece86757b75b0604 -> 
  custom:scripting/monoscript/fileName/OpenXRUtility.cs: af9b8bca68ffa2bc69f78ec0da9cf1fd -> 
  custom:SearchIndexIgnoredProperties: e643bd26f0fe6173181afceb89e7c659 -> 
  custom:scripting/monoscript/fileName/XRGeneralSettingsUpgrade.cs: cc8d2e81204b3fd0e662cd38ef4a2d49 -> 
  custom:AudioImporter_EditorPlatform: d09bf68614088b80899f8185d706f6e7 -> 
  custom:scripting/monoscript/fileName/MockRuntime.cs: 8e970d93da4762c7d57e9c9dd2b36dbb -> 
  custom:scripting/monoscript/fileName/OpenXRDevice.cs: 1b3be9b024fb29351711164fb0577202 -> 
  custom:scripting/monoscript/fileName/OpenXRUnityAPI.cs: 95d0f03221767acb8a4a43279af12154 -> 
  custom:scripting/monoscript/fileName/HTCViveControllerProfile.cs: 575b921c71649e99576a05f0add9cf5d -> 
  custom:scripting/monoscript/fileName/XRDeviceSimulatorHandsUI.cs: bca3963bba47bbf101fe9d7e7dd07836 -> 
  custom:scripting/monoscript/fileName/XRCustomLoaderUI.cs: a1b6225426bb5004db8b9d7388fe5771 -> 
  custom:scripting/monoscript/fileName/BootConfigBuilder.cs: a174d8870c7a69fabc7d42a75b0f23aa -> 
  custom:scripting/precompiled-assembly-types:Unity.XR.OpenXR.Features.RuntimeDebugger: 81fc02b8029ab9c0bce4eaa33a13e7d8 -> 
  custom:scripting/monoscript/fileName/OpenXRRenderSettings.cs: 90647cc400823b41df847a6cbfc29026 -> 
  custom:scripting/monoscript/fileName/EyeGazeInteraction.cs: dc1f12620c8656649cfc16f13969f5fa -> 
  custom:scripting/monoscript/fileName/OpenXRAnalytics.cs: 67d5de80ae8e3ee46bb1b4907783d54c -> 
  custom:scripting/monoscript/fileName/XRLoaderHelper.cs: ae85c4c4a11fcc1ed3393963333e400c -> 
  custom:scripting/monoscript/fileName/MicrosoftMotionControllerProfile.cs: 6dcaa2067404bed7771687f2f9dfa057 -> 
  custom:scripting/monoscript/fileName/XRLoader.cs: d82cec0b87bab7dffe74fb3651887ce3 -> 
  custom:scripting/monoscript/fileName/OpenXRRestarter.cs: c236f3f43c026f409512d203b81e6184 -> 
  custom:scripting/monoscript/fileName/OpenXRFeatureAttribute.cs: 99305d666df750d87e7264e3c7ae4f2a -> 
  custom:scripting/monoscript/fileName/XRSupportedBuildTargetAttribute.cs: f87a91ba911f6030453bea8d921b45d2 -> 
  custom:scripting/monoscript/fileName/OpenXRLoaderNoPreInit.cs: 8f7a064e1e0bb6e17b9f5d171fe53dfc -> 
  custom:scripting/monoscript/fileName/AndroidManifestProcessor.cs: d8dd4961c18e43fcd707eb950405363a -> 
  custom:scripting/precompiled-assembly-types:Unity.XR.OpenXR.Features.ConformanceAutomation: daaea684d78afe5278ff971b66e0fbf9 -> 
  custom:scripting/monoscript/fileName/HandCommonPosesInteraction.cs: c984aa78f460c3bf39ec56bc9a0a414a -> 
  custom:scripting/monoscript/fileName/OpenXRDiagnosticReport.cs: f43e8307d90025ed39c346ed63d1208d -> 
  custom:scripting/monoscript/fileName/RuntimeDebuggerOpenXRFeatureEditor.cs: 26a9be57964b520d3a47d8c20db877e9 -> 
  custom:scripting/monoscript/fileName/PoseControl.cs: 4ff0d325328ef40fb1693e34ac3358bf -> 26044499bf9bfd77ab38d92d33de1d80
  custom:scripting/monoscript/fileName/OpenXRFeatureBuildHooks.cs: da31756dd3c74e69bcd7ed1a1983ed53 -> 
  custom:scripting/monoscript/fileName/BuildHelpers.cs: 52ee9552b5cbbfe4eb60d480e36ffff5 -> 
  custom:scripting/monoscript/fileName/HPReverbG2ControllerProfile.cs: 6aadb5e22feaccfa77ef6db6c4d4541c -> 
  custom:scripting/monoscript/fileName/XRLoaderOrderUI.cs: 7bb0491ac9109774b097f2da80cd0c03 -> 
  custom:scripting/monoscript/fileName/AndroidManifestBuildEventReceiver.cs: 641c0bff5eb90d0569a809ea302132ee -> 
  custom:video-encoder-webm-vp8: eb34c28f22e8b96e1ab97ce403110664 -> 
  custom:scripting/monoscript/fileName/BootConfig.cs: b2c4d54615a39b14509e601dd0f329ff -> 
  custom:audio-decoder-ogg-vorbis: bf7c407c2cedff20999df2af8eb42d56 -> 
  custom:scripting/precompiled-assembly-types:Unity.XR.OpenXR.Features.MetaQuestSupport: d273bae1c8d7007d6b0fe4b360a89ef1 -> 
  custom:scripting/monoscript/fileName/IAndroidManifestRequirementProvider.cs: 42bf6f4b06629c812bd73f8ff461fec4 -> 
  custom:scripting/monoscript/fileName/XrPerformanceSettingsFeature.cs: d323744d9bc61085862cbc785e1f985c -> 
  custom:scripting/monoscript/fileName/OpenXRPackageSettings.cs: 4f4aaba453bf105fb1c3c3d64247142d -> 
  custom:scripting/monoscript/fileName/ModifyAndroidManifestMeta.cs: 3b920058e4dd8cbdb95cce4af271f981 -> 
  custom:scripting/monoscript/fileName/EditorUtilities.cs: 219d482e32bf0c01357e773617418955 -> 
  custom:scripting/monoscript/fileName/OpenXRFeatureSetAttribute.cs: 9e20f05fe0a3688af8836175869f0bb7 -> 
  custom:scripting/monoscript/fileName/XRPackageInitialization.cs: 1f095dd277a284b59543541a608de1da -> 
  custom:scripting/monoscript/fileName/FoveatedRenderingFeature.cs: 3cd591174f2fee5d1b0d6a1875383a9b -> 
  custom:scripting/monoscript/fileName/KnownPackages.cs: 8647f39ea28525d7cb72646ed790f6ec -> 
  custom:scripting/monoscript/fileName/HapticControl.cs: d7a5389cafde2a1337c58e2f0d91a837 -> 
  custom:scripting/monoscript/fileName/MetaQuestFeature.cs: b9c317336250afc5bb5fa2c2df269ea6 -> 
  custom:scripting/precompiled-assembly-types:Unity.XR.Interaction.Toolkit.Samples.DeviceSimulator: b1a8126a568547b099f25fc1d4f742a8 -> 
  custom:scripting/monoscript/fileName/XrPerformanceSettingsTypes.cs: 5bc9c5b4646eff91646254ce341c6683 -> 
  custom:scripting/monoscript/fileName/OpenXRRuntimeSelector.cs: 929d3ce28c815a19c6c335174420bf6b -> 
  custom:scripting/monoscript/fileName/OpenXRFeatureEditor.cs: 01dd3fecc4e9c7ce9fb6af5d0948ba2a -> 
  custom:scripting/monoscript/fileName/XRConstants.cs: 1558884a4b0ea94b4910dd640a0e6741 -> 
  custom:scripting/monoscript/fileName/BuildHelperUtils.cs: 619773c3d1b7f3f0ca7461f5c27242a8 -> 
  custom:scripting/monoscript/fileName/HandInteractionProfile.cs: 9c7649bd495ee99cc73ddacbe0a8cd95 -> 
  custom:scripting/monoscript/fileName/XRManagementAnalytics.cs: 546181baf4c03dbbd57015a6731508f8 -> 
  custom:scripting/monoscript/fileName/ModifyAndroidManifestOculus.cs: 1d09740e7edd66fffc5895aae9e385d3 -> 
  custom:scripting/monoscript/fileName/XRPackage.cs: f2edbbf87f9b798abaf2a9f285d155f5 -> 
  custom:audio-encoder-webm-vorbis: bf7c407c2cedff20999df2af8eb42d56 -> 
  custom:scripting/monoscript/fileName/RuntimeDebuggerOpenXRFeature.cs: 8b269b64ad1c99e85d7f28185c15f7bb -> 
  custom:scripting/monoscript/fileName/MetaQuestFeatureBuildHooks.cs: 2ac755c66ffd4e4b7c22530386a7ba47 -> 
  custom:scripting/monoscript/fileName/AndroidManifestDocument.cs: 4c38ca7417a5355dfe2fd0b706ad71e8 -> 
  custom:scripting/monoscript/fileName/XRPackageInitializationSettings.cs: 2f743437d3b09c9a4a5a33e9be971b1a -> 
  custom:scripting/monoscript/fileName/XRPackageMetadata.cs: 16731333f575d8bc31df496aced36ebf -> 
  custom:scripting/monoscript/fileName/OpenXRInput.cs: b351db87f98ee399e568b78e0ed353e3 -> 
  custom:scripting/monoscript/fileName/OpenXRInteractionFeature.cs: a60484418ad6b497996467bb6f98db73 -> 
  custom:scripting/monoscript/fileName/OpenXRSettings.cs: f8ff4c7422697fc56884f260233aaf86 -> 
  custom:scripting/monoscript/fileName/OpenXREditorSettings.cs: 321e3a8126bc4b0248cbcecf63892f31 -> 
  custom:scripting/monoscript/fileName/OpenXRProjectValidation.cs: 181508e149a91a64c6dfdc447b97c322 -> 
========================================================================
Received Prepare
Caller must complete domain reload
Begin MonoManager ReloadAssembly
- Loaded All Assemblies, in  1.356 seconds
Native extension for WindowsStandalone target not found
Mono: successfully reloaded assembly
[Package Manager] Server::EnsureServerProcessIsRunning -- launch failed, reason: Unity was launched with the -noUpm command-line argument
[Package Manager] UpmClient::Send -- Unable to send message (not connected to UPM process).
[Package Manager] Cannot connect to Unity Package Manager local server
- Finished resetting the current domain, in  3.593 seconds
Domain Reload Profiling: 4941ms
	BeginReloadAssembly (367ms)
		ExecutionOrderSort (0ms)
		DisableScriptedObjects (13ms)
		BackupInstance (0ms)
		ReleaseScriptingObjects (0ms)
		CreateAndSetChildDomain (76ms)
	RebuildCommonClasses (105ms)
	RebuildNativeTypeToScriptingClass (36ms)
	initialDomainReloadingComplete (85ms)
	LoadAllAssembliesAndSetupDomain (753ms)
		LoadAssemblies (849ms)
		RebuildTransferFunctionScriptingTraits (0ms)
		AnalyzeDomain (110ms)
			TypeCache.Refresh (20ms)
				TypeCache.ScanAssembly (1ms)
			ScanForSourceGeneratedMonoScriptInfo (58ms)
			ResolveRequiredComponents (26ms)
	FinalizeReload (3594ms)
		ReleaseScriptCaches (0ms)
		RebuildScriptCaches (0ms)
		SetupLoadedEditorAssemblies (1611ms)
			LogAssemblyErrors (0ms)
			InitializePlatformSupportModulesInManaged (18ms)
			SetLoadedEditorAssemblies (11ms)
			RefreshPlugins (0ms)
			BeforeProcessingInitializeOnLoad (217ms)
			ProcessInitializeOnLoadAttributes (1176ms)
			ProcessInitializeOnLoadMethodAttributes (169ms)
			AfterProcessingInitializeOnLoad (19ms)
			EditorAssembliesLoaded (1ms)
		ExecutionOrderSort2 (0ms)
		AwakeInstancesAfterBackupRestoration (21ms)
Refreshing native plugins compatible for Editor in 45.60 ms, found 10 plugins.
Preloading 0 native plugins for Editor in 0.00 ms.
Unloading 4969 Unused Serialized files (Serialized files now loaded: 0)
Unloading 68 unused Assets / (57.1 KB). Loaded Objects now: 5541.
Memory consumption went from 172.2 MB to 172.1 MB.
Total: 8.002900 ms (FindLiveObjects: 0.930300 ms CreateObjectMapping: 0.423000 ms MarkObjects: 6.427000 ms  DeleteObjects: 0.220600 ms)

Prepare: number of updated asset objects reloaded= 0
AssetImportParameters requested are different than current active one (requested -> active):
  custom:scripting/monoscript/fileName/DPadInteraction.cs: 93f85c8ba74c4199c8fc9b6e8c6fb8a6 -> 
  custom:scripting/monoscript/fileName/OpenXRFeatureSettingsEditor.cs: 46f7bc9b6667349416d592c92274a2cd -> 
  custom:container-demuxer-ogg: 62fdf1f143b41e24485cea50d1cbac27 -> 
  custom:scripting/monoscript/fileName/UWPCoreWindowBuildHooks.cs: 528ee0545204f8083d130ec04efc78bc -> 
  custom:scripting/monoscript/fileName/OpenXRLoaderBase.cs: 0b6a60b837fc38165e3eaf7aaf2bf3e3 -> 
  custom:scripting/monoscript/fileName/MetaQuestFeatureEditor.cs: fff340053bb2e94334d0d5989f2eb349 -> 
  custom:scripting/monoscript/fileName/XRDeviceSimulatorControllerUI.cs: 1fdda016482e80c4f698bd161ca6a92f -> 
  custom:scripting/monoscript/fileName/XRDeviceSimulatorUI.cs: 0ec50ce90bac5e819d9ddb292ac27c71 -> 
  custom:scripting/precompiled-assembly-types:Unity.XR.Management.Editor: 220852eb385ea4cc2eb66eb943d70995 -> 
  custom:scripting/monoscript/fileName/PalmPoseInteraction.cs: 6bd25b6029acb9127f25748cb0b6d2a8 -> 
  custom:scripting/precompiled-assembly-types:Unity.XR.OpenXR.Editor: b2a8f17f09055950b7f19e2845cbc5c2 -> 
  custom:scripting/monoscript/fileName/MetaQuestTouchPlusControllerProfile.cs: 4b9439e11567c27c85546e11bafeabe7 -> 
  custom:scripting/monoscript/fileName/XRPluginManagementProjectValidation.cs: 12841b9f0a8da6fb46dd05260375325e -> 
  custom:scripting/monoscript/fileName/OpenXRRuntime.cs: c3a00f9ce6a0283dcb391b83637adf44 -> 
  custom:video-decoder-ogg-theora: a1e56fd34408186e4bbccfd4996cb3dc -> 
  custom:scripting/monoscript/fileName/XRGeneralSettingsPerBuildTarget.cs: 6970e5bff368910038049eb1434facbf -> 
  custom:scripting/monoscript/fileName/MetaQuestTouchProControllerProfile.cs: 9fffae235d4c14901711127c7daeb86c -> 
  custom:scripting/monoscript/fileName/OpenXRConstants.cs: f878d042bd3999b796b9387b0c8a1032 -> 
  custom:scripting/monoscript/fileName/OpenXRFeatureUICommon.cs: 45f7a59cd9c5cd84e28e0f7a429879c2 -> 
  custom:scripting/precompiled-assembly-types:Unity.XR.OpenXR.Features.OculusQuestSupport.Editor: c62b8d05b94c435029ef9fc43d7261ca -> 
  custom:scripting/monoscript/fileName/XRLoaderInfo.cs: 86fa513bfc04d58509db292069910bf2 -> 
  custom:framework-win-MediaFoundation: 216162199b28c13a410421893ffa2e32 -> 
  custom:scripting/monoscript/fileName/OpenXRLoaderUI.cs: ebd8d704d5e26f054d43886c272cd005 -> 
  custom:scripting/monoscript/fileName/WaitForRestartFinish.cs: 0e76bf389cf347a5d8d6432ec661895f -> 
  custom:scripting/monoscript/fileName/OpenXRFeatureSettings.cs: 90647cc400823b41df847a6cbfc29026 -> 
  custom:scripting/monoscript/fileName/OpenXRBuildProcessor.cs: 48dc0e114f75799c0d74bafe70808189 -> 
  custom:scripting/monoscript/fileName/KHRSimpleControllerProfile.cs: bcdcb81587b2075f7af2f75706b9e69a -> 
  custom:scripting/monoscript/fileName/OpenXRFeatureInternal.cs: 90647cc400823b41df847a6cbfc29026 -> 
  custom:scripting/monoscript/fileName/OpenXRSpaceSettings.cs: 90647cc400823b41df847a6cbfc29026 -> 
  custom:scripting/monoscript/fileName/DPadInteractionCustomEditor.cs: d93785eeae2b4d41d39f603bd6f9849d -> 
  custom:scripting/precompiled-assembly-types:Unity.XR.OpenXR.Features.RuntimeDebugger.Editor: e1cc4b3ad1ade1a1503c3d79a1cfcaf0 -> 
  custom:scripting/monoscript/fileName/XRSettingsManager.cs: 701988ef3c16e84d3bc781477493ab34 -> 
  custom:scripting/monoscript/fileName/ConformanceAutomationFeature.cs: 97112e825fad9ed87f6a9c7acc231c0b -> 
  custom:scripting/monoscript/fileName/IXRLoaderPreInit.cs: 4dbca4fbe4a89e2a18943694f414e3a9 -> 
  custom:scripting/monoscript/fileName/XRGeneralBuildProcessor.cs: d52e14652f14fd6e56a66a859653fea9 -> 
  custom:scripting/monoscript/fileName/XRGeneralSettings.cs: 01e68fef49e5cbf622bb7b4ffc622d89 -> 
  custom:scripting/monoscript/fileName/XRManagerEditor.cs: 6847a9ea85cd2d801d895b625e9590ff -> 
  custom:scripting/monoscript/fileName/FeatureHelpers.cs: 0e8d07707daeed1da30b1605e903226b -> 
  custom:scripting/monoscript/fileName/DebuggerState.cs: 41070b7a08cc178a9ea51324cdaf5b81 -> 
  custom:scripting/monoscript/fileName/XRBuildProcessorHelper.cs: 90647cc400823b41df847a6cbfc29026 -> 
  custom:scripting/monoscript/fileName/TypeLoaderExtensions.cs: ee5d3b5e5d81c98c5d3594e8b9153df0 -> 
  custom:scripting/precompiled-assembly-types:Unity.XR.OpenXR.Features.OculusQuestSupport: d15f77eecb71f285045ab68c6a5ab3aa -> 
  custom:CustomObjectIndexerAttribute: 9a22284fe3817be447336de3de66b15e -> 
  custom:scripting/monoscript/fileName/OpenXRHmd.cs: 1624687aa096b40d58d149d9c6304cca -> 
  custom:scripting/precompiled-assembly-types:Unity.XR.OpenXR.Features.MetaQuestSupport.Editor: d29ebede884d38e464c8dad49331ddbf -> 
  custom:scripting/monoscript/fileName/XRConfigurationProvider.cs: fa91ddd62be7b4c45bfd03890af30249 -> 
  custom:scripting/monoscript/fileName/ManifestElement.cs: c30b57498d373b7476c4d7dfdaee189c -> 
  custom:scripting/monoscript/fileName/OpenXRMangementSettings.cs: 5a013b6c45b1e1d06085cb1496493b86 -> 
  custom:scripting/monoscript/fileName/XREditorWorkQueue.cs: 8e928039a032f154dc8a86537aaac69a -> 
  custom:scripting/monoscript/fileName/OculusTouchControllerProfile.cs: 03df51b5c781d1980f509408bae72bc8 -> 
  custom:scripting/precompiled-assembly-types:Unity.XR.Management: f5b1b59a8f17cb331d61fd7665721dab -> 
  custom:scripting/monoscript/fileName/ManifestRequirement.cs: d0237042ed94ccc3267a409cde8490a6 -> 
  custom:scripting/monoscript/fileName/OpenXRNativeTypes.cs: 11be60823314f621c1b0bb94bf4fe744 -> 
  custom:container-demuxer-webm: 4f35f7cbe854078d1ac9338744f61a02 -> 
  custom:scripting/monoscript/fileName/KnownFeatureSets.cs: 2cf391597f07a52473981e9cc2b41b67 -> 
  custom:scripting/precompiled-assembly-types:Unity.XR.OpenXR.Features.MockRuntime: e75d918d8106c27865ca5517b4bdd194 -> 
  custom:scripting/monoscript/fileName/PackageNotificationUtils.cs: e493f521fc1755dec19875ae28a4f621 -> 
  custom:scripting/monoscript/fileName/OpenXRProjectValidationRulesSetup.cs: 63c520149123eced22b6028c5ebd9d08 -> 
  custom:scripting/monoscript/fileName/XRPackageMetadataStore.cs: e06e5e9ffca9529e9db63900dd9caf32 -> 
  custom:scripting/monoscript/fileName/XRLoaderInfoManager.cs: 28efaa63edac30b89ccc35ca2bf149fa -> 
  custom:scripting/monoscript/fileName/XRConfigurationData.cs: 2cf07b13d54bfee2898ed6dc38612fbb -> 
  custom:scripting/monoscript/fileName/MicrosoftHandInteraction.cs: dac920740153b0163dda0f7e56920e40 -> 
  custom:scripting/monoscript/fileName/RuntimeDebuggerWindow.cs: 0bc1d5ee7ce2553d42d62861471f3c44 -> 
  custom:scripting/monoscript/fileName/PackageSettingsEditor.cs: 6212fddebb8f67c4da0f50592230839b -> 
  custom:scripting/monoscript/fileName/OpenXRFeature.cs: a84888103ea4406f238a41c42d12d002 -> 
  custom:scripting/monoscript/fileName/XRManagerSettings.cs: 39a1227fa3c478af29a735ec246b6baf -> 
  custom:scripting/monoscript/fileName/XRCustomLoaderUIManager.cs: 4be5a8f671a1d808dd1496961b79b86b -> 
  custom:container-muxer-webm: aa71ff27fc2769a1b78a27578f13a17b -> 
  custom:scripting/precompiled-assembly-types:Unity.XR.OpenXR: 6b540efea7d7bcf04b31853b4d2f54c0 -> 
  custom:scripting/monoscript/fileName/OpenXRLoader.cs: 2a03893d4aa4b960c2f49090b4b03a7b -> 
  custom:scripting/monoscript/fileName/ValveIndexControllerProfile.cs: f923b1771c835a70375d3505e818878d -> 
  custom:scripting/monoscript/fileName/OculusQuestFeatureEditor.cs: af70b82209b4cf6ce20a2da2892dfc5f -> 
  custom:video-decoder-webm-vp8: 9c59270c3fd7afecdb556c50c9e8de78 -> 
  custom:scripting/monoscript/fileName/OpenXRChooseRuntimeLibraries.cs: 3923c2f1337a35d737ad0192eb46b432 -> 
  custom:scripting/monoscript/fileName/OculusQuestFeature.cs: 041c3418dd65b8e99ca410c708996814 -> 
  custom:scripting/monoscript/fileName/OpenXRFeatureSetManager.cs: 4f340a53d115a7e1888d00ddc4cd614b -> 
  custom:scripting/monoscript/fileName/OpenXRColorSubmissonModeList.cs: 62c3c48199b3c893ece86757b75b0604 -> 
  custom:scripting/monoscript/fileName/OpenXRUtility.cs: af9b8bca68ffa2bc69f78ec0da9cf1fd -> 
  custom:SearchIndexIgnoredProperties: e643bd26f0fe6173181afceb89e7c659 -> 
  custom:scripting/monoscript/fileName/XRGeneralSettingsUpgrade.cs: cc8d2e81204b3fd0e662cd38ef4a2d49 -> 
  custom:AudioImporter_EditorPlatform: d09bf68614088b80899f8185d706f6e7 -> 
  custom:scripting/monoscript/fileName/MockRuntime.cs: 8e970d93da4762c7d57e9c9dd2b36dbb -> 
  custom:scripting/monoscript/fileName/OpenXRDevice.cs: 1b3be9b024fb29351711164fb0577202 -> 
  custom:scripting/monoscript/fileName/OpenXRUnityAPI.cs: 95d0f03221767acb8a4a43279af12154 -> 
  custom:scripting/monoscript/fileName/HTCViveControllerProfile.cs: 575b921c71649e99576a05f0add9cf5d -> 
  custom:scripting/monoscript/fileName/XRDeviceSimulatorHandsUI.cs: bca3963bba47bbf101fe9d7e7dd07836 -> 
  custom:scripting/monoscript/fileName/XRCustomLoaderUI.cs: a1b6225426bb5004db8b9d7388fe5771 -> 
  custom:scripting/monoscript/fileName/BootConfigBuilder.cs: a174d8870c7a69fabc7d42a75b0f23aa -> 
  custom:scripting/precompiled-assembly-types:Unity.XR.OpenXR.Features.RuntimeDebugger: 81fc02b8029ab9c0bce4eaa33a13e7d8 -> 
  custom:scripting/monoscript/fileName/OpenXRRenderSettings.cs: 90647cc400823b41df847a6cbfc29026 -> 
  custom:scripting/monoscript/fileName/EyeGazeInteraction.cs: dc1f12620c8656649cfc16f13969f5fa -> 
  custom:scripting/monoscript/fileName/OpenXRAnalytics.cs: 67d5de80ae8e3ee46bb1b4907783d54c -> 
  custom:scripting/monoscript/fileName/XRLoaderHelper.cs: ae85c4c4a11fcc1ed3393963333e400c -> 
  custom:scripting/monoscript/fileName/MicrosoftMotionControllerProfile.cs: 6dcaa2067404bed7771687f2f9dfa057 -> 
  custom:scripting/monoscript/fileName/XRLoader.cs: d82cec0b87bab7dffe74fb3651887ce3 -> 
  custom:scripting/monoscript/fileName/OpenXRRestarter.cs: c236f3f43c026f409512d203b81e6184 -> 
  custom:scripting/monoscript/fileName/OpenXRFeatureAttribute.cs: 99305d666df750d87e7264e3c7ae4f2a -> 
  custom:scripting/monoscript/fileName/XRSupportedBuildTargetAttribute.cs: f87a91ba911f6030453bea8d921b45d2 -> 
  custom:scripting/monoscript/fileName/OpenXRLoaderNoPreInit.cs: 8f7a064e1e0bb6e17b9f5d171fe53dfc -> 
  custom:scripting/monoscript/fileName/AndroidManifestProcessor.cs: d8dd4961c18e43fcd707eb950405363a -> 
  custom:scripting/precompiled-assembly-types:Unity.XR.OpenXR.Features.ConformanceAutomation: daaea684d78afe5278ff971b66e0fbf9 -> 
  custom:scripting/monoscript/fileName/HandCommonPosesInteraction.cs: c984aa78f460c3bf39ec56bc9a0a414a -> 
  custom:scripting/monoscript/fileName/OpenXRDiagnosticReport.cs: f43e8307d90025ed39c346ed63d1208d -> 
  custom:scripting/monoscript/fileName/RuntimeDebuggerOpenXRFeatureEditor.cs: 26a9be57964b520d3a47d8c20db877e9 -> 
  custom:scripting/monoscript/fileName/PoseControl.cs: 4ff0d325328ef40fb1693e34ac3358bf -> 26044499bf9bfd77ab38d92d33de1d80
  custom:scripting/monoscript/fileName/OpenXRFeatureBuildHooks.cs: da31756dd3c74e69bcd7ed1a1983ed53 -> 
  custom:scripting/monoscript/fileName/BuildHelpers.cs: 52ee9552b5cbbfe4eb60d480e36ffff5 -> 
  custom:scripting/monoscript/fileName/HPReverbG2ControllerProfile.cs: 6aadb5e22feaccfa77ef6db6c4d4541c -> 
  custom:scripting/monoscript/fileName/XRLoaderOrderUI.cs: 7bb0491ac9109774b097f2da80cd0c03 -> 
  custom:scripting/monoscript/fileName/AndroidManifestBuildEventReceiver.cs: 641c0bff5eb90d0569a809ea302132ee -> 
  custom:video-encoder-webm-vp8: eb34c28f22e8b96e1ab97ce403110664 -> 
  custom:scripting/monoscript/fileName/BootConfig.cs: b2c4d54615a39b14509e601dd0f329ff -> 
  custom:audio-decoder-ogg-vorbis: bf7c407c2cedff20999df2af8eb42d56 -> 
  custom:scripting/precompiled-assembly-types:Unity.XR.OpenXR.Features.MetaQuestSupport: d273bae1c8d7007d6b0fe4b360a89ef1 -> 
  custom:scripting/monoscript/fileName/IAndroidManifestRequirementProvider.cs: 42bf6f4b06629c812bd73f8ff461fec4 -> 
  custom:scripting/monoscript/fileName/XrPerformanceSettingsFeature.cs: d323744d9bc61085862cbc785e1f985c -> 
  custom:scripting/monoscript/fileName/OpenXRPackageSettings.cs: 4f4aaba453bf105fb1c3c3d64247142d -> 
  custom:scripting/monoscript/fileName/ModifyAndroidManifestMeta.cs: 3b920058e4dd8cbdb95cce4af271f981 -> 
  custom:scripting/monoscript/fileName/EditorUtilities.cs: 219d482e32bf0c01357e773617418955 -> 
  custom:scripting/monoscript/fileName/OpenXRFeatureSetAttribute.cs: 9e20f05fe0a3688af8836175869f0bb7 -> 
  custom:scripting/monoscript/fileName/XRPackageInitialization.cs: 1f095dd277a284b59543541a608de1da -> 
  custom:scripting/monoscript/fileName/FoveatedRenderingFeature.cs: 3cd591174f2fee5d1b0d6a1875383a9b -> 
  custom:scripting/monoscript/fileName/KnownPackages.cs: 8647f39ea28525d7cb72646ed790f6ec -> 
  custom:scripting/monoscript/fileName/HapticControl.cs: d7a5389cafde2a1337c58e2f0d91a837 -> 
  custom:scripting/monoscript/fileName/MetaQuestFeature.cs: b9c317336250afc5bb5fa2c2df269ea6 -> 
  custom:scripting/precompiled-assembly-types:Unity.XR.Interaction.Toolkit.Samples.DeviceSimulator: b1a8126a568547b099f25fc1d4f742a8 -> 
  custom:scripting/monoscript/fileName/XrPerformanceSettingsTypes.cs: 5bc9c5b4646eff91646254ce341c6683 -> 
  custom:scripting/monoscript/fileName/OpenXRRuntimeSelector.cs: 929d3ce28c815a19c6c335174420bf6b -> 
  custom:scripting/monoscript/fileName/OpenXRFeatureEditor.cs: 01dd3fecc4e9c7ce9fb6af5d0948ba2a -> 
  custom:scripting/monoscript/fileName/XRConstants.cs: 1558884a4b0ea94b4910dd640a0e6741 -> 
  custom:scripting/monoscript/fileName/BuildHelperUtils.cs: 619773c3d1b7f3f0ca7461f5c27242a8 -> 
  custom:scripting/monoscript/fileName/gameManager_sc.cs: 06c6a4dd38765e854ad12ef8e96c6c7b -> 
  custom:scripting/monoscript/fileName/HandInteractionProfile.cs: 9c7649bd495ee99cc73ddacbe0a8cd95 -> 
  custom:scripting/monoscript/fileName/XRManagementAnalytics.cs: 546181baf4c03dbbd57015a6731508f8 -> 
  custom:scripting/monoscript/fileName/ModifyAndroidManifestOculus.cs: 1d09740e7edd66fffc5895aae9e385d3 -> 
  custom:scripting/monoscript/fileName/XRPackage.cs: f2edbbf87f9b798abaf2a9f285d155f5 -> 
  custom:audio-encoder-webm-vorbis: bf7c407c2cedff20999df2af8eb42d56 -> 
  custom:scripting/monoscript/fileName/RuntimeDebuggerOpenXRFeature.cs: 8b269b64ad1c99e85d7f28185c15f7bb -> 
  custom:scripting/monoscript/fileName/MetaQuestFeatureBuildHooks.cs: 2ac755c66ffd4e4b7c22530386a7ba47 -> 
  custom:scripting/monoscript/fileName/AndroidManifestDocument.cs: 4c38ca7417a5355dfe2fd0b706ad71e8 -> 
  custom:scripting/monoscript/fileName/XRPackageInitializationSettings.cs: 2f743437d3b09c9a4a5a33e9be971b1a -> 
  custom:scripting/precompiled-assembly-types:Assembly-CSharp: 1f5edc018003db6b6e9cc6fc79bf563b -> 4f47e1615c5f2acb1872d32e2b45cd01
  custom:scripting/monoscript/fileName/XRPackageMetadata.cs: 16731333f575d8bc31df496aced36ebf -> 
  custom:scripting/monoscript/fileName/OpenXRInput.cs: b351db87f98ee399e568b78e0ed353e3 -> 
  custom:scripting/monoscript/fileName/OpenXRInteractionFeature.cs: a60484418ad6b497996467bb6f98db73 -> 
  custom:scripting/monoscript/fileName/OpenXRSettings.cs: f8ff4c7422697fc56884f260233aaf86 -> 
  custom:scripting/monoscript/fileName/OpenXREditorSettings.cs: 321e3a8126bc4b0248cbcecf63892f31 -> 
  custom:scripting/monoscript/fileName/OpenXRProjectValidation.cs: 181508e149a91a64c6dfdc447b97c322 -> 
========================================================================
Received Import Request.
  Time since last request: 1074.874683 seconds.
  path: Assets/Scripts/gameManager_sc.cs
  artifactKey: Guid(25352f6dce174284ab111f5e694e4186) Importer(815301076,1909f56bfc062723c751e8b465ee728b)
Start importing Assets/Scripts/gameManager_sc.cs using Guid(25352f6dce174284ab111f5e694e4186) Importer(815301076,1909f56bfc062723c751e8b465ee728b) [PhysX] Initialized MultithreadedTaskDispatcher with 12 workers.
 -> (artifact id: '00000000000000000000000000000000') in 0.005165 seconds
Import Error Code:(4)
Message: Build asset version error: assets/scripts/gamemanager_sc.cs in SourceAssetDB has modification time of '2026-04-28T13:44:47.7343674Z' while content on disk has modification time of '2026-04-28T13:44:55.0643742Z'
  ERROR: Build asset version error: assets/scripts/gamemanager_sc.cs in SourceAssetDB has modification time of '2026-04-28T13:44:47.7343674Z' while content on disk has modification time of '2026-04-28T13:44:55.0643742Z'
Number of updated asset objects reloaded before import = 0
Number of asset objects unloaded after import = 0
========================================================================
Received Import Request.
  Time since last request: 0.000068 seconds.
  path: Assets/Scripts/gameManager_sc.cs
  artifactKey: Guid(25352f6dce174284ab111f5e694e4186) Importer(815301076,1909f56bfc062723c751e8b465ee728b)
Start importing Assets/Scripts/gameManager_sc.cs using Guid(25352f6dce174284ab111f5e694e4186) Importer(815301076,1909f56bfc062723c751e8b465ee728b) [PhysX] Initialized MultithreadedTaskDispatcher with 12 workers.
 -> (artifact id: '00000000000000000000000000000000') in 0.001170 seconds
Import Error Code:(4)
Message: Build asset version error: assets/scripts/gamemanager_sc.cs in SourceAssetDB has modification time of '2026-04-28T13:44:47.7343674Z' while content on disk has modification time of '2026-04-28T13:44:55.0643742Z'
  ERROR: Build asset version error: assets/scripts/gamemanager_sc.cs in SourceAssetDB has modification time of '2026-04-28T13:44:47.7343674Z' while content on disk has modification time of '2026-04-28T13:44:55.0643742Z'
Number of updated asset objects reloaded before import = 0
Number of asset objects unloaded after import = 0
========================================================================
Received Import Request.
  Time since last request: 0.018309 seconds.
  path: Assets/Scripts/gameManager_sc.cs
  artifactKey: Guid(25352f6dce174284ab111f5e694e4186) Importer(815301076,1909f56bfc062723c751e8b465ee728b)
Start importing Assets/Scripts/gameManager_sc.cs using Guid(25352f6dce174284ab111f5e694e4186) Importer(815301076,1909f56bfc062723c751e8b465ee728b) [PhysX] Initialized MultithreadedTaskDispatcher with 12 workers.
 -> (artifact id: '00000000000000000000000000000000') in 0.001024 seconds
Import Error Code:(4)
Message: Build asset version error: assets/scripts/gamemanager_sc.cs in SourceAssetDB has modification time of '2026-04-28T13:44:47.7343674Z' while content on disk has modification time of '2026-04-28T13:44:55.0643742Z'
  ERROR: Build asset version error: assets/scripts/gamemanager_sc.cs in SourceAssetDB has modification time of '2026-04-28T13:44:47.7343674Z' while content on disk has modification time of '2026-04-28T13:44:55.0643742Z'
Number of updated asset objects reloaded before import = 0
Number of asset objects unloaded after import = 0
========================================================================
Received Prepare
Caller must complete domain reload
Begin MonoManager ReloadAssembly
- Loaded All Assemblies, in  1.254 seconds
Native extension for WindowsStandalone target not found
Mono: successfully reloaded assembly
[Package Manager] Server::EnsureServerProcessIsRunning -- launch failed, reason: Unity was launched with the -noUpm command-line argument
[Package Manager] UpmClient::Send -- Unable to send message (not connected to UPM process).
[Package Manager] Cannot connect to Unity Package Manager local server
- Finished resetting the current domain, in  3.819 seconds
Domain Reload Profiling: 5065ms
	BeginReloadAssembly (433ms)
		ExecutionOrderSort (0ms)
		DisableScriptedObjects (17ms)
		BackupInstance (0ms)
		ReleaseScriptingObjects (0ms)
		CreateAndSetChildDomain (91ms)
	RebuildCommonClasses (76ms)
	RebuildNativeTypeToScriptingClass (35ms)
	initialDomainReloadingComplete (105ms)
	LoadAllAssembliesAndSetupDomain (595ms)
		LoadAssemblies (737ms)
		RebuildTransferFunctionScriptingTraits (0ms)
		AnalyzeDomain (103ms)
			TypeCache.Refresh (26ms)
				TypeCache.ScanAssembly (6ms)
			ScanForSourceGeneratedMonoScriptInfo (50ms)
			ResolveRequiredComponents (22ms)
	FinalizeReload (3820ms)
		ReleaseScriptCaches (0ms)
		RebuildScriptCaches (0ms)
		SetupLoadedEditorAssemblies (1602ms)
			LogAssemblyErrors (0ms)
			InitializePlatformSupportModulesInManaged (23ms)
			SetLoadedEditorAssemblies (11ms)
			RefreshPlugins (0ms)
			BeforeProcessingInitializeOnLoad (268ms)
			ProcessInitializeOnLoadAttributes (1142ms)
			ProcessInitializeOnLoadMethodAttributes (144ms)
			AfterProcessingInitializeOnLoad (12ms)
			EditorAssembliesLoaded (1ms)
		ExecutionOrderSort2 (0ms)
		AwakeInstancesAfterBackupRestoration (21ms)
Refreshing native plugins compatible for Editor in 47.61 ms, found 10 plugins.
Preloading 0 native plugins for Editor in 0.00 ms.
Unloading 4969 Unused Serialized files (Serialized files now loaded: 0)
Unloading 68 unused Assets / (57.1 KB). Loaded Objects now: 5545.
Memory consumption went from 172.2 MB to 172.1 MB.
Total: 9.707300 ms (FindLiveObjects: 1.129200 ms CreateObjectMapping: 0.682200 ms MarkObjects: 7.680100 ms  DeleteObjects: 0.213800 ms)

Prepare: number of updated asset objects reloaded= 0
AssetImportParameters requested are different than current active one (requested -> active):
  custom:scripting/monoscript/fileName/DPadInteraction.cs: 93f85c8ba74c4199c8fc9b6e8c6fb8a6 -> 
  custom:scripting/monoscript/fileName/OpenXRFeatureSettingsEditor.cs: 46f7bc9b6667349416d592c92274a2cd -> 
  custom:container-demuxer-ogg: 62fdf1f143b41e24485cea50d1cbac27 -> 
  custom:scripting/monoscript/fileName/UWPCoreWindowBuildHooks.cs: 528ee0545204f8083d130ec04efc78bc -> 
  custom:scripting/monoscript/fileName/OpenXRLoaderBase.cs: 0b6a60b837fc38165e3eaf7aaf2bf3e3 -> 
  custom:scripting/monoscript/fileName/MetaQuestFeatureEditor.cs: fff340053bb2e94334d0d5989f2eb349 -> 
  custom:scripting/monoscript/fileName/XRDeviceSimulatorControllerUI.cs: 1fdda016482e80c4f698bd161ca6a92f -> 
  custom:scripting/monoscript/fileName/XRDeviceSimulatorUI.cs: 0ec50ce90bac5e819d9ddb292ac27c71 -> 
  custom:scripting/precompiled-assembly-types:Unity.XR.Management.Editor: 220852eb385ea4cc2eb66eb943d70995 -> 
  custom:scripting/monoscript/fileName/PalmPoseInteraction.cs: 6bd25b6029acb9127f25748cb0b6d2a8 -> 
  custom:scripting/precompiled-assembly-types:Unity.XR.OpenXR.Editor: b2a8f17f09055950b7f19e2845cbc5c2 -> 
  custom:scripting/monoscript/fileName/MetaQuestTouchPlusControllerProfile.cs: 4b9439e11567c27c85546e11bafeabe7 -> 
  custom:scripting/monoscript/fileName/XRPluginManagementProjectValidation.cs: 12841b9f0a8da6fb46dd05260375325e -> 
  custom:scripting/monoscript/fileName/OpenXRRuntime.cs: c3a00f9ce6a0283dcb391b83637adf44 -> 
  custom:video-decoder-ogg-theora: a1e56fd34408186e4bbccfd4996cb3dc -> 
  custom:scripting/monoscript/fileName/XRGeneralSettingsPerBuildTarget.cs: 6970e5bff368910038049eb1434facbf -> 
  custom:scripting/monoscript/fileName/MetaQuestTouchProControllerProfile.cs: 9fffae235d4c14901711127c7daeb86c -> 
  custom:scripting/monoscript/fileName/OpenXRConstants.cs: f878d042bd3999b796b9387b0c8a1032 -> 
  custom:scripting/monoscript/fileName/OpenXRFeatureUICommon.cs: 45f7a59cd9c5cd84e28e0f7a429879c2 -> 
  custom:scripting/precompiled-assembly-types:Unity.XR.OpenXR.Features.OculusQuestSupport.Editor: c62b8d05b94c435029ef9fc43d7261ca -> 
  custom:scripting/monoscript/fileName/XRLoaderInfo.cs: 86fa513bfc04d58509db292069910bf2 -> 
  custom:framework-win-MediaFoundation: 216162199b28c13a410421893ffa2e32 -> 
  custom:scripting/monoscript/fileName/OpenXRLoaderUI.cs: ebd8d704d5e26f054d43886c272cd005 -> 
  custom:scripting/monoscript/fileName/WaitForRestartFinish.cs: 0e76bf389cf347a5d8d6432ec661895f -> 
  custom:scripting/monoscript/fileName/OpenXRFeatureSettings.cs: 90647cc400823b41df847a6cbfc29026 -> 
  custom:scripting/monoscript/fileName/OpenXRBuildProcessor.cs: 48dc0e114f75799c0d74bafe70808189 -> 
  custom:scripting/monoscript/fileName/KHRSimpleControllerProfile.cs: bcdcb81587b2075f7af2f75706b9e69a -> 
  custom:scripting/monoscript/fileName/OpenXRFeatureInternal.cs: 90647cc400823b41df847a6cbfc29026 -> 
  custom:scripting/monoscript/fileName/OpenXRSpaceSettings.cs: 90647cc400823b41df847a6cbfc29026 -> 
  custom:scripting/monoscript/fileName/DPadInteractionCustomEditor.cs: d93785eeae2b4d41d39f603bd6f9849d -> 
  custom:scripting/precompiled-assembly-types:Unity.XR.OpenXR.Features.RuntimeDebugger.Editor: e1cc4b3ad1ade1a1503c3d79a1cfcaf0 -> 
  custom:scripting/monoscript/fileName/XRSettingsManager.cs: 701988ef3c16e84d3bc781477493ab34 -> 
  custom:scripting/monoscript/fileName/ConformanceAutomationFeature.cs: 97112e825fad9ed87f6a9c7acc231c0b -> 
  custom:scripting/monoscript/fileName/IXRLoaderPreInit.cs: 4dbca4fbe4a89e2a18943694f414e3a9 -> 
  custom:scripting/monoscript/fileName/XRGeneralBuildProcessor.cs: d52e14652f14fd6e56a66a859653fea9 -> 
  custom:scripting/monoscript/fileName/XRGeneralSettings.cs: 01e68fef49e5cbf622bb7b4ffc622d89 -> 
  custom:scripting/monoscript/fileName/XRManagerEditor.cs: 6847a9ea85cd2d801d895b625e9590ff -> 
  custom:scripting/monoscript/fileName/FeatureHelpers.cs: 0e8d07707daeed1da30b1605e903226b -> 
  custom:scripting/monoscript/fileName/DebuggerState.cs: 41070b7a08cc178a9ea51324cdaf5b81 -> 
  custom:scripting/monoscript/fileName/XRBuildProcessorHelper.cs: 90647cc400823b41df847a6cbfc29026 -> 
  custom:scripting/monoscript/fileName/TypeLoaderExtensions.cs: ee5d3b5e5d81c98c5d3594e8b9153df0 -> 
  custom:scripting/precompiled-assembly-types:Unity.XR.OpenXR.Features.OculusQuestSupport: d15f77eecb71f285045ab68c6a5ab3aa -> 
  custom:CustomObjectIndexerAttribute: 9a22284fe3817be447336de3de66b15e -> 
  custom:scripting/monoscript/fileName/OpenXRHmd.cs: 1624687aa096b40d58d149d9c6304cca -> 
  custom:scripting/precompiled-assembly-types:Unity.XR.OpenXR.Features.MetaQuestSupport.Editor: d29ebede884d38e464c8dad49331ddbf -> 
  custom:scripting/monoscript/fileName/XRConfigurationProvider.cs: fa91ddd62be7b4c45bfd03890af30249 -> 
  custom:scripting/monoscript/fileName/ManifestElement.cs: c30b57498d373b7476c4d7dfdaee189c -> 
  custom:scripting/monoscript/fileName/OpenXRMangementSettings.cs: 5a013b6c45b1e1d06085cb1496493b86 -> 
  custom:scripting/monoscript/fileName/XREditorWorkQueue.cs: 8e928039a032f154dc8a86537aaac69a -> 
  custom:scripting/monoscript/fileName/OculusTouchControllerProfile.cs: 03df51b5c781d1980f509408bae72bc8 -> 
  custom:scripting/precompiled-assembly-types:Unity.XR.Management: f5b1b59a8f17cb331d61fd7665721dab -> 
  custom:scripting/monoscript/fileName/ManifestRequirement.cs: d0237042ed94ccc3267a409cde8490a6 -> 
  custom:scripting/monoscript/fileName/OpenXRNativeTypes.cs: 11be60823314f621c1b0bb94bf4fe744 -> 
  custom:container-demuxer-webm: 4f35f7cbe854078d1ac9338744f61a02 -> 
  custom:scripting/monoscript/fileName/KnownFeatureSets.cs: 2cf391597f07a52473981e9cc2b41b67 -> 
  custom:scripting/precompiled-assembly-types:Unity.XR.OpenXR.Features.MockRuntime: e75d918d8106c27865ca5517b4bdd194 -> 
  custom:scripting/monoscript/fileName/PackageNotificationUtils.cs: e493f521fc1755dec19875ae28a4f621 -> 
  custom:scripting/monoscript/fileName/OpenXRProjectValidationRulesSetup.cs: 63c520149123eced22b6028c5ebd9d08 -> 
  custom:scripting/monoscript/fileName/XRPackageMetadataStore.cs: e06e5e9ffca9529e9db63900dd9caf32 -> 
  custom:scripting/monoscript/fileName/XRLoaderInfoManager.cs: 28efaa63edac30b89ccc35ca2bf149fa -> 
  custom:scripting/monoscript/fileName/XRConfigurationData.cs: 2cf07b13d54bfee2898ed6dc38612fbb -> 
  custom:scripting/monoscript/fileName/MicrosoftHandInteraction.cs: dac920740153b0163dda0f7e56920e40 -> 
  custom:scripting/monoscript/fileName/RuntimeDebuggerWindow.cs: 0bc1d5ee7ce2553d42d62861471f3c44 -> 
  custom:scripting/monoscript/fileName/PackageSettingsEditor.cs: 6212fddebb8f67c4da0f50592230839b -> 
  custom:scripting/monoscript/fileName/OpenXRFeature.cs: a84888103ea4406f238a41c42d12d002 -> 
  custom:scripting/monoscript/fileName/XRManagerSettings.cs: 39a1227fa3c478af29a735ec246b6baf -> 
  custom:scripting/monoscript/fileName/XRCustomLoaderUIManager.cs: 4be5a8f671a1d808dd1496961b79b86b -> 
  custom:container-muxer-webm: aa71ff27fc2769a1b78a27578f13a17b -> 
  custom:scripting/precompiled-assembly-types:Unity.XR.OpenXR: 6b540efea7d7bcf04b31853b4d2f54c0 -> 
  custom:scripting/monoscript/fileName/OpenXRLoader.cs: 2a03893d4aa4b960c2f49090b4b03a7b -> 
  custom:scripting/monoscript/fileName/ValveIndexControllerProfile.cs: f923b1771c835a70375d3505e818878d -> 
  custom:scripting/monoscript/fileName/OculusQuestFeatureEditor.cs: af70b82209b4cf6ce20a2da2892dfc5f -> 
  custom:video-decoder-webm-vp8: 9c59270c3fd7afecdb556c50c9e8de78 -> 
  custom:scripting/monoscript/fileName/OpenXRChooseRuntimeLibraries.cs: 3923c2f1337a35d737ad0192eb46b432 -> 
  custom:scripting/monoscript/fileName/OculusQuestFeature.cs: 041c3418dd65b8e99ca410c708996814 -> 
  custom:scripting/monoscript/fileName/OpenXRFeatureSetManager.cs: 4f340a53d115a7e1888d00ddc4cd614b -> 
  custom:scripting/monoscript/fileName/OpenXRColorSubmissonModeList.cs: 62c3c48199b3c893ece86757b75b0604 -> 
  custom:scripting/monoscript/fileName/OpenXRUtility.cs: af9b8bca68ffa2bc69f78ec0da9cf1fd -> 
  custom:SearchIndexIgnoredProperties: e643bd26f0fe6173181afceb89e7c659 -> 
  custom:scripting/monoscript/fileName/XRGeneralSettingsUpgrade.cs: cc8d2e81204b3fd0e662cd38ef4a2d49 -> 
  custom:AudioImporter_EditorPlatform: d09bf68614088b80899f8185d706f6e7 -> 
  custom:scripting/monoscript/fileName/MockRuntime.cs: 8e970d93da4762c7d57e9c9dd2b36dbb -> 
  custom:scripting/monoscript/fileName/OpenXRDevice.cs: 1b3be9b024fb29351711164fb0577202 -> 
  custom:scripting/monoscript/fileName/OpenXRUnityAPI.cs: 95d0f03221767acb8a4a43279af12154 -> 
  custom:scripting/monoscript/fileName/HTCViveControllerProfile.cs: 575b921c71649e99576a05f0add9cf5d -> 
  custom:scripting/monoscript/fileName/XRDeviceSimulatorHandsUI.cs: bca3963bba47bbf101fe9d7e7dd07836 -> 
  custom:scripting/monoscript/fileName/XRCustomLoaderUI.cs: a1b6225426bb5004db8b9d7388fe5771 -> 
  custom:scripting/monoscript/fileName/BootConfigBuilder.cs: a174d8870c7a69fabc7d42a75b0f23aa -> 
  custom:scripting/precompiled-assembly-types:Unity.XR.OpenXR.Features.RuntimeDebugger: 81fc02b8029ab9c0bce4eaa33a13e7d8 -> 
  custom:scripting/monoscript/fileName/OpenXRRenderSettings.cs: 90647cc400823b41df847a6cbfc29026 -> 
  custom:scripting/monoscript/fileName/EyeGazeInteraction.cs: dc1f12620c8656649cfc16f13969f5fa -> 
  custom:scripting/monoscript/fileName/OpenXRAnalytics.cs: 67d5de80ae8e3ee46bb1b4907783d54c -> 
  custom:scripting/monoscript/fileName/XRLoaderHelper.cs: ae85c4c4a11fcc1ed3393963333e400c -> 
  custom:scripting/monoscript/fileName/MicrosoftMotionControllerProfile.cs: 6dcaa2067404bed7771687f2f9dfa057 -> 
  custom:scripting/monoscript/fileName/XRLoader.cs: d82cec0b87bab7dffe74fb3651887ce3 -> 
  custom:scripting/monoscript/fileName/OpenXRRestarter.cs: c236f3f43c026f409512d203b81e6184 -> 
  custom:scripting/monoscript/fileName/OpenXRFeatureAttribute.cs: 99305d666df750d87e7264e3c7ae4f2a -> 
  custom:scripting/monoscript/fileName/XRSupportedBuildTargetAttribute.cs: f87a91ba911f6030453bea8d921b45d2 -> 
  custom:scripting/monoscript/fileName/OpenXRLoaderNoPreInit.cs: 8f7a064e1e0bb6e17b9f5d171fe53dfc -> 
  custom:scripting/monoscript/fileName/AndroidManifestProcessor.cs: d8dd4961c18e43fcd707eb950405363a -> 
  custom:scripting/precompiled-assembly-types:Unity.XR.OpenXR.Features.ConformanceAutomation: daaea684d78afe5278ff971b66e0fbf9 -> 
  custom:scripting/monoscript/fileName/HandCommonPosesInteraction.cs: c984aa78f460c3bf39ec56bc9a0a414a -> 
  custom:scripting/monoscript/fileName/OpenXRDiagnosticReport.cs: f43e8307d90025ed39c346ed63d1208d -> 
  custom:scripting/monoscript/fileName/RuntimeDebuggerOpenXRFeatureEditor.cs: 26a9be57964b520d3a47d8c20db877e9 -> 
  custom:scripting/monoscript/fileName/PoseControl.cs: 4ff0d325328ef40fb1693e34ac3358bf -> 26044499bf9bfd77ab38d92d33de1d80
  custom:scripting/monoscript/fileName/OpenXRFeatureBuildHooks.cs: da31756dd3c74e69bcd7ed1a1983ed53 -> 
  custom:scripting/monoscript/fileName/BuildHelpers.cs: 52ee9552b5cbbfe4eb60d480e36ffff5 -> 
  custom:scripting/monoscript/fileName/HPReverbG2ControllerProfile.cs: 6aadb5e22feaccfa77ef6db6c4d4541c -> 
  custom:scripting/monoscript/fileName/XRLoaderOrderUI.cs: 7bb0491ac9109774b097f2da80cd0c03 -> 
  custom:scripting/monoscript/fileName/AndroidManifestBuildEventReceiver.cs: 641c0bff5eb90d0569a809ea302132ee -> 
  custom:video-encoder-webm-vp8: eb34c28f22e8b96e1ab97ce403110664 -> 
  custom:scripting/monoscript/fileName/BootConfig.cs: b2c4d54615a39b14509e601dd0f329ff -> 
  custom:audio-decoder-ogg-vorbis: bf7c407c2cedff20999df2af8eb42d56 -> 
  custom:scripting/precompiled-assembly-types:Unity.XR.OpenXR.Features.MetaQuestSupport: d273bae1c8d7007d6b0fe4b360a89ef1 -> 
  custom:scripting/monoscript/fileName/IAndroidManifestRequirementProvider.cs: 42bf6f4b06629c812bd73f8ff461fec4 -> 
  custom:scripting/monoscript/fileName/XrPerformanceSettingsFeature.cs: d323744d9bc61085862cbc785e1f985c -> 
  custom:scripting/monoscript/fileName/OpenXRPackageSettings.cs: 4f4aaba453bf105fb1c3c3d64247142d -> 
  custom:scripting/monoscript/fileName/ModifyAndroidManifestMeta.cs: 3b920058e4dd8cbdb95cce4af271f981 -> 
  custom:scripting/monoscript/fileName/EditorUtilities.cs: 219d482e32bf0c01357e773617418955 -> 
  custom:scripting/monoscript/fileName/OpenXRFeatureSetAttribute.cs: 9e20f05fe0a3688af8836175869f0bb7 -> 
  custom:scripting/monoscript/fileName/XRPackageInitialization.cs: 1f095dd277a284b59543541a608de1da -> 
  custom:scripting/monoscript/fileName/FoveatedRenderingFeature.cs: 3cd591174f2fee5d1b0d6a1875383a9b -> 
  custom:scripting/monoscript/fileName/KnownPackages.cs: 8647f39ea28525d7cb72646ed790f6ec -> 
  custom:scripting/monoscript/fileName/HapticControl.cs: d7a5389cafde2a1337c58e2f0d91a837 -> 
  custom:scripting/monoscript/fileName/MetaQuestFeature.cs: b9c317336250afc5bb5fa2c2df269ea6 -> 
  custom:scripting/precompiled-assembly-types:Unity.XR.Interaction.Toolkit.Samples.DeviceSimulator: b1a8126a568547b099f25fc1d4f742a8 -> 
  custom:scripting/monoscript/fileName/XrPerformanceSettingsTypes.cs: 5bc9c5b4646eff91646254ce341c6683 -> 
  custom:scripting/monoscript/fileName/OpenXRRuntimeSelector.cs: 929d3ce28c815a19c6c335174420bf6b -> 
  custom:scripting/monoscript/fileName/OpenXRFeatureEditor.cs: 01dd3fecc4e9c7ce9fb6af5d0948ba2a -> 
  custom:scripting/monoscript/fileName/XRConstants.cs: 1558884a4b0ea94b4910dd640a0e6741 -> 
  custom:scripting/monoscript/fileName/BuildHelperUtils.cs: 619773c3d1b7f3f0ca7461f5c27242a8 -> 
  custom:scripting/monoscript/fileName/gameManager_sc.cs: 06c6a4dd38765e854ad12ef8e96c6c7b -> 
  custom:scripting/monoscript/fileName/HandInteractionProfile.cs: 9c7649bd495ee99cc73ddacbe0a8cd95 -> 
  custom:scripting/monoscript/fileName/XRManagementAnalytics.cs: 546181baf4c03dbbd57015a6731508f8 -> 
  custom:scripting/monoscript/fileName/ModifyAndroidManifestOculus.cs: 1d09740e7edd66fffc5895aae9e385d3 -> 
  custom:scripting/monoscript/fileName/XRPackage.cs: f2edbbf87f9b798abaf2a9f285d155f5 -> 
  custom:audio-encoder-webm-vorbis: bf7c407c2cedff20999df2af8eb42d56 -> 
  custom:scripting/monoscript/fileName/RuntimeDebuggerOpenXRFeature.cs: 8b269b64ad1c99e85d7f28185c15f7bb -> 
  custom:scripting/monoscript/fileName/MetaQuestFeatureBuildHooks.cs: 2ac755c66ffd4e4b7c22530386a7ba47 -> 
  custom:scripting/monoscript/fileName/AndroidManifestDocument.cs: 4c38ca7417a5355dfe2fd0b706ad71e8 -> 
  custom:scripting/monoscript/fileName/XRPackageInitializationSettings.cs: 2f743437d3b09c9a4a5a33e9be971b1a -> 
  custom:scripting/precompiled-assembly-types:Assembly-CSharp: aca8842ad724222ebe1d56dcf3375e2c -> 4f47e1615c5f2acb1872d32e2b45cd01
  custom:scripting/monoscript/fileName/XRPackageMetadata.cs: 16731333f575d8bc31df496aced36ebf -> 
  custom:scripting/monoscript/fileName/OpenXRInput.cs: b351db87f98ee399e568b78e0ed353e3 -> 
  custom:scripting/monoscript/fileName/OpenXRInteractionFeature.cs: a60484418ad6b497996467bb6f98db73 -> 
  custom:scripting/monoscript/fileName/OpenXRSettings.cs: f8ff4c7422697fc56884f260233aaf86 -> 
  custom:scripting/monoscript/fileName/OpenXREditorSettings.cs: 321e3a8126bc4b0248cbcecf63892f31 -> 
  custom:scripting/monoscript/fileName/OpenXRProjectValidation.cs: 181508e149a91a64c6dfdc447b97c322 -> 
========================================================================
Received Import Request.
  Time since last request: 938.185236 seconds.
  path: Assets/Scripts/gameManager_sc.cs
  artifactKey: Guid(25352f6dce174284ab111f5e694e4186) Importer(815301076,1909f56bfc062723c751e8b465ee728b)
Start importing Assets/Scripts/gameManager_sc.cs using Guid(25352f6dce174284ab111f5e694e4186) Importer(815301076,1909f56bfc062723c751e8b465ee728b) [PhysX] Initialized MultithreadedTaskDispatcher with 12 workers.
 -> (artifact id: '8e47449c0e5692aa03a501d8d9a58ceb') in 0.005017 seconds
Number of updated asset objects reloaded before import = 0
Number of asset objects unloaded after import = 0
========================================================================
Received Prepare
Caller must complete domain reload
Begin MonoManager ReloadAssembly
- Loaded All Assemblies, in  1.519 seconds
Native extension for WindowsStandalone target not found
Mono: successfully reloaded assembly
[Package Manager] Server::EnsureServerProcessIsRunning -- launch failed, reason: Unity was launched with the -noUpm command-line argument
[Package Manager] UpmClient::Send -- Unable to send message (not connected to UPM process).
[Package Manager] Cannot connect to Unity Package Manager local server
- Finished resetting the current domain, in  2.953 seconds
Domain Reload Profiling: 4462ms
	BeginReloadAssembly (439ms)
		ExecutionOrderSort (0ms)
		DisableScriptedObjects (16ms)
		BackupInstance (0ms)
		ReleaseScriptingObjects (0ms)
		CreateAndSetChildDomain (82ms)
	RebuildCommonClasses (111ms)
	RebuildNativeTypeToScriptingClass (40ms)
	initialDomainReloadingComplete (95ms)
	LoadAllAssembliesAndSetupDomain (822ms)
		LoadAssemblies (985ms)
		RebuildTransferFunctionScriptingTraits (0ms)
		AnalyzeDomain (96ms)
			TypeCache.Refresh (21ms)
				TypeCache.ScanAssembly (2ms)
			ScanForSourceGeneratedMonoScriptInfo (52ms)
			ResolveRequiredComponents (19ms)
	FinalizeReload (2954ms)
		ReleaseScriptCaches (0ms)
		RebuildScriptCaches (0ms)
		SetupLoadedEditorAssemblies (1342ms)
			LogAssemblyErrors (0ms)
			InitializePlatformSupportModulesInManaged (13ms)
			SetLoadedEditorAssemblies (8ms)
			RefreshPlugins (0ms)
			BeforeProcessingInitializeOnLoad (187ms)
			ProcessInitializeOnLoadAttributes (992ms)
			ProcessInitializeOnLoadMethodAttributes (130ms)
			AfterProcessingInitializeOnLoad (12ms)
			EditorAssembliesLoaded (0ms)
		ExecutionOrderSort2 (0ms)
		AwakeInstancesAfterBackupRestoration (14ms)
Refreshing native plugins compatible for Editor in 34.76 ms, found 10 plugins.
Preloading 0 native plugins for Editor in 0.00 ms.
Unloading 4969 Unused Serialized files (Serialized files now loaded: 0)
Unloading 68 unused Assets / (57.2 KB). Loaded Objects now: 5549.
Memory consumption went from 172.1 MB to 172.1 MB.
Total: 10.065900 ms (FindLiveObjects: 1.398400 ms CreateObjectMapping: 0.771400 ms MarkObjects: 7.656700 ms  DeleteObjects: 0.236500 ms)

Prepare: number of updated asset objects reloaded= 0
AssetImportParameters requested are different than current active one (requested -> active):
  custom:scripting/monoscript/fileName/DPadInteraction.cs: 93f85c8ba74c4199c8fc9b6e8c6fb8a6 -> 
  custom:scripting/monoscript/fileName/OpenXRFeatureSettingsEditor.cs: 46f7bc9b6667349416d592c92274a2cd -> 
  custom:container-demuxer-ogg: 62fdf1f143b41e24485cea50d1cbac27 -> 
  custom:scripting/monoscript/fileName/UWPCoreWindowBuildHooks.cs: 528ee0545204f8083d130ec04efc78bc -> 
  custom:scripting/monoscript/fileName/OpenXRLoaderBase.cs: 0b6a60b837fc38165e3eaf7aaf2bf3e3 -> 
  custom:scripting/monoscript/fileName/MetaQuestFeatureEditor.cs: fff340053bb2e94334d0d5989f2eb349 -> 
  custom:scripting/monoscript/fileName/XRDeviceSimulatorControllerUI.cs: 1fdda016482e80c4f698bd161ca6a92f -> 
  custom:scripting/monoscript/fileName/XRDeviceSimulatorUI.cs: 0ec50ce90bac5e819d9ddb292ac27c71 -> 
  custom:scripting/precompiled-assembly-types:Unity.XR.Management.Editor: 220852eb385ea4cc2eb66eb943d70995 -> 
  custom:scripting/monoscript/fileName/PalmPoseInteraction.cs: 6bd25b6029acb9127f25748cb0b6d2a8 -> 
  custom:scripting/precompiled-assembly-types:Unity.XR.OpenXR.Editor: b2a8f17f09055950b7f19e2845cbc5c2 -> 
  custom:scripting/monoscript/fileName/MetaQuestTouchPlusControllerProfile.cs: 4b9439e11567c27c85546e11bafeabe7 -> 
  custom:scripting/monoscript/fileName/XRPluginManagementProjectValidation.cs: 12841b9f0a8da6fb46dd05260375325e -> 
  custom:scripting/monoscript/fileName/OpenXRRuntime.cs: c3a00f9ce6a0283dcb391b83637adf44 -> 
  custom:video-decoder-ogg-theora: a1e56fd34408186e4bbccfd4996cb3dc -> 
  custom:scripting/monoscript/fileName/XRGeneralSettingsPerBuildTarget.cs: 6970e5bff368910038049eb1434facbf -> 
  custom:scripting/monoscript/fileName/MetaQuestTouchProControllerProfile.cs: 9fffae235d4c14901711127c7daeb86c -> 
  custom:scripting/monoscript/fileName/OpenXRConstants.cs: f878d042bd3999b796b9387b0c8a1032 -> 
  custom:scripting/monoscript/fileName/OpenXRFeatureUICommon.cs: 45f7a59cd9c5cd84e28e0f7a429879c2 -> 
  custom:scripting/precompiled-assembly-types:Unity.XR.OpenXR.Features.OculusQuestSupport.Editor: c62b8d05b94c435029ef9fc43d7261ca -> 
  custom:scripting/monoscript/fileName/XRLoaderInfo.cs: 86fa513bfc04d58509db292069910bf2 -> 
  custom:framework-win-MediaFoundation: 216162199b28c13a410421893ffa2e32 -> 
  custom:scripting/monoscript/fileName/OpenXRLoaderUI.cs: ebd8d704d5e26f054d43886c272cd005 -> 
  custom:scripting/monoscript/fileName/WaitForRestartFinish.cs: 0e76bf389cf347a5d8d6432ec661895f -> 
  custom:scripting/monoscript/fileName/OpenXRFeatureSettings.cs: 90647cc400823b41df847a6cbfc29026 -> 
  custom:scripting/monoscript/fileName/OpenXRBuildProcessor.cs: 48dc0e114f75799c0d74bafe70808189 -> 
  custom:scripting/monoscript/fileName/KHRSimpleControllerProfile.cs: bcdcb81587b2075f7af2f75706b9e69a -> 
  custom:scripting/monoscript/fileName/OpenXRFeatureInternal.cs: 90647cc400823b41df847a6cbfc29026 -> 
  custom:scripting/monoscript/fileName/OpenXRSpaceSettings.cs: 90647cc400823b41df847a6cbfc29026 -> 
  custom:scripting/monoscript/fileName/DPadInteractionCustomEditor.cs: d93785eeae2b4d41d39f603bd6f9849d -> 
  custom:scripting/precompiled-assembly-types:Unity.XR.OpenXR.Features.RuntimeDebugger.Editor: e1cc4b3ad1ade1a1503c3d79a1cfcaf0 -> 
  custom:scripting/monoscript/fileName/XRSettingsManager.cs: 701988ef3c16e84d3bc781477493ab34 -> 
  custom:scripting/monoscript/fileName/ConformanceAutomationFeature.cs: 97112e825fad9ed87f6a9c7acc231c0b -> 
  custom:scripting/monoscript/fileName/IXRLoaderPreInit.cs: 4dbca4fbe4a89e2a18943694f414e3a9 -> 
  custom:scripting/monoscript/fileName/XRGeneralBuildProcessor.cs: d52e14652f14fd6e56a66a859653fea9 -> 
  custom:scripting/monoscript/fileName/XRGeneralSettings.cs: 01e68fef49e5cbf622bb7b4ffc622d89 -> 
  custom:scripting/monoscript/fileName/XRManagerEditor.cs: 6847a9ea85cd2d801d895b625e9590ff -> 
  custom:scripting/monoscript/fileName/FeatureHelpers.cs: 0e8d07707daeed1da30b1605e903226b -> 
  custom:scripting/monoscript/fileName/DebuggerState.cs: 41070b7a08cc178a9ea51324cdaf5b81 -> 
  custom:scripting/monoscript/fileName/XRBuildProcessorHelper.cs: 90647cc400823b41df847a6cbfc29026 -> 
  custom:scripting/monoscript/fileName/TypeLoaderExtensions.cs: ee5d3b5e5d81c98c5d3594e8b9153df0 -> 
  custom:scripting/precompiled-assembly-types:Unity.XR.OpenXR.Features.OculusQuestSupport: d15f77eecb71f285045ab68c6a5ab3aa -> 
  custom:CustomObjectIndexerAttribute: 9a22284fe3817be447336de3de66b15e -> 
  custom:scripting/monoscript/fileName/OpenXRHmd.cs: 1624687aa096b40d58d149d9c6304cca -> 
  custom:scripting/precompiled-assembly-types:Unity.XR.OpenXR.Features.MetaQuestSupport.Editor: d29ebede884d38e464c8dad49331ddbf -> 
  custom:scripting/monoscript/fileName/XRConfigurationProvider.cs: fa91ddd62be7b4c45bfd03890af30249 -> 
  custom:scripting/monoscript/fileName/ManifestElement.cs: c30b57498d373b7476c4d7dfdaee189c -> 
  custom:scripting/monoscript/fileName/OpenXRMangementSettings.cs: 5a013b6c45b1e1d06085cb1496493b86 -> 
  custom:scripting/monoscript/fileName/XREditorWorkQueue.cs: 8e928039a032f154dc8a86537aaac69a -> 
  custom:scripting/monoscript/fileName/OculusTouchControllerProfile.cs: 03df51b5c781d1980f509408bae72bc8 -> 
  custom:scripting/precompiled-assembly-types:Unity.XR.Management: f5b1b59a8f17cb331d61fd7665721dab -> 
  custom:scripting/monoscript/fileName/ManifestRequirement.cs: d0237042ed94ccc3267a409cde8490a6 -> 
  custom:scripting/monoscript/fileName/OpenXRNativeTypes.cs: 11be60823314f621c1b0bb94bf4fe744 -> 
  custom:container-demuxer-webm: 4f35f7cbe854078d1ac9338744f61a02 -> 
  custom:scripting/monoscript/fileName/KnownFeatureSets.cs: 2cf391597f07a52473981e9cc2b41b67 -> 
  custom:scripting/precompiled-assembly-types:Unity.XR.OpenXR.Features.MockRuntime: e75d918d8106c27865ca5517b4bdd194 -> 
  custom:scripting/monoscript/fileName/PackageNotificationUtils.cs: e493f521fc1755dec19875ae28a4f621 -> 
  custom:scripting/monoscript/fileName/OpenXRProjectValidationRulesSetup.cs: 63c520149123eced22b6028c5ebd9d08 -> 
  custom:scripting/monoscript/fileName/XRPackageMetadataStore.cs: e06e5e9ffca9529e9db63900dd9caf32 -> 
  custom:scripting/monoscript/fileName/XRLoaderInfoManager.cs: 28efaa63edac30b89ccc35ca2bf149fa -> 
  custom:scripting/monoscript/fileName/XRConfigurationData.cs: 2cf07b13d54bfee2898ed6dc38612fbb -> 
  custom:scripting/monoscript/fileName/MicrosoftHandInteraction.cs: dac920740153b0163dda0f7e56920e40 -> 
  custom:scripting/monoscript/fileName/RuntimeDebuggerWindow.cs: 0bc1d5ee7ce2553d42d62861471f3c44 -> 
  custom:scripting/monoscript/fileName/PackageSettingsEditor.cs: 6212fddebb8f67c4da0f50592230839b -> 
  custom:scripting/monoscript/fileName/OpenXRFeature.cs: a84888103ea4406f238a41c42d12d002 -> 
  custom:scripting/monoscript/fileName/XRManagerSettings.cs: 39a1227fa3c478af29a735ec246b6baf -> 
  custom:scripting/monoscript/fileName/XRCustomLoaderUIManager.cs: 4be5a8f671a1d808dd1496961b79b86b -> 
  custom:container-muxer-webm: aa71ff27fc2769a1b78a27578f13a17b -> 
  custom:scripting/precompiled-assembly-types:Unity.XR.OpenXR: 6b540efea7d7bcf04b31853b4d2f54c0 -> 
  custom:scripting/monoscript/fileName/OpenXRLoader.cs: 2a03893d4aa4b960c2f49090b4b03a7b -> 
  custom:scripting/monoscript/fileName/ValveIndexControllerProfile.cs: f923b1771c835a70375d3505e818878d -> 
  custom:scripting/monoscript/fileName/OculusQuestFeatureEditor.cs: af70b82209b4cf6ce20a2da2892dfc5f -> 
  custom:video-decoder-webm-vp8: 9c59270c3fd7afecdb556c50c9e8de78 -> 
  custom:scripting/monoscript/fileName/OpenXRChooseRuntimeLibraries.cs: 3923c2f1337a35d737ad0192eb46b432 -> 
  custom:scripting/monoscript/fileName/OculusQuestFeature.cs: 041c3418dd65b8e99ca410c708996814 -> 
  custom:scripting/monoscript/fileName/OpenXRFeatureSetManager.cs: 4f340a53d115a7e1888d00ddc4cd614b -> 
  custom:scripting/monoscript/fileName/OpenXRColorSubmissonModeList.cs: 62c3c48199b3c893ece86757b75b0604 -> 
  custom:scripting/monoscript/fileName/OpenXRUtility.cs: af9b8bca68ffa2bc69f78ec0da9cf1fd -> 
  custom:SearchIndexIgnoredProperties: e643bd26f0fe6173181afceb89e7c659 -> 
  custom:scripting/monoscript/fileName/XRGeneralSettingsUpgrade.cs: cc8d2e81204b3fd0e662cd38ef4a2d49 -> 
  custom:AudioImporter_EditorPlatform: d09bf68614088b80899f8185d706f6e7 -> 
  custom:scripting/monoscript/fileName/MockRuntime.cs: 8e970d93da4762c7d57e9c9dd2b36dbb -> 
  custom:scripting/monoscript/fileName/OpenXRDevice.cs: 1b3be9b024fb29351711164fb0577202 -> 
  custom:scripting/monoscript/fileName/OpenXRUnityAPI.cs: 95d0f03221767acb8a4a43279af12154 -> 
  custom:scripting/monoscript/fileName/HTCViveControllerProfile.cs: 575b921c71649e99576a05f0add9cf5d -> 
  custom:scripting/monoscript/fileName/XRDeviceSimulatorHandsUI.cs: bca3963bba47bbf101fe9d7e7dd07836 -> 
  custom:scripting/monoscript/fileName/XRCustomLoaderUI.cs: a1b6225426bb5004db8b9d7388fe5771 -> 
  custom:scripting/monoscript/fileName/BootConfigBuilder.cs: a174d8870c7a69fabc7d42a75b0f23aa -> 
  custom:scripting/precompiled-assembly-types:Unity.XR.OpenXR.Features.RuntimeDebugger: 81fc02b8029ab9c0bce4eaa33a13e7d8 -> 
  custom:scripting/monoscript/fileName/OpenXRRenderSettings.cs: 90647cc400823b41df847a6cbfc29026 -> 
  custom:scripting/monoscript/fileName/EyeGazeInteraction.cs: dc1f12620c8656649cfc16f13969f5fa -> 
  custom:scripting/monoscript/fileName/OpenXRAnalytics.cs: 67d5de80ae8e3ee46bb1b4907783d54c -> 
  custom:scripting/monoscript/fileName/XRLoaderHelper.cs: ae85c4c4a11fcc1ed3393963333e400c -> 
  custom:scripting/monoscript/fileName/MicrosoftMotionControllerProfile.cs: 6dcaa2067404bed7771687f2f9dfa057 -> 
  custom:scripting/monoscript/fileName/XRLoader.cs: d82cec0b87bab7dffe74fb3651887ce3 -> 
  custom:scripting/monoscript/fileName/OpenXRRestarter.cs: c236f3f43c026f409512d203b81e6184 -> 
  custom:scripting/monoscript/fileName/OpenXRFeatureAttribute.cs: 99305d666df750d87e7264e3c7ae4f2a -> 
  custom:scripting/monoscript/fileName/XRSupportedBuildTargetAttribute.cs: f87a91ba911f6030453bea8d921b45d2 -> 
  custom:scripting/monoscript/fileName/OpenXRLoaderNoPreInit.cs: 8f7a064e1e0bb6e17b9f5d171fe53dfc -> 
  custom:scripting/monoscript/fileName/AndroidManifestProcessor.cs: d8dd4961c18e43fcd707eb950405363a -> 
  custom:scripting/precompiled-assembly-types:Unity.XR.OpenXR.Features.ConformanceAutomation: daaea684d78afe5278ff971b66e0fbf9 -> 
  custom:scripting/monoscript/fileName/HandCommonPosesInteraction.cs: c984aa78f460c3bf39ec56bc9a0a414a -> 
  custom:scripting/monoscript/fileName/OpenXRDiagnosticReport.cs: f43e8307d90025ed39c346ed63d1208d -> 
  custom:scripting/monoscript/fileName/RuntimeDebuggerOpenXRFeatureEditor.cs: 26a9be57964b520d3a47d8c20db877e9 -> 
  custom:scripting/monoscript/fileName/PoseControl.cs: 4ff0d325328ef40fb1693e34ac3358bf -> 26044499bf9bfd77ab38d92d33de1d80
  custom:scripting/monoscript/fileName/OpenXRFeatureBuildHooks.cs: da31756dd3c74e69bcd7ed1a1983ed53 -> 
  custom:scripting/monoscript/fileName/BuildHelpers.cs: 52ee9552b5cbbfe4eb60d480e36ffff5 -> 
  custom:scripting/monoscript/fileName/HPReverbG2ControllerProfile.cs: 6aadb5e22feaccfa77ef6db6c4d4541c -> 
  custom:scripting/monoscript/fileName/XRLoaderOrderUI.cs: 7bb0491ac9109774b097f2da80cd0c03 -> 
  custom:scripting/monoscript/fileName/AndroidManifestBuildEventReceiver.cs: 641c0bff5eb90d0569a809ea302132ee -> 
  custom:video-encoder-webm-vp8: eb34c28f22e8b96e1ab97ce403110664 -> 
  custom:scripting/monoscript/fileName/BootConfig.cs: b2c4d54615a39b14509e601dd0f329ff -> 
  custom:audio-decoder-ogg-vorbis: bf7c407c2cedff20999df2af8eb42d56 -> 
  custom:scripting/precompiled-assembly-types:Unity.XR.OpenXR.Features.MetaQuestSupport: d273bae1c8d7007d6b0fe4b360a89ef1 -> 
  custom:scripting/monoscript/fileName/IAndroidManifestRequirementProvider.cs: 42bf6f4b06629c812bd73f8ff461fec4 -> 
  custom:scripting/monoscript/fileName/XrPerformanceSettingsFeature.cs: d323744d9bc61085862cbc785e1f985c -> 
  custom:scripting/monoscript/fileName/OpenXRPackageSettings.cs: 4f4aaba453bf105fb1c3c3d64247142d -> 
  custom:scripting/monoscript/fileName/ModifyAndroidManifestMeta.cs: 3b920058e4dd8cbdb95cce4af271f981 -> 
  custom:scripting/monoscript/fileName/EditorUtilities.cs: 219d482e32bf0c01357e773617418955 -> 
  custom:scripting/monoscript/fileName/OpenXRFeatureSetAttribute.cs: 9e20f05fe0a3688af8836175869f0bb7 -> 
  custom:scripting/monoscript/fileName/XRPackageInitialization.cs: 1f095dd277a284b59543541a608de1da -> 
  custom:scripting/monoscript/fileName/FoveatedRenderingFeature.cs: 3cd591174f2fee5d1b0d6a1875383a9b -> 
  custom:scripting/monoscript/fileName/KnownPackages.cs: 8647f39ea28525d7cb72646ed790f6ec -> 
  custom:scripting/monoscript/fileName/HapticControl.cs: d7a5389cafde2a1337c58e2f0d91a837 -> 
  custom:scripting/monoscript/fileName/MetaQuestFeature.cs: b9c317336250afc5bb5fa2c2df269ea6 -> 
  custom:scripting/precompiled-assembly-types:Unity.XR.Interaction.Toolkit.Samples.DeviceSimulator: b1a8126a568547b099f25fc1d4f742a8 -> 
  custom:scripting/monoscript/fileName/XrPerformanceSettingsTypes.cs: 5bc9c5b4646eff91646254ce341c6683 -> 
  custom:scripting/monoscript/fileName/OpenXRRuntimeSelector.cs: 929d3ce28c815a19c6c335174420bf6b -> 
  custom:scripting/monoscript/fileName/OpenXRFeatureEditor.cs: 01dd3fecc4e9c7ce9fb6af5d0948ba2a -> 
  custom:scripting/monoscript/fileName/XRConstants.cs: 1558884a4b0ea94b4910dd640a0e6741 -> 
  custom:scripting/monoscript/fileName/BuildHelperUtils.cs: 619773c3d1b7f3f0ca7461f5c27242a8 -> 
  custom:scripting/monoscript/fileName/gameManager_sc.cs: 06c6a4dd38765e854ad12ef8e96c6c7b -> 
  custom:scripting/monoscript/fileName/HandInteractionProfile.cs: 9c7649bd495ee99cc73ddacbe0a8cd95 -> 
  custom:scripting/monoscript/fileName/XRManagementAnalytics.cs: 546181baf4c03dbbd57015a6731508f8 -> 
  custom:scripting/monoscript/fileName/ModifyAndroidManifestOculus.cs: 1d09740e7edd66fffc5895aae9e385d3 -> 
  custom:scripting/monoscript/fileName/XRPackage.cs: f2edbbf87f9b798abaf2a9f285d155f5 -> 
  custom:audio-encoder-webm-vorbis: bf7c407c2cedff20999df2af8eb42d56 -> 
  custom:scripting/monoscript/fileName/RuntimeDebuggerOpenXRFeature.cs: 8b269b64ad1c99e85d7f28185c15f7bb -> 
  custom:scripting/monoscript/fileName/MetaQuestFeatureBuildHooks.cs: 2ac755c66ffd4e4b7c22530386a7ba47 -> 
  custom:scripting/monoscript/fileName/AndroidManifestDocument.cs: 4c38ca7417a5355dfe2fd0b706ad71e8 -> 
  custom:scripting/monoscript/fileName/XRPackageInitializationSettings.cs: 2f743437d3b09c9a4a5a33e9be971b1a -> 
  custom:scripting/precompiled-assembly-types:Assembly-CSharp: aca8842ad724222ebe1d56dcf3375e2c -> 4f47e1615c5f2acb1872d32e2b45cd01
  custom:scripting/monoscript/fileName/XRPackageMetadata.cs: 16731333f575d8bc31df496aced36ebf -> 
  custom:scripting/monoscript/fileName/OpenXRInput.cs: b351db87f98ee399e568b78e0ed353e3 -> 
  custom:scripting/monoscript/fileName/OpenXRInteractionFeature.cs: a60484418ad6b497996467bb6f98db73 -> 
  custom:scripting/monoscript/fileName/OpenXRSettings.cs: f8ff4c7422697fc56884f260233aaf86 -> 
  custom:scripting/monoscript/fileName/OpenXREditorSettings.cs: 321e3a8126bc4b0248cbcecf63892f31 -> 
  custom:scripting/monoscript/fileName/OpenXRProjectValidation.cs: 181508e149a91a64c6dfdc447b97c322 -> 
========================================================================
Received Import Request.
  Time since last request: 424.094410 seconds.
  path: Assets/Scripts/gameManager_sc.cs
  artifactKey: Guid(25352f6dce174284ab111f5e694e4186) Importer(815301076,1909f56bfc062723c751e8b465ee728b)
Start importing Assets/Scripts/gameManager_sc.cs using Guid(25352f6dce174284ab111f5e694e4186) Importer(815301076,1909f56bfc062723c751e8b465ee728b) [PhysX] Initialized MultithreadedTaskDispatcher with 12 workers.
 -> (artifact id: 'f8cc08f330fb94ad94cbc495fdb4cce8') in 0.005186 seconds
Number of updated asset objects reloaded before import = 0
Number of asset objects unloaded after import = 0
========================================================================
Received Prepare
Caller must complete domain reload
Begin MonoManager ReloadAssembly
- Loaded All Assemblies, in  1.124 seconds
Native extension for WindowsStandalone target not found
Mono: successfully reloaded assembly
[Package Manager] Server::EnsureServerProcessIsRunning -- launch failed, reason: Unity was launched with the -noUpm command-line argument
[Package Manager] UpmClient::Send -- Unable to send message (not connected to UPM process).
[Package Manager] Cannot connect to Unity Package Manager local server
- Finished resetting the current domain, in  3.087 seconds
Domain Reload Profiling: 4204ms
	BeginReloadAssembly (354ms)
		ExecutionOrderSort (0ms)
		DisableScriptedObjects (10ms)
		BackupInstance (0ms)
		ReleaseScriptingObjects (0ms)
		CreateAndSetChildDomain (67ms)
	RebuildCommonClasses (86ms)
	RebuildNativeTypeToScriptingClass (28ms)
	initialDomainReloadingComplete (61ms)
	LoadAllAssembliesAndSetupDomain (586ms)
		LoadAssemblies (699ms)
		RebuildTransferFunctionScriptingTraits (0ms)
		AnalyzeDomain (97ms)
			TypeCache.Refresh (25ms)
				TypeCache.ScanAssembly (2ms)
			ScanForSourceGeneratedMonoScriptInfo (49ms)
			ResolveRequiredComponents (20ms)
	FinalizeReload (3088ms)
		ReleaseScriptCaches (0ms)
		RebuildScriptCaches (0ms)
		SetupLoadedEditorAssemblies (1259ms)
			LogAssemblyErrors (0ms)
			InitializePlatformSupportModulesInManaged (18ms)
			SetLoadedEditorAssemblies (9ms)
			RefreshPlugins (0ms)
			BeforeProcessingInitializeOnLoad (221ms)
			ProcessInitializeOnLoadAttributes (869ms)
			ProcessInitializeOnLoadMethodAttributes (126ms)
			AfterProcessingInitializeOnLoad (16ms)
			EditorAssembliesLoaded (0ms)
		ExecutionOrderSort2 (0ms)
		AwakeInstancesAfterBackupRestoration (16ms)
Refreshing native plugins compatible for Editor in 40.22 ms, found 10 plugins.
Preloading 0 native plugins for Editor in 0.00 ms.
Unloading 4969 Unused Serialized files (Serialized files now loaded: 0)
Unloading 68 unused Assets / (57.2 KB). Loaded Objects now: 5553.
Memory consumption went from 172.2 MB to 172.1 MB.
Total: 7.274900 ms (FindLiveObjects: 0.697300 ms CreateObjectMapping: 0.486600 ms MarkObjects: 5.922700 ms  DeleteObjects: 0.166000 ms)

Prepare: number of updated asset objects reloaded= 0
AssetImportParameters requested are different than current active one (requested -> active):
  custom:scripting/monoscript/fileName/DPadInteraction.cs: 93f85c8ba74c4199c8fc9b6e8c6fb8a6 -> 
  custom:scripting/monoscript/fileName/OpenXRFeatureSettingsEditor.cs: 46f7bc9b6667349416d592c92274a2cd -> 
  custom:container-demuxer-ogg: 62fdf1f143b41e24485cea50d1cbac27 -> 
  custom:scripting/monoscript/fileName/UWPCoreWindowBuildHooks.cs: 528ee0545204f8083d130ec04efc78bc -> 
  custom:scripting/monoscript/fileName/OpenXRLoaderBase.cs: 0b6a60b837fc38165e3eaf7aaf2bf3e3 -> 
  custom:scripting/monoscript/fileName/MetaQuestFeatureEditor.cs: fff340053bb2e94334d0d5989f2eb349 -> 
  custom:scripting/monoscript/fileName/XRDeviceSimulatorControllerUI.cs: 1fdda016482e80c4f698bd161ca6a92f -> 
  custom:scripting/monoscript/fileName/XRDeviceSimulatorUI.cs: 0ec50ce90bac5e819d9ddb292ac27c71 -> 
  custom:scripting/precompiled-assembly-types:Unity.XR.Management.Editor: 220852eb385ea4cc2eb66eb943d70995 -> 
  custom:scripting/monoscript/fileName/PalmPoseInteraction.cs: 6bd25b6029acb9127f25748cb0b6d2a8 -> 
  custom:scripting/precompiled-assembly-types:Unity.XR.OpenXR.Editor: b2a8f17f09055950b7f19e2845cbc5c2 -> 
  custom:scripting/monoscript/fileName/MetaQuestTouchPlusControllerProfile.cs: 4b9439e11567c27c85546e11bafeabe7 -> 
  custom:scripting/monoscript/fileName/XRPluginManagementProjectValidation.cs: 12841b9f0a8da6fb46dd05260375325e -> 
  custom:scripting/monoscript/fileName/OpenXRRuntime.cs: c3a00f9ce6a0283dcb391b83637adf44 -> 
  custom:video-decoder-ogg-theora: a1e56fd34408186e4bbccfd4996cb3dc -> 
  custom:scripting/monoscript/fileName/XRGeneralSettingsPerBuildTarget.cs: 6970e5bff368910038049eb1434facbf -> 
  custom:scripting/monoscript/fileName/MetaQuestTouchProControllerProfile.cs: 9fffae235d4c14901711127c7daeb86c -> 
  custom:scripting/monoscript/fileName/OpenXRConstants.cs: f878d042bd3999b796b9387b0c8a1032 -> 
  custom:scripting/monoscript/fileName/OpenXRFeatureUICommon.cs: 45f7a59cd9c5cd84e28e0f7a429879c2 -> 
  custom:scripting/precompiled-assembly-types:Unity.XR.OpenXR.Features.OculusQuestSupport.Editor: c62b8d05b94c435029ef9fc43d7261ca -> 
  custom:scripting/monoscript/fileName/XRLoaderInfo.cs: 86fa513bfc04d58509db292069910bf2 -> 
  custom:framework-win-MediaFoundation: 216162199b28c13a410421893ffa2e32 -> 
  custom:scripting/monoscript/fileName/OpenXRLoaderUI.cs: ebd8d704d5e26f054d43886c272cd005 -> 
  custom:scripting/monoscript/fileName/WaitForRestartFinish.cs: 0e76bf389cf347a5d8d6432ec661895f -> 
  custom:scripting/monoscript/fileName/OpenXRFeatureSettings.cs: 90647cc400823b41df847a6cbfc29026 -> 
  custom:scripting/monoscript/fileName/OpenXRBuildProcessor.cs: 48dc0e114f75799c0d74bafe70808189 -> 
  custom:scripting/monoscript/fileName/KHRSimpleControllerProfile.cs: bcdcb81587b2075f7af2f75706b9e69a -> 
  custom:scripting/monoscript/fileName/OpenXRFeatureInternal.cs: 90647cc400823b41df847a6cbfc29026 -> 
  custom:scripting/monoscript/fileName/OpenXRSpaceSettings.cs: 90647cc400823b41df847a6cbfc29026 -> 
  custom:scripting/monoscript/fileName/DPadInteractionCustomEditor.cs: d93785eeae2b4d41d39f603bd6f9849d -> 
  custom:scripting/precompiled-assembly-types:Unity.XR.OpenXR.Features.RuntimeDebugger.Editor: e1cc4b3ad1ade1a1503c3d79a1cfcaf0 -> 
  custom:scripting/monoscript/fileName/XRSettingsManager.cs: 701988ef3c16e84d3bc781477493ab34 -> 
  custom:scripting/monoscript/fileName/ConformanceAutomationFeature.cs: 97112e825fad9ed87f6a9c7acc231c0b -> 
  custom:scripting/monoscript/fileName/IXRLoaderPreInit.cs: 4dbca4fbe4a89e2a18943694f414e3a9 -> 
  custom:scripting/monoscript/fileName/XRGeneralBuildProcessor.cs: d52e14652f14fd6e56a66a859653fea9 -> 
  custom:scripting/monoscript/fileName/XRGeneralSettings.cs: 01e68fef49e5cbf622bb7b4ffc622d89 -> 
  custom:scripting/monoscript/fileName/XRManagerEditor.cs: 6847a9ea85cd2d801d895b625e9590ff -> 
  custom:scripting/monoscript/fileName/FeatureHelpers.cs: 0e8d07707daeed1da30b1605e903226b -> 
  custom:scripting/monoscript/fileName/DebuggerState.cs: 41070b7a08cc178a9ea51324cdaf5b81 -> 
  custom:scripting/monoscript/fileName/XRBuildProcessorHelper.cs: 90647cc400823b41df847a6cbfc29026 -> 
  custom:scripting/monoscript/fileName/TypeLoaderExtensions.cs: ee5d3b5e5d81c98c5d3594e8b9153df0 -> 
  custom:scripting/precompiled-assembly-types:Unity.XR.OpenXR.Features.OculusQuestSupport: d15f77eecb71f285045ab68c6a5ab3aa -> 
  custom:CustomObjectIndexerAttribute: 9a22284fe3817be447336de3de66b15e -> 
  custom:scripting/monoscript/fileName/OpenXRHmd.cs: 1624687aa096b40d58d149d9c6304cca -> 
  custom:scripting/precompiled-assembly-types:Unity.XR.OpenXR.Features.MetaQuestSupport.Editor: d29ebede884d38e464c8dad49331ddbf -> 
  custom:scripting/monoscript/fileName/XRConfigurationProvider.cs: fa91ddd62be7b4c45bfd03890af30249 -> 
  custom:scripting/monoscript/fileName/ManifestElement.cs: c30b57498d373b7476c4d7dfdaee189c -> 
  custom:scripting/monoscript/fileName/OpenXRMangementSettings.cs: 5a013b6c45b1e1d06085cb1496493b86 -> 
  custom:scripting/monoscript/fileName/XREditorWorkQueue.cs: 8e928039a032f154dc8a86537aaac69a -> 
  custom:scripting/monoscript/fileName/OculusTouchControllerProfile.cs: 03df51b5c781d1980f509408bae72bc8 -> 
  custom:scripting/precompiled-assembly-types:Unity.XR.Management: f5b1b59a8f17cb331d61fd7665721dab -> 
  custom:scripting/monoscript/fileName/ManifestRequirement.cs: d0237042ed94ccc3267a409cde8490a6 -> 
  custom:scripting/monoscript/fileName/OpenXRNativeTypes.cs: 11be60823314f621c1b0bb94bf4fe744 -> 
  custom:container-demuxer-webm: 4f35f7cbe854078d1ac9338744f61a02 -> 
  custom:scripting/monoscript/fileName/KnownFeatureSets.cs: 2cf391597f07a52473981e9cc2b41b67 -> 
  custom:scripting/precompiled-assembly-types:Unity.XR.OpenXR.Features.MockRuntime: e75d918d8106c27865ca5517b4bdd194 -> 
  custom:scripting/monoscript/fileName/PackageNotificationUtils.cs: e493f521fc1755dec19875ae28a4f621 -> 
  custom:scripting/monoscript/fileName/OpenXRProjectValidationRulesSetup.cs: 63c520149123eced22b6028c5ebd9d08 -> 
  custom:scripting/monoscript/fileName/XRPackageMetadataStore.cs: e06e5e9ffca9529e9db63900dd9caf32 -> 
  custom:scripting/monoscript/fileName/XRLoaderInfoManager.cs: 28efaa63edac30b89ccc35ca2bf149fa -> 
  custom:scripting/monoscript/fileName/XRConfigurationData.cs: 2cf07b13d54bfee2898ed6dc38612fbb -> 
  custom:scripting/monoscript/fileName/MicrosoftHandInteraction.cs: dac920740153b0163dda0f7e56920e40 -> 
  custom:scripting/monoscript/fileName/RuntimeDebuggerWindow.cs: 0bc1d5ee7ce2553d42d62861471f3c44 -> 
  custom:scripting/monoscript/fileName/PackageSettingsEditor.cs: 6212fddebb8f67c4da0f50592230839b -> 
  custom:scripting/monoscript/fileName/OpenXRFeature.cs: a84888103ea4406f238a41c42d12d002 -> 
  custom:scripting/monoscript/fileName/XRManagerSettings.cs: 39a1227fa3c478af29a735ec246b6baf -> 
  custom:scripting/monoscript/fileName/XRCustomLoaderUIManager.cs: 4be5a8f671a1d808dd1496961b79b86b -> 
  custom:container-muxer-webm: aa71ff27fc2769a1b78a27578f13a17b -> 
  custom:scripting/precompiled-assembly-types:Unity.XR.OpenXR: 6b540efea7d7bcf04b31853b4d2f54c0 -> 
  custom:scripting/monoscript/fileName/OpenXRLoader.cs: 2a03893d4aa4b960c2f49090b4b03a7b -> 
  custom:scripting/monoscript/fileName/ValveIndexControllerProfile.cs: f923b1771c835a70375d3505e818878d -> 
  custom:scripting/monoscript/fileName/OculusQuestFeatureEditor.cs: af70b82209b4cf6ce20a2da2892dfc5f -> 
  custom:video-decoder-webm-vp8: 9c59270c3fd7afecdb556c50c9e8de78 -> 
  custom:scripting/monoscript/fileName/OpenXRChooseRuntimeLibraries.cs: 3923c2f1337a35d737ad0192eb46b432 -> 
  custom:scripting/monoscript/fileName/OculusQuestFeature.cs: 041c3418dd65b8e99ca410c708996814 -> 
  custom:scripting/monoscript/fileName/OpenXRFeatureSetManager.cs: 4f340a53d115a7e1888d00ddc4cd614b -> 
  custom:scripting/monoscript/fileName/OpenXRColorSubmissonModeList.cs: 62c3c48199b3c893ece86757b75b0604 -> 
  custom:scripting/monoscript/fileName/OpenXRUtility.cs: af9b8bca68ffa2bc69f78ec0da9cf1fd -> 
  custom:SearchIndexIgnoredProperties: e643bd26f0fe6173181afceb89e7c659 -> 
  custom:scripting/monoscript/fileName/XRGeneralSettingsUpgrade.cs: cc8d2e81204b3fd0e662cd38ef4a2d49 -> 
  custom:AudioImporter_EditorPlatform: d09bf68614088b80899f8185d706f6e7 -> 
  custom:scripting/monoscript/fileName/MockRuntime.cs: 8e970d93da4762c7d57e9c9dd2b36dbb -> 
  custom:scripting/monoscript/fileName/OpenXRDevice.cs: 1b3be9b024fb29351711164fb0577202 -> 
  custom:scripting/monoscript/fileName/OpenXRUnityAPI.cs: 95d0f03221767acb8a4a43279af12154 -> 
  custom:scripting/monoscript/fileName/HTCViveControllerProfile.cs: 575b921c71649e99576a05f0add9cf5d -> 
  custom:scripting/monoscript/fileName/XRDeviceSimulatorHandsUI.cs: bca3963bba47bbf101fe9d7e7dd07836 -> 
  custom:scripting/monoscript/fileName/XRCustomLoaderUI.cs: a1b6225426bb5004db8b9d7388fe5771 -> 
  custom:scripting/monoscript/fileName/BootConfigBuilder.cs: a174d8870c7a69fabc7d42a75b0f23aa -> 
  custom:scripting/precompiled-assembly-types:Unity.XR.OpenXR.Features.RuntimeDebugger: 81fc02b8029ab9c0bce4eaa33a13e7d8 -> 
  custom:scripting/monoscript/fileName/OpenXRRenderSettings.cs: 90647cc400823b41df847a6cbfc29026 -> 
  custom:scripting/monoscript/fileName/EyeGazeInteraction.cs: dc1f12620c8656649cfc16f13969f5fa -> 
  custom:scripting/monoscript/fileName/OpenXRAnalytics.cs: 67d5de80ae8e3ee46bb1b4907783d54c -> 
  custom:scripting/monoscript/fileName/XRLoaderHelper.cs: ae85c4c4a11fcc1ed3393963333e400c -> 
  custom:scripting/monoscript/fileName/MicrosoftMotionControllerProfile.cs: 6dcaa2067404bed7771687f2f9dfa057 -> 
  custom:scripting/monoscript/fileName/XRLoader.cs: d82cec0b87bab7dffe74fb3651887ce3 -> 
  custom:scripting/monoscript/fileName/OpenXRRestarter.cs: c236f3f43c026f409512d203b81e6184 -> 
  custom:scripting/monoscript/fileName/OpenXRFeatureAttribute.cs: 99305d666df750d87e7264e3c7ae4f2a -> 
  custom:scripting/monoscript/fileName/XRSupportedBuildTargetAttribute.cs: f87a91ba911f6030453bea8d921b45d2 -> 
  custom:scripting/monoscript/fileName/OpenXRLoaderNoPreInit.cs: 8f7a064e1e0bb6e17b9f5d171fe53dfc -> 
  custom:scripting/monoscript/fileName/AndroidManifestProcessor.cs: d8dd4961c18e43fcd707eb950405363a -> 
  custom:scripting/precompiled-assembly-types:Unity.XR.OpenXR.Features.ConformanceAutomation: daaea684d78afe5278ff971b66e0fbf9 -> 
  custom:scripting/monoscript/fileName/HandCommonPosesInteraction.cs: c984aa78f460c3bf39ec56bc9a0a414a -> 
  custom:scripting/monoscript/fileName/OpenXRDiagnosticReport.cs: f43e8307d90025ed39c346ed63d1208d -> 
  custom:scripting/monoscript/fileName/RuntimeDebuggerOpenXRFeatureEditor.cs: 26a9be57964b520d3a47d8c20db877e9 -> 
  custom:scripting/monoscript/fileName/PoseControl.cs: 4ff0d325328ef40fb1693e34ac3358bf -> 26044499bf9bfd77ab38d92d33de1d80
  custom:scripting/monoscript/fileName/OpenXRFeatureBuildHooks.cs: da31756dd3c74e69bcd7ed1a1983ed53 -> 
  custom:scripting/monoscript/fileName/BuildHelpers.cs: 52ee9552b5cbbfe4eb60d480e36ffff5 -> 
  custom:scripting/monoscript/fileName/HPReverbG2ControllerProfile.cs: 6aadb5e22feaccfa77ef6db6c4d4541c -> 
  custom:scripting/monoscript/fileName/XRLoaderOrderUI.cs: 7bb0491ac9109774b097f2da80cd0c03 -> 
  custom:scripting/monoscript/fileName/AndroidManifestBuildEventReceiver.cs: 641c0bff5eb90d0569a809ea302132ee -> 
  custom:video-encoder-webm-vp8: eb34c28f22e8b96e1ab97ce403110664 -> 
  custom:scripting/monoscript/fileName/BootConfig.cs: b2c4d54615a39b14509e601dd0f329ff -> 
  custom:audio-decoder-ogg-vorbis: bf7c407c2cedff20999df2af8eb42d56 -> 
  custom:scripting/precompiled-assembly-types:Unity.XR.OpenXR.Features.MetaQuestSupport: d273bae1c8d7007d6b0fe4b360a89ef1 -> 
  custom:scripting/monoscript/fileName/IAndroidManifestRequirementProvider.cs: 42bf6f4b06629c812bd73f8ff461fec4 -> 
  custom:scripting/monoscript/fileName/XrPerformanceSettingsFeature.cs: d323744d9bc61085862cbc785e1f985c -> 
  custom:scripting/monoscript/fileName/OpenXRPackageSettings.cs: 4f4aaba453bf105fb1c3c3d64247142d -> 
  custom:scripting/monoscript/fileName/ModifyAndroidManifestMeta.cs: 3b920058e4dd8cbdb95cce4af271f981 -> 
  custom:scripting/monoscript/fileName/EditorUtilities.cs: 219d482e32bf0c01357e773617418955 -> 
  custom:scripting/monoscript/fileName/OpenXRFeatureSetAttribute.cs: 9e20f05fe0a3688af8836175869f0bb7 -> 
  custom:scripting/monoscript/fileName/XRPackageInitialization.cs: 1f095dd277a284b59543541a608de1da -> 
  custom:scripting/monoscript/fileName/FoveatedRenderingFeature.cs: 3cd591174f2fee5d1b0d6a1875383a9b -> 
  custom:scripting/monoscript/fileName/KnownPackages.cs: 8647f39ea28525d7cb72646ed790f6ec -> 
  custom:scripting/monoscript/fileName/HapticControl.cs: d7a5389cafde2a1337c58e2f0d91a837 -> 
  custom:scripting/monoscript/fileName/MetaQuestFeature.cs: b9c317336250afc5bb5fa2c2df269ea6 -> 
  custom:scripting/precompiled-assembly-types:Unity.XR.Interaction.Toolkit.Samples.DeviceSimulator: b1a8126a568547b099f25fc1d4f742a8 -> 
  custom:scripting/monoscript/fileName/XrPerformanceSettingsTypes.cs: 5bc9c5b4646eff91646254ce341c6683 -> 
  custom:scripting/monoscript/fileName/OpenXRRuntimeSelector.cs: 929d3ce28c815a19c6c335174420bf6b -> 
  custom:scripting/monoscript/fileName/OpenXRFeatureEditor.cs: 01dd3fecc4e9c7ce9fb6af5d0948ba2a -> 
  custom:scripting/monoscript/fileName/XRConstants.cs: 1558884a4b0ea94b4910dd640a0e6741 -> 
  custom:scripting/monoscript/fileName/BuildHelperUtils.cs: 619773c3d1b7f3f0ca7461f5c27242a8 -> 
  custom:scripting/monoscript/fileName/gameManager_sc.cs: 06c6a4dd38765e854ad12ef8e96c6c7b -> 
  custom:scripting/monoscript/fileName/HandInteractionProfile.cs: 9c7649bd495ee99cc73ddacbe0a8cd95 -> 
  custom:scripting/monoscript/fileName/XRManagementAnalytics.cs: 546181baf4c03dbbd57015a6731508f8 -> 
  custom:scripting/monoscript/fileName/ModifyAndroidManifestOculus.cs: 1d09740e7edd66fffc5895aae9e385d3 -> 
  custom:scripting/monoscript/fileName/XRPackage.cs: f2edbbf87f9b798abaf2a9f285d155f5 -> 
  custom:audio-encoder-webm-vorbis: bf7c407c2cedff20999df2af8eb42d56 -> 
  custom:scripting/monoscript/fileName/RuntimeDebuggerOpenXRFeature.cs: 8b269b64ad1c99e85d7f28185c15f7bb -> 
  custom:scripting/monoscript/fileName/MetaQuestFeatureBuildHooks.cs: 2ac755c66ffd4e4b7c22530386a7ba47 -> 
  custom:scripting/monoscript/fileName/AndroidManifestDocument.cs: 4c38ca7417a5355dfe2fd0b706ad71e8 -> 
  custom:scripting/monoscript/fileName/XRPackageInitializationSettings.cs: 2f743437d3b09c9a4a5a33e9be971b1a -> 
  custom:scripting/precompiled-assembly-types:Assembly-CSharp: aca8842ad724222ebe1d56dcf3375e2c -> 4f47e1615c5f2acb1872d32e2b45cd01
  custom:scripting/monoscript/fileName/XRPackageMetadata.cs: 16731333f575d8bc31df496aced36ebf -> 
  custom:scripting/monoscript/fileName/OpenXRInput.cs: b351db87f98ee399e568b78e0ed353e3 -> 
  custom:scripting/monoscript/fileName/OpenXRInteractionFeature.cs: a60484418ad6b497996467bb6f98db73 -> 
  custom:scripting/monoscript/fileName/OpenXRSettings.cs: f8ff4c7422697fc56884f260233aaf86 -> 
  custom:scripting/monoscript/fileName/OpenXREditorSettings.cs: 321e3a8126bc4b0248cbcecf63892f31 -> 
  custom:scripting/monoscript/fileName/OpenXRProjectValidation.cs: 181508e149a91a64c6dfdc447b97c322 -> 
========================================================================
Received Import Request.
  Time since last request: 472.674572 seconds.
  path: Assets/Scripts/buttons_sc.cs
  artifactKey: Guid(05de2975e0d4caf47b1786280b57cfe6) Importer(815301076,1909f56bfc062723c751e8b465ee728b)
Start importing Assets/Scripts/buttons_sc.cs using Guid(05de2975e0d4caf47b1786280b57cfe6) Importer(815301076,1909f56bfc062723c751e8b465ee728b) [PhysX] Initialized MultithreadedTaskDispatcher with 12 workers.
 -> (artifact id: '3b607187b4d58885934749678bea8dce') in 0.004279 seconds
Number of updated asset objects reloaded before import = 0
Number of asset objects unloaded after import = 0
========================================================================
Received Prepare
Caller must complete domain reload
Begin MonoManager ReloadAssembly
- Loaded All Assemblies, in  1.184 seconds
Native extension for WindowsStandalone target not found
Mono: successfully reloaded assembly
[Package Manager] Server::EnsureServerProcessIsRunning -- launch failed, reason: Unity was launched with the -noUpm command-line argument
[Package Manager] UpmClient::Send -- Unable to send message (not connected to UPM process).
[Package Manager] Cannot connect to Unity Package Manager local server
- Finished resetting the current domain, in  2.822 seconds
Domain Reload Profiling: 4000ms
	BeginReloadAssembly (349ms)
		ExecutionOrderSort (0ms)
		DisableScriptedObjects (10ms)
		BackupInstance (0ms)
		ReleaseScriptingObjects (0ms)
		CreateAndSetChildDomain (77ms)
	RebuildCommonClasses (80ms)
	RebuildNativeTypeToScriptingClass (29ms)
	initialDomainReloadingComplete (88ms)
	LoadAllAssembliesAndSetupDomain (629ms)
		LoadAssemblies (709ms)
		RebuildTransferFunctionScriptingTraits (0ms)
		AnalyzeDomain (110ms)
			TypeCache.Refresh (23ms)
				TypeCache.ScanAssembly (2ms)
			ScanForSourceGeneratedMonoScriptInfo (55ms)
			ResolveRequiredComponents (27ms)
	FinalizeReload (2824ms)
		ReleaseScriptCaches (0ms)
		RebuildScriptCaches (0ms)
		SetupLoadedEditorAssemblies (1180ms)
			LogAssemblyErrors (0ms)
			InitializePlatformSupportModulesInManaged (12ms)
			SetLoadedEditorAssemblies (8ms)
			RefreshPlugins (0ms)
			BeforeProcessingInitializeOnLoad (169ms)
			ProcessInitializeOnLoadAttributes (854ms)
			ProcessInitializeOnLoadMethodAttributes (121ms)
			AfterProcessingInitializeOnLoad (14ms)
			EditorAssembliesLoaded (1ms)
		ExecutionOrderSort2 (0ms)
		AwakeInstancesAfterBackupRestoration (14ms)
Refreshing native plugins compatible for Editor in 42.95 ms, found 10 plugins.
Preloading 0 native plugins for Editor in 0.00 ms.
Unloading 4969 Unused Serialized files (Serialized files now loaded: 0)
Unloading 68 unused Assets / (57.1 KB). Loaded Objects now: 5557.
Memory consumption went from 172.2 MB to 172.1 MB.
Total: 8.869700 ms (FindLiveObjects: 0.821200 ms CreateObjectMapping: 0.636700 ms MarkObjects: 7.183200 ms  DeleteObjects: 0.226200 ms)

Prepare: number of updated asset objects reloaded= 0
AssetImportParameters requested are different than current active one (requested -> active):
  custom:scripting/monoscript/fileName/DPadInteraction.cs: 93f85c8ba74c4199c8fc9b6e8c6fb8a6 -> 
  custom:scripting/monoscript/fileName/OpenXRFeatureSettingsEditor.cs: 46f7bc9b6667349416d592c92274a2cd -> 
  custom:container-demuxer-ogg: 62fdf1f143b41e24485cea50d1cbac27 -> 
  custom:scripting/monoscript/fileName/UWPCoreWindowBuildHooks.cs: 528ee0545204f8083d130ec04efc78bc -> 
  custom:scripting/monoscript/fileName/OpenXRLoaderBase.cs: 0b6a60b837fc38165e3eaf7aaf2bf3e3 -> 
  custom:scripting/monoscript/fileName/MetaQuestFeatureEditor.cs: fff340053bb2e94334d0d5989f2eb349 -> 
  custom:scripting/monoscript/fileName/XRDeviceSimulatorControllerUI.cs: 1fdda016482e80c4f698bd161ca6a92f -> 
  custom:scripting/monoscript/fileName/XRDeviceSimulatorUI.cs: 0ec50ce90bac5e819d9ddb292ac27c71 -> 
  custom:scripting/precompiled-assembly-types:Unity.XR.Management.Editor: 220852eb385ea4cc2eb66eb943d70995 -> 
  custom:scripting/monoscript/fileName/PalmPoseInteraction.cs: 6bd25b6029acb9127f25748cb0b6d2a8 -> 
  custom:scripting/precompiled-assembly-types:Unity.XR.OpenXR.Editor: b2a8f17f09055950b7f19e2845cbc5c2 -> 
  custom:scripting/monoscript/fileName/MetaQuestTouchPlusControllerProfile.cs: 4b9439e11567c27c85546e11bafeabe7 -> 
  custom:scripting/monoscript/fileName/XRPluginManagementProjectValidation.cs: 12841b9f0a8da6fb46dd05260375325e -> 
  custom:scripting/monoscript/fileName/OpenXRRuntime.cs: c3a00f9ce6a0283dcb391b83637adf44 -> 
  custom:video-decoder-ogg-theora: a1e56fd34408186e4bbccfd4996cb3dc -> 
  custom:scripting/monoscript/fileName/XRGeneralSettingsPerBuildTarget.cs: 6970e5bff368910038049eb1434facbf -> 
  custom:scripting/monoscript/fileName/MetaQuestTouchProControllerProfile.cs: 9fffae235d4c14901711127c7daeb86c -> 
  custom:scripting/monoscript/fileName/OpenXRConstants.cs: f878d042bd3999b796b9387b0c8a1032 -> 
  custom:scripting/monoscript/fileName/OpenXRFeatureUICommon.cs: 45f7a59cd9c5cd84e28e0f7a429879c2 -> 
  custom:scripting/precompiled-assembly-types:Unity.XR.OpenXR.Features.OculusQuestSupport.Editor: c62b8d05b94c435029ef9fc43d7261ca -> 
  custom:scripting/monoscript/fileName/XRLoaderInfo.cs: 86fa513bfc04d58509db292069910bf2 -> 
  custom:framework-win-MediaFoundation: 216162199b28c13a410421893ffa2e32 -> 
  custom:scripting/monoscript/fileName/OpenXRLoaderUI.cs: ebd8d704d5e26f054d43886c272cd005 -> 
  custom:scripting/monoscript/fileName/WaitForRestartFinish.cs: 0e76bf389cf347a5d8d6432ec661895f -> 
  custom:scripting/monoscript/fileName/OpenXRFeatureSettings.cs: 90647cc400823b41df847a6cbfc29026 -> 
  custom:scripting/monoscript/fileName/OpenXRBuildProcessor.cs: 48dc0e114f75799c0d74bafe70808189 -> 
  custom:scripting/monoscript/fileName/KHRSimpleControllerProfile.cs: bcdcb81587b2075f7af2f75706b9e69a -> 
  custom:scripting/monoscript/fileName/OpenXRFeatureInternal.cs: 90647cc400823b41df847a6cbfc29026 -> 
  custom:scripting/monoscript/fileName/OpenXRSpaceSettings.cs: 90647cc400823b41df847a6cbfc29026 -> 
  custom:scripting/monoscript/fileName/DPadInteractionCustomEditor.cs: d93785eeae2b4d41d39f603bd6f9849d -> 
  custom:scripting/precompiled-assembly-types:Unity.XR.OpenXR.Features.RuntimeDebugger.Editor: e1cc4b3ad1ade1a1503c3d79a1cfcaf0 -> 
  custom:scripting/monoscript/fileName/XRSettingsManager.cs: 701988ef3c16e84d3bc781477493ab34 -> 
  custom:scripting/monoscript/fileName/ConformanceAutomationFeature.cs: 97112e825fad9ed87f6a9c7acc231c0b -> 
  custom:scripting/monoscript/fileName/IXRLoaderPreInit.cs: 4dbca4fbe4a89e2a18943694f414e3a9 -> 
  custom:scripting/monoscript/fileName/XRGeneralBuildProcessor.cs: d52e14652f14fd6e56a66a859653fea9 -> 
  custom:scripting/monoscript/fileName/XRGeneralSettings.cs: 01e68fef49e5cbf622bb7b4ffc622d89 -> 
  custom:scripting/monoscript/fileName/XRManagerEditor.cs: 6847a9ea85cd2d801d895b625e9590ff -> 
  custom:scripting/monoscript/fileName/FeatureHelpers.cs: 0e8d07707daeed1da30b1605e903226b -> 
  custom:scripting/monoscript/fileName/DebuggerState.cs: 41070b7a08cc178a9ea51324cdaf5b81 -> 
  custom:scripting/monoscript/fileName/XRBuildProcessorHelper.cs: 90647cc400823b41df847a6cbfc29026 -> 
  custom:scripting/monoscript/fileName/TypeLoaderExtensions.cs: ee5d3b5e5d81c98c5d3594e8b9153df0 -> 
  custom:scripting/precompiled-assembly-types:Unity.XR.OpenXR.Features.OculusQuestSupport: d15f77eecb71f285045ab68c6a5ab3aa -> 
  custom:CustomObjectIndexerAttribute: 9a22284fe3817be447336de3de66b15e -> 
  custom:scripting/monoscript/fileName/OpenXRHmd.cs: 1624687aa096b40d58d149d9c6304cca -> 
  custom:scripting/precompiled-assembly-types:Unity.XR.OpenXR.Features.MetaQuestSupport.Editor: d29ebede884d38e464c8dad49331ddbf -> 
  custom:scripting/monoscript/fileName/XRConfigurationProvider.cs: fa91ddd62be7b4c45bfd03890af30249 -> 
  custom:scripting/monoscript/fileName/ManifestElement.cs: c30b57498d373b7476c4d7dfdaee189c -> 
  custom:scripting/monoscript/fileName/OpenXRMangementSettings.cs: 5a013b6c45b1e1d06085cb1496493b86 -> 
  custom:scripting/monoscript/fileName/XREditorWorkQueue.cs: 8e928039a032f154dc8a86537aaac69a -> 
  custom:scripting/monoscript/fileName/OculusTouchControllerProfile.cs: 03df51b5c781d1980f509408bae72bc8 -> 
  custom:scripting/precompiled-assembly-types:Unity.XR.Management: f5b1b59a8f17cb331d61fd7665721dab -> 
  custom:scripting/monoscript/fileName/ManifestRequirement.cs: d0237042ed94ccc3267a409cde8490a6 -> 
  custom:scripting/monoscript/fileName/OpenXRNativeTypes.cs: 11be60823314f621c1b0bb94bf4fe744 -> 
  custom:container-demuxer-webm: 4f35f7cbe854078d1ac9338744f61a02 -> 
  custom:scripting/monoscript/fileName/KnownFeatureSets.cs: 2cf391597f07a52473981e9cc2b41b67 -> 
  custom:scripting/precompiled-assembly-types:Unity.XR.OpenXR.Features.MockRuntime: e75d918d8106c27865ca5517b4bdd194 -> 
  custom:scripting/monoscript/fileName/PackageNotificationUtils.cs: e493f521fc1755dec19875ae28a4f621 -> 
  custom:scripting/monoscript/fileName/OpenXRProjectValidationRulesSetup.cs: 63c520149123eced22b6028c5ebd9d08 -> 
  custom:scripting/monoscript/fileName/XRPackageMetadataStore.cs: e06e5e9ffca9529e9db63900dd9caf32 -> 
  custom:scripting/monoscript/fileName/XRLoaderInfoManager.cs: 28efaa63edac30b89ccc35ca2bf149fa -> 
  custom:scripting/monoscript/fileName/XRConfigurationData.cs: 2cf07b13d54bfee2898ed6dc38612fbb -> 
  custom:scripting/monoscript/fileName/MicrosoftHandInteraction.cs: dac920740153b0163dda0f7e56920e40 -> 
  custom:scripting/monoscript/fileName/RuntimeDebuggerWindow.cs: 0bc1d5ee7ce2553d42d62861471f3c44 -> 
  custom:scripting/monoscript/fileName/PackageSettingsEditor.cs: 6212fddebb8f67c4da0f50592230839b -> 
  custom:scripting/monoscript/fileName/OpenXRFeature.cs: a84888103ea4406f238a41c42d12d002 -> 
  custom:scripting/monoscript/fileName/XRManagerSettings.cs: 39a1227fa3c478af29a735ec246b6baf -> 
  custom:scripting/monoscript/fileName/XRCustomLoaderUIManager.cs: 4be5a8f671a1d808dd1496961b79b86b -> 
  custom:container-muxer-webm: aa71ff27fc2769a1b78a27578f13a17b -> 
  custom:scripting/precompiled-assembly-types:Unity.XR.OpenXR: 6b540efea7d7bcf04b31853b4d2f54c0 -> 
  custom:scripting/monoscript/fileName/OpenXRLoader.cs: 2a03893d4aa4b960c2f49090b4b03a7b -> 
  custom:scripting/monoscript/fileName/ValveIndexControllerProfile.cs: f923b1771c835a70375d3505e818878d -> 
  custom:scripting/monoscript/fileName/OculusQuestFeatureEditor.cs: af70b82209b4cf6ce20a2da2892dfc5f -> 
  custom:video-decoder-webm-vp8: 9c59270c3fd7afecdb556c50c9e8de78 -> 
  custom:scripting/monoscript/fileName/OpenXRChooseRuntimeLibraries.cs: 3923c2f1337a35d737ad0192eb46b432 -> 
  custom:scripting/monoscript/fileName/OculusQuestFeature.cs: 041c3418dd65b8e99ca410c708996814 -> 
  custom:scripting/monoscript/fileName/OpenXRFeatureSetManager.cs: 4f340a53d115a7e1888d00ddc4cd614b -> 
  custom:scripting/monoscript/fileName/OpenXRColorSubmissonModeList.cs: 62c3c48199b3c893ece86757b75b0604 -> 
  custom:scripting/monoscript/fileName/OpenXRUtility.cs: af9b8bca68ffa2bc69f78ec0da9cf1fd -> 
  custom:SearchIndexIgnoredProperties: e643bd26f0fe6173181afceb89e7c659 -> 
  custom:scripting/monoscript/fileName/XRGeneralSettingsUpgrade.cs: cc8d2e81204b3fd0e662cd38ef4a2d49 -> 
  custom:AudioImporter_EditorPlatform: d09bf68614088b80899f8185d706f6e7 -> 
  custom:scripting/monoscript/fileName/MockRuntime.cs: 8e970d93da4762c7d57e9c9dd2b36dbb -> 
  custom:scripting/monoscript/fileName/OpenXRDevice.cs: 1b3be9b024fb29351711164fb0577202 -> 
  custom:scripting/monoscript/fileName/OpenXRUnityAPI.cs: 95d0f03221767acb8a4a43279af12154 -> 
  custom:scripting/monoscript/fileName/HTCViveControllerProfile.cs: 575b921c71649e99576a05f0add9cf5d -> 
  custom:scripting/monoscript/fileName/XRDeviceSimulatorHandsUI.cs: bca3963bba47bbf101fe9d7e7dd07836 -> 
  custom:scripting/monoscript/fileName/XRCustomLoaderUI.cs: a1b6225426bb5004db8b9d7388fe5771 -> 
  custom:scripting/monoscript/fileName/BootConfigBuilder.cs: a174d8870c7a69fabc7d42a75b0f23aa -> 
  custom:scripting/precompiled-assembly-types:Unity.XR.OpenXR.Features.RuntimeDebugger: 81fc02b8029ab9c0bce4eaa33a13e7d8 -> 
  custom:scripting/monoscript/fileName/OpenXRRenderSettings.cs: 90647cc400823b41df847a6cbfc29026 -> 
  custom:scripting/monoscript/fileName/EyeGazeInteraction.cs: dc1f12620c8656649cfc16f13969f5fa -> 
  custom:scripting/monoscript/fileName/OpenXRAnalytics.cs: 67d5de80ae8e3ee46bb1b4907783d54c -> 
  custom:scripting/monoscript/fileName/XRLoaderHelper.cs: ae85c4c4a11fcc1ed3393963333e400c -> 
  custom:scripting/monoscript/fileName/MicrosoftMotionControllerProfile.cs: 6dcaa2067404bed7771687f2f9dfa057 -> 
  custom:scripting/monoscript/fileName/XRLoader.cs: d82cec0b87bab7dffe74fb3651887ce3 -> 
  custom:scripting/monoscript/fileName/OpenXRRestarter.cs: c236f3f43c026f409512d203b81e6184 -> 
  custom:scripting/monoscript/fileName/OpenXRFeatureAttribute.cs: 99305d666df750d87e7264e3c7ae4f2a -> 
  custom:scripting/monoscript/fileName/XRSupportedBuildTargetAttribute.cs: f87a91ba911f6030453bea8d921b45d2 -> 
  custom:scripting/monoscript/fileName/OpenXRLoaderNoPreInit.cs: 8f7a064e1e0bb6e17b9f5d171fe53dfc -> 
  custom:scripting/monoscript/fileName/AndroidManifestProcessor.cs: d8dd4961c18e43fcd707eb950405363a -> 
  custom:scripting/precompiled-assembly-types:Unity.XR.OpenXR.Features.ConformanceAutomation: daaea684d78afe5278ff971b66e0fbf9 -> 
  custom:scripting/monoscript/fileName/HandCommonPosesInteraction.cs: c984aa78f460c3bf39ec56bc9a0a414a -> 
  custom:scripting/monoscript/fileName/OpenXRDiagnosticReport.cs: f43e8307d90025ed39c346ed63d1208d -> 
  custom:scripting/monoscript/fileName/RuntimeDebuggerOpenXRFeatureEditor.cs: 26a9be57964b520d3a47d8c20db877e9 -> 
  custom:scripting/monoscript/fileName/PoseControl.cs: 4ff0d325328ef40fb1693e34ac3358bf -> 26044499bf9bfd77ab38d92d33de1d80
  custom:scripting/monoscript/fileName/OpenXRFeatureBuildHooks.cs: da31756dd3c74e69bcd7ed1a1983ed53 -> 
  custom:scripting/monoscript/fileName/BuildHelpers.cs: 52ee9552b5cbbfe4eb60d480e36ffff5 -> 
  custom:scripting/monoscript/fileName/HPReverbG2ControllerProfile.cs: 6aadb5e22feaccfa77ef6db6c4d4541c -> 
  custom:scripting/monoscript/fileName/XRLoaderOrderUI.cs: 7bb0491ac9109774b097f2da80cd0c03 -> 
  custom:scripting/monoscript/fileName/AndroidManifestBuildEventReceiver.cs: 641c0bff5eb90d0569a809ea302132ee -> 
  custom:video-encoder-webm-vp8: eb34c28f22e8b96e1ab97ce403110664 -> 
  custom:scripting/monoscript/fileName/BootConfig.cs: b2c4d54615a39b14509e601dd0f329ff -> 
  custom:audio-decoder-ogg-vorbis: bf7c407c2cedff20999df2af8eb42d56 -> 
  custom:scripting/precompiled-assembly-types:Unity.XR.OpenXR.Features.MetaQuestSupport: d273bae1c8d7007d6b0fe4b360a89ef1 -> 
  custom:scripting/monoscript/fileName/IAndroidManifestRequirementProvider.cs: 42bf6f4b06629c812bd73f8ff461fec4 -> 
  custom:scripting/monoscript/fileName/XrPerformanceSettingsFeature.cs: d323744d9bc61085862cbc785e1f985c -> 
  custom:scripting/monoscript/fileName/OpenXRPackageSettings.cs: 4f4aaba453bf105fb1c3c3d64247142d -> 
  custom:scripting/monoscript/fileName/ModifyAndroidManifestMeta.cs: 3b920058e4dd8cbdb95cce4af271f981 -> 
  custom:scripting/monoscript/fileName/EditorUtilities.cs: 219d482e32bf0c01357e773617418955 -> 
  custom:scripting/monoscript/fileName/OpenXRFeatureSetAttribute.cs: 9e20f05fe0a3688af8836175869f0bb7 -> 
  custom:scripting/monoscript/fileName/XRPackageInitialization.cs: 1f095dd277a284b59543541a608de1da -> 
  custom:scripting/monoscript/fileName/FoveatedRenderingFeature.cs: 3cd591174f2fee5d1b0d6a1875383a9b -> 
  custom:scripting/monoscript/fileName/KnownPackages.cs: 8647f39ea28525d7cb72646ed790f6ec -> 
  custom:scripting/monoscript/fileName/HapticControl.cs: d7a5389cafde2a1337c58e2f0d91a837 -> 
  custom:scripting/monoscript/fileName/MetaQuestFeature.cs: b9c317336250afc5bb5fa2c2df269ea6 -> 
  custom:scripting/precompiled-assembly-types:Unity.XR.Interaction.Toolkit.Samples.DeviceSimulator: b1a8126a568547b099f25fc1d4f742a8 -> 
  custom:scripting/monoscript/fileName/XrPerformanceSettingsTypes.cs: 5bc9c5b4646eff91646254ce341c6683 -> 
  custom:scripting/monoscript/fileName/OpenXRRuntimeSelector.cs: 929d3ce28c815a19c6c335174420bf6b -> 
  custom:scripting/monoscript/fileName/OpenXRFeatureEditor.cs: 01dd3fecc4e9c7ce9fb6af5d0948ba2a -> 
  custom:scripting/monoscript/fileName/XRConstants.cs: 1558884a4b0ea94b4910dd640a0e6741 -> 
  custom:scripting/monoscript/fileName/BuildHelperUtils.cs: 619773c3d1b7f3f0ca7461f5c27242a8 -> 
  custom:scripting/monoscript/fileName/gameManager_sc.cs: 06c6a4dd38765e854ad12ef8e96c6c7b -> 
  custom:scripting/monoscript/fileName/HandInteractionProfile.cs: 9c7649bd495ee99cc73ddacbe0a8cd95 -> 
  custom:scripting/monoscript/fileName/XRManagementAnalytics.cs: 546181baf4c03dbbd57015a6731508f8 -> 
  custom:scripting/monoscript/fileName/ModifyAndroidManifestOculus.cs: 1d09740e7edd66fffc5895aae9e385d3 -> 
  custom:scripting/monoscript/fileName/XRPackage.cs: f2edbbf87f9b798abaf2a9f285d155f5 -> 
  custom:audio-encoder-webm-vorbis: bf7c407c2cedff20999df2af8eb42d56 -> 
  custom:scripting/monoscript/fileName/RuntimeDebuggerOpenXRFeature.cs: 8b269b64ad1c99e85d7f28185c15f7bb -> 
  custom:scripting/monoscript/fileName/MetaQuestFeatureBuildHooks.cs: 2ac755c66ffd4e4b7c22530386a7ba47 -> 
  custom:scripting/monoscript/fileName/AndroidManifestDocument.cs: 4c38ca7417a5355dfe2fd0b706ad71e8 -> 
  custom:scripting/monoscript/fileName/XRPackageInitializationSettings.cs: 2f743437d3b09c9a4a5a33e9be971b1a -> 
  custom:scripting/precompiled-assembly-types:Assembly-CSharp: aca8842ad724222ebe1d56dcf3375e2c -> 4f47e1615c5f2acb1872d32e2b45cd01
  custom:scripting/monoscript/fileName/XRPackageMetadata.cs: 16731333f575d8bc31df496aced36ebf -> 
  custom:scripting/monoscript/fileName/OpenXRInput.cs: b351db87f98ee399e568b78e0ed353e3 -> 
  custom:scripting/monoscript/fileName/OpenXRInteractionFeature.cs: a60484418ad6b497996467bb6f98db73 -> 
  custom:scripting/monoscript/fileName/OpenXRSettings.cs: f8ff4c7422697fc56884f260233aaf86 -> 
  custom:scripting/monoscript/fileName/OpenXREditorSettings.cs: 321e3a8126bc4b0248cbcecf63892f31 -> 
  custom:scripting/monoscript/fileName/OpenXRProjectValidation.cs: 181508e149a91a64c6dfdc447b97c322 -> 
========================================================================
Received Prepare
Caller must complete domain reload
Begin MonoManager ReloadAssembly
- Loaded All Assemblies, in  1.441 seconds
Native extension for WindowsStandalone target not found
Mono: successfully reloaded assembly
[Package Manager] Server::EnsureServerProcessIsRunning -- launch failed, reason: Unity was launched with the -noUpm command-line argument
[Package Manager] UpmClient::Send -- Unable to send message (not connected to UPM process).
[Package Manager] Cannot connect to Unity Package Manager local server
- Finished resetting the current domain, in  3.300 seconds
Domain Reload Profiling: 4734ms
	BeginReloadAssembly (420ms)
		ExecutionOrderSort (0ms)
		DisableScriptedObjects (15ms)
		BackupInstance (0ms)
		ReleaseScriptingObjects (0ms)
		CreateAndSetChildDomain (94ms)
	RebuildCommonClasses (118ms)
	RebuildNativeTypeToScriptingClass (36ms)
	initialDomainReloadingComplete (81ms)
	LoadAllAssembliesAndSetupDomain (778ms)
		LoadAssemblies (878ms)
		RebuildTransferFunctionScriptingTraits (0ms)
		AnalyzeDomain (132ms)
			TypeCache.Refresh (18ms)
				TypeCache.ScanAssembly (0ms)
			ScanForSourceGeneratedMonoScriptInfo (1ms)
			ResolveRequiredComponents (104ms)
	FinalizeReload (3302ms)
		ReleaseScriptCaches (0ms)
		RebuildScriptCaches (0ms)
		SetupLoadedEditorAssemblies (1477ms)
			LogAssemblyErrors (0ms)
			InitializePlatformSupportModulesInManaged (18ms)
			SetLoadedEditorAssemblies (8ms)
			RefreshPlugins (0ms)
			BeforeProcessingInitializeOnLoad (212ms)
			ProcessInitializeOnLoadAttributes (1079ms)
			ProcessInitializeOnLoadMethodAttributes (143ms)
			AfterProcessingInitializeOnLoad (17ms)
			EditorAssembliesLoaded (1ms)
		ExecutionOrderSort2 (0ms)
		AwakeInstancesAfterBackupRestoration (21ms)
Refreshing native plugins compatible for Editor in 43.73 ms, found 10 plugins.
Preloading 0 native plugins for Editor in 0.00 ms.
Unloading 4969 Unused Serialized files (Serialized files now loaded: 0)
Unloading 68 unused Assets / (57.1 KB). Loaded Objects now: 5561.
Memory consumption went from 172.2 MB to 172.1 MB.
Total: 11.486400 ms (FindLiveObjects: 1.174500 ms CreateObjectMapping: 0.958200 ms MarkObjects: 8.787900 ms  DeleteObjects: 0.562100 ms)

Prepare: number of updated asset objects reloaded= 0
AssetImportParameters requested are different than current active one (requested -> active):
  custom:scripting/monoscript/fileName/DPadInteraction.cs: 93f85c8ba74c4199c8fc9b6e8c6fb8a6 -> 
  custom:scripting/monoscript/fileName/OpenXRFeatureSettingsEditor.cs: 46f7bc9b6667349416d592c92274a2cd -> 
  custom:container-demuxer-ogg: 62fdf1f143b41e24485cea50d1cbac27 -> 
  custom:scripting/monoscript/fileName/UWPCoreWindowBuildHooks.cs: 528ee0545204f8083d130ec04efc78bc -> 
  custom:scripting/monoscript/fileName/OpenXRLoaderBase.cs: 0b6a60b837fc38165e3eaf7aaf2bf3e3 -> 
  custom:scripting/monoscript/fileName/MetaQuestFeatureEditor.cs: fff340053bb2e94334d0d5989f2eb349 -> 
  custom:scripting/monoscript/fileName/XRDeviceSimulatorControllerUI.cs: 1fdda016482e80c4f698bd161ca6a92f -> 
  custom:scripting/monoscript/fileName/XRDeviceSimulatorUI.cs: 0ec50ce90bac5e819d9ddb292ac27c71 -> 
  custom:scripting/precompiled-assembly-types:Unity.XR.Management.Editor: 220852eb385ea4cc2eb66eb943d70995 -> 
  custom:scripting/monoscript/fileName/PalmPoseInteraction.cs: 6bd25b6029acb9127f25748cb0b6d2a8 -> 
  custom:scripting/precompiled-assembly-types:Unity.XR.OpenXR.Editor: b2a8f17f09055950b7f19e2845cbc5c2 -> 
  custom:scripting/monoscript/fileName/MetaQuestTouchPlusControllerProfile.cs: 4b9439e11567c27c85546e11bafeabe7 -> 
  custom:scripting/monoscript/fileName/XRPluginManagementProjectValidation.cs: 12841b9f0a8da6fb46dd05260375325e -> 
  custom:scripting/monoscript/fileName/OpenXRRuntime.cs: c3a00f9ce6a0283dcb391b83637adf44 -> 
  custom:video-decoder-ogg-theora: a1e56fd34408186e4bbccfd4996cb3dc -> 
  custom:scripting/monoscript/fileName/XRGeneralSettingsPerBuildTarget.cs: 6970e5bff368910038049eb1434facbf -> 
  custom:scripting/monoscript/fileName/MetaQuestTouchProControllerProfile.cs: 9fffae235d4c14901711127c7daeb86c -> 
  custom:scripting/monoscript/fileName/OpenXRConstants.cs: f878d042bd3999b796b9387b0c8a1032 -> 
  custom:scripting/monoscript/fileName/OpenXRFeatureUICommon.cs: 45f7a59cd9c5cd84e28e0f7a429879c2 -> 
  custom:scripting/precompiled-assembly-types:Unity.XR.OpenXR.Features.OculusQuestSupport.Editor: c62b8d05b94c435029ef9fc43d7261ca -> 
  custom:scripting/monoscript/fileName/XRLoaderInfo.cs: 86fa513bfc04d58509db292069910bf2 -> 
  custom:framework-win-MediaFoundation: 216162199b28c13a410421893ffa2e32 -> 
  custom:scripting/monoscript/fileName/OpenXRLoaderUI.cs: ebd8d704d5e26f054d43886c272cd005 -> 
  custom:scripting/monoscript/fileName/WaitForRestartFinish.cs: 0e76bf389cf347a5d8d6432ec661895f -> 
  custom:scripting/monoscript/fileName/OpenXRFeatureSettings.cs: 90647cc400823b41df847a6cbfc29026 -> 
  custom:scripting/monoscript/fileName/OpenXRBuildProcessor.cs: 48dc0e114f75799c0d74bafe70808189 -> 
  custom:scripting/monoscript/fileName/KHRSimpleControllerProfile.cs: bcdcb81587b2075f7af2f75706b9e69a -> 
  custom:scripting/monoscript/fileName/OpenXRFeatureInternal.cs: 90647cc400823b41df847a6cbfc29026 -> 
  custom:scripting/monoscript/fileName/OpenXRSpaceSettings.cs: 90647cc400823b41df847a6cbfc29026 -> 
  custom:scripting/monoscript/fileName/DPadInteractionCustomEditor.cs: d93785eeae2b4d41d39f603bd6f9849d -> 
  custom:scripting/precompiled-assembly-types:Unity.XR.OpenXR.Features.RuntimeDebugger.Editor: e1cc4b3ad1ade1a1503c3d79a1cfcaf0 -> 
  custom:scripting/monoscript/fileName/XRSettingsManager.cs: 701988ef3c16e84d3bc781477493ab34 -> 
  custom:scripting/monoscript/fileName/ConformanceAutomationFeature.cs: 97112e825fad9ed87f6a9c7acc231c0b -> 
  custom:scripting/monoscript/fileName/IXRLoaderPreInit.cs: 4dbca4fbe4a89e2a18943694f414e3a9 -> 
  custom:scripting/monoscript/fileName/XRGeneralBuildProcessor.cs: d52e14652f14fd6e56a66a859653fea9 -> 
  custom:scripting/monoscript/fileName/XRGeneralSettings.cs: 01e68fef49e5cbf622bb7b4ffc622d89 -> 
  custom:scripting/monoscript/fileName/XRManagerEditor.cs: 6847a9ea85cd2d801d895b625e9590ff -> 
  custom:scripting/monoscript/fileName/FeatureHelpers.cs: 0e8d07707daeed1da30b1605e903226b -> 
  custom:scripting/monoscript/fileName/DebuggerState.cs: 41070b7a08cc178a9ea51324cdaf5b81 -> 
  custom:scripting/monoscript/fileName/XRBuildProcessorHelper.cs: 90647cc400823b41df847a6cbfc29026 -> 
  custom:scripting/monoscript/fileName/TypeLoaderExtensions.cs: ee5d3b5e5d81c98c5d3594e8b9153df0 -> 
  custom:scripting/precompiled-assembly-types:Unity.XR.OpenXR.Features.OculusQuestSupport: d15f77eecb71f285045ab68c6a5ab3aa -> 
  custom:CustomObjectIndexerAttribute: 9a22284fe3817be447336de3de66b15e -> 
  custom:scripting/monoscript/fileName/OpenXRHmd.cs: 1624687aa096b40d58d149d9c6304cca -> 
  custom:scripting/precompiled-assembly-types:Unity.XR.OpenXR.Features.MetaQuestSupport.Editor: d29ebede884d38e464c8dad49331ddbf -> 
  custom:scripting/monoscript/fileName/XRConfigurationProvider.cs: fa91ddd62be7b4c45bfd03890af30249 -> 
  custom:scripting/monoscript/fileName/ManifestElement.cs: c30b57498d373b7476c4d7dfdaee189c -> 
  custom:scripting/monoscript/fileName/OpenXRMangementSettings.cs: 5a013b6c45b1e1d06085cb1496493b86 -> 
  custom:scripting/monoscript/fileName/XREditorWorkQueue.cs: 8e928039a032f154dc8a86537aaac69a -> 
  custom:scripting/monoscript/fileName/OculusTouchControllerProfile.cs: 03df51b5c781d1980f509408bae72bc8 -> 
  custom:scripting/precompiled-assembly-types:Unity.XR.Management: f5b1b59a8f17cb331d61fd7665721dab -> 
  custom:scripting/monoscript/fileName/ManifestRequirement.cs: d0237042ed94ccc3267a409cde8490a6 -> 
  custom:scripting/monoscript/fileName/OpenXRNativeTypes.cs: 11be60823314f621c1b0bb94bf4fe744 -> 
  custom:container-demuxer-webm: 4f35f7cbe854078d1ac9338744f61a02 -> 
  custom:scripting/monoscript/fileName/KnownFeatureSets.cs: 2cf391597f07a52473981e9cc2b41b67 -> 
  custom:scripting/precompiled-assembly-types:Unity.XR.OpenXR.Features.MockRuntime: e75d918d8106c27865ca5517b4bdd194 -> 
  custom:scripting/monoscript/fileName/PackageNotificationUtils.cs: e493f521fc1755dec19875ae28a4f621 -> 
  custom:scripting/monoscript/fileName/OpenXRProjectValidationRulesSetup.cs: 63c520149123eced22b6028c5ebd9d08 -> 
  custom:scripting/monoscript/fileName/XRPackageMetadataStore.cs: e06e5e9ffca9529e9db63900dd9caf32 -> 
  custom:scripting/monoscript/fileName/XRLoaderInfoManager.cs: 28efaa63edac30b89ccc35ca2bf149fa -> 
  custom:scripting/monoscript/fileName/XRConfigurationData.cs: 2cf07b13d54bfee2898ed6dc38612fbb -> 
  custom:scripting/monoscript/fileName/MicrosoftHandInteraction.cs: dac920740153b0163dda0f7e56920e40 -> 
  custom:scripting/monoscript/fileName/RuntimeDebuggerWindow.cs: 0bc1d5ee7ce2553d42d62861471f3c44 -> 
  custom:scripting/monoscript/fileName/PackageSettingsEditor.cs: 6212fddebb8f67c4da0f50592230839b -> 
  custom:scripting/monoscript/fileName/OpenXRFeature.cs: a84888103ea4406f238a41c42d12d002 -> 
  custom:scripting/monoscript/fileName/XRManagerSettings.cs: 39a1227fa3c478af29a735ec246b6baf -> 
  custom:scripting/monoscript/fileName/XRCustomLoaderUIManager.cs: 4be5a8f671a1d808dd1496961b79b86b -> 
  custom:container-muxer-webm: aa71ff27fc2769a1b78a27578f13a17b -> 
  custom:scripting/precompiled-assembly-types:Unity.XR.OpenXR: 6b540efea7d7bcf04b31853b4d2f54c0 -> 
  custom:scripting/monoscript/fileName/OpenXRLoader.cs: 2a03893d4aa4b960c2f49090b4b03a7b -> 
  custom:scripting/monoscript/fileName/ValveIndexControllerProfile.cs: f923b1771c835a70375d3505e818878d -> 
  custom:scripting/monoscript/fileName/OculusQuestFeatureEditor.cs: af70b82209b4cf6ce20a2da2892dfc5f -> 
  custom:video-decoder-webm-vp8: 9c59270c3fd7afecdb556c50c9e8de78 -> 
  custom:scripting/monoscript/fileName/OpenXRChooseRuntimeLibraries.cs: 3923c2f1337a35d737ad0192eb46b432 -> 
  custom:scripting/monoscript/fileName/OculusQuestFeature.cs: 041c3418dd65b8e99ca410c708996814 -> 
  custom:scripting/monoscript/fileName/OpenXRFeatureSetManager.cs: 4f340a53d115a7e1888d00ddc4cd614b -> 
  custom:scripting/monoscript/fileName/OpenXRColorSubmissonModeList.cs: 62c3c48199b3c893ece86757b75b0604 -> 
  custom:scripting/monoscript/fileName/OpenXRUtility.cs: af9b8bca68ffa2bc69f78ec0da9cf1fd -> 
  custom:SearchIndexIgnoredProperties: e643bd26f0fe6173181afceb89e7c659 -> 
  custom:scripting/monoscript/fileName/XRGeneralSettingsUpgrade.cs: cc8d2e81204b3fd0e662cd38ef4a2d49 -> 
  custom:AudioImporter_EditorPlatform: d09bf68614088b80899f8185d706f6e7 -> 
  custom:scripting/monoscript/fileName/MockRuntime.cs: 8e970d93da4762c7d57e9c9dd2b36dbb -> 
  custom:scripting/monoscript/fileName/OpenXRDevice.cs: 1b3be9b024fb29351711164fb0577202 -> 
  custom:scripting/monoscript/fileName/OpenXRUnityAPI.cs: 95d0f03221767acb8a4a43279af12154 -> 
  custom:scripting/monoscript/fileName/HTCViveControllerProfile.cs: 575b921c71649e99576a05f0add9cf5d -> 
  custom:scripting/monoscript/fileName/XRDeviceSimulatorHandsUI.cs: bca3963bba47bbf101fe9d7e7dd07836 -> 
  custom:scripting/monoscript/fileName/XRCustomLoaderUI.cs: a1b6225426bb5004db8b9d7388fe5771 -> 
  custom:scripting/monoscript/fileName/BootConfigBuilder.cs: a174d8870c7a69fabc7d42a75b0f23aa -> 
  custom:scripting/precompiled-assembly-types:Unity.XR.OpenXR.Features.RuntimeDebugger: 81fc02b8029ab9c0bce4eaa33a13e7d8 -> 
  custom:scripting/monoscript/fileName/OpenXRRenderSettings.cs: 90647cc400823b41df847a6cbfc29026 -> 
  custom:scripting/monoscript/fileName/EyeGazeInteraction.cs: dc1f12620c8656649cfc16f13969f5fa -> 
  custom:scripting/monoscript/fileName/OpenXRAnalytics.cs: 67d5de80ae8e3ee46bb1b4907783d54c -> 
  custom:scripting/monoscript/fileName/XRLoaderHelper.cs: ae85c4c4a11fcc1ed3393963333e400c -> 
  custom:scripting/monoscript/fileName/MicrosoftMotionControllerProfile.cs: 6dcaa2067404bed7771687f2f9dfa057 -> 
  custom:scripting/monoscript/fileName/XRLoader.cs: d82cec0b87bab7dffe74fb3651887ce3 -> 
  custom:scripting/monoscript/fileName/OpenXRRestarter.cs: c236f3f43c026f409512d203b81e6184 -> 
  custom:scripting/monoscript/fileName/OpenXRFeatureAttribute.cs: 99305d666df750d87e7264e3c7ae4f2a -> 
  custom:scripting/monoscript/fileName/XRSupportedBuildTargetAttribute.cs: f87a91ba911f6030453bea8d921b45d2 -> 
  custom:scripting/monoscript/fileName/OpenXRLoaderNoPreInit.cs: 8f7a064e1e0bb6e17b9f5d171fe53dfc -> 
  custom:scripting/monoscript/fileName/AndroidManifestProcessor.cs: d8dd4961c18e43fcd707eb950405363a -> 
  custom:scripting/precompiled-assembly-types:Unity.XR.OpenXR.Features.ConformanceAutomation: daaea684d78afe5278ff971b66e0fbf9 -> 
  custom:scripting/monoscript/fileName/HandCommonPosesInteraction.cs: c984aa78f460c3bf39ec56bc9a0a414a -> 
  custom:scripting/monoscript/fileName/OpenXRDiagnosticReport.cs: f43e8307d90025ed39c346ed63d1208d -> 
  custom:scripting/monoscript/fileName/RuntimeDebuggerOpenXRFeatureEditor.cs: 26a9be57964b520d3a47d8c20db877e9 -> 
  custom:scripting/monoscript/fileName/PoseControl.cs: 4ff0d325328ef40fb1693e34ac3358bf -> 26044499bf9bfd77ab38d92d33de1d80
  custom:scripting/monoscript/fileName/OpenXRFeatureBuildHooks.cs: da31756dd3c74e69bcd7ed1a1983ed53 -> 
  custom:scripting/monoscript/fileName/BuildHelpers.cs: 52ee9552b5cbbfe4eb60d480e36ffff5 -> 
  custom:scripting/monoscript/fileName/HPReverbG2ControllerProfile.cs: 6aadb5e22feaccfa77ef6db6c4d4541c -> 
  custom:scripting/monoscript/fileName/XRLoaderOrderUI.cs: 7bb0491ac9109774b097f2da80cd0c03 -> 
  custom:scripting/monoscript/fileName/AndroidManifestBuildEventReceiver.cs: 641c0bff5eb90d0569a809ea302132ee -> 
  custom:video-encoder-webm-vp8: eb34c28f22e8b96e1ab97ce403110664 -> 
  custom:scripting/monoscript/fileName/BootConfig.cs: b2c4d54615a39b14509e601dd0f329ff -> 
  custom:audio-decoder-ogg-vorbis: bf7c407c2cedff20999df2af8eb42d56 -> 
  custom:scripting/precompiled-assembly-types:Unity.XR.OpenXR.Features.MetaQuestSupport: d273bae1c8d7007d6b0fe4b360a89ef1 -> 
  custom:scripting/monoscript/fileName/IAndroidManifestRequirementProvider.cs: 42bf6f4b06629c812bd73f8ff461fec4 -> 
  custom:scripting/monoscript/fileName/XrPerformanceSettingsFeature.cs: d323744d9bc61085862cbc785e1f985c -> 
  custom:scripting/monoscript/fileName/OpenXRPackageSettings.cs: 4f4aaba453bf105fb1c3c3d64247142d -> 
  custom:scripting/monoscript/fileName/ModifyAndroidManifestMeta.cs: 3b920058e4dd8cbdb95cce4af271f981 -> 
  custom:scripting/monoscript/fileName/EditorUtilities.cs: 219d482e32bf0c01357e773617418955 -> 
  custom:scripting/monoscript/fileName/OpenXRFeatureSetAttribute.cs: 9e20f05fe0a3688af8836175869f0bb7 -> 
  custom:scripting/monoscript/fileName/XRPackageInitialization.cs: 1f095dd277a284b59543541a608de1da -> 
  custom:scripting/monoscript/fileName/FoveatedRenderingFeature.cs: 3cd591174f2fee5d1b0d6a1875383a9b -> 
  custom:scripting/monoscript/fileName/KnownPackages.cs: 8647f39ea28525d7cb72646ed790f6ec -> 
  custom:scripting/monoscript/fileName/HapticControl.cs: d7a5389cafde2a1337c58e2f0d91a837 -> 
  custom:scripting/monoscript/fileName/MetaQuestFeature.cs: b9c317336250afc5bb5fa2c2df269ea6 -> 
  custom:scripting/precompiled-assembly-types:Unity.XR.Interaction.Toolkit.Samples.DeviceSimulator: b1a8126a568547b099f25fc1d4f742a8 -> 
  custom:scripting/monoscript/fileName/XrPerformanceSettingsTypes.cs: 5bc9c5b4646eff91646254ce341c6683 -> 
  custom:scripting/monoscript/fileName/OpenXRRuntimeSelector.cs: 929d3ce28c815a19c6c335174420bf6b -> 
  custom:scripting/monoscript/fileName/OpenXRFeatureEditor.cs: 01dd3fecc4e9c7ce9fb6af5d0948ba2a -> 
  custom:scripting/monoscript/fileName/XRConstants.cs: 1558884a4b0ea94b4910dd640a0e6741 -> 
  custom:scripting/monoscript/fileName/BuildHelperUtils.cs: 619773c3d1b7f3f0ca7461f5c27242a8 -> 
  custom:scripting/monoscript/fileName/gameManager_sc.cs: 06c6a4dd38765e854ad12ef8e96c6c7b -> 
  custom:scripting/monoscript/fileName/HandInteractionProfile.cs: 9c7649bd495ee99cc73ddacbe0a8cd95 -> 
  custom:scripting/monoscript/fileName/XRManagementAnalytics.cs: 546181baf4c03dbbd57015a6731508f8 -> 
  custom:scripting/monoscript/fileName/ModifyAndroidManifestOculus.cs: 1d09740e7edd66fffc5895aae9e385d3 -> 
  custom:scripting/monoscript/fileName/XRPackage.cs: f2edbbf87f9b798abaf2a9f285d155f5 -> 
  custom:audio-encoder-webm-vorbis: bf7c407c2cedff20999df2af8eb42d56 -> 
  custom:scripting/monoscript/fileName/RuntimeDebuggerOpenXRFeature.cs: 8b269b64ad1c99e85d7f28185c15f7bb -> 
  custom:scripting/monoscript/fileName/MetaQuestFeatureBuildHooks.cs: 2ac755c66ffd4e4b7c22530386a7ba47 -> 
  custom:scripting/monoscript/fileName/AndroidManifestDocument.cs: 4c38ca7417a5355dfe2fd0b706ad71e8 -> 
  custom:scripting/monoscript/fileName/XRPackageInitializationSettings.cs: 2f743437d3b09c9a4a5a33e9be971b1a -> 
  custom:scripting/precompiled-assembly-types:Assembly-CSharp: aca8842ad724222ebe1d56dcf3375e2c -> 4f47e1615c5f2acb1872d32e2b45cd01
  custom:scripting/monoscript/fileName/XRPackageMetadata.cs: 16731333f575d8bc31df496aced36ebf -> 
  custom:scripting/monoscript/fileName/OpenXRInput.cs: b351db87f98ee399e568b78e0ed353e3 -> 
  custom:scripting/monoscript/fileName/OpenXRInteractionFeature.cs: a60484418ad6b497996467bb6f98db73 -> 
  custom:scripting/monoscript/fileName/OpenXRSettings.cs: f8ff4c7422697fc56884f260233aaf86 -> 
  custom:scripting/monoscript/fileName/OpenXREditorSettings.cs: 321e3a8126bc4b0248cbcecf63892f31 -> 
  custom:scripting/monoscript/fileName/OpenXRProjectValidation.cs: 181508e149a91a64c6dfdc447b97c322 -> 
========================================================================
Received Prepare
Caller must complete domain reload
Begin MonoManager ReloadAssembly
- Loaded All Assemblies, in  1.111 seconds
Native extension for WindowsStandalone target not found
Mono: successfully reloaded assembly
[Package Manager] Server::EnsureServerProcessIsRunning -- launch failed, reason: Unity was launched with the -noUpm command-line argument
[Package Manager] UpmClient::Send -- Unable to send message (not connected to UPM process).
[Package Manager] Cannot connect to Unity Package Manager local server
- Finished resetting the current domain, in  3.058 seconds
Domain Reload Profiling: 4162ms
	BeginReloadAssembly (381ms)
		ExecutionOrderSort (0ms)
		DisableScriptedObjects (12ms)
		BackupInstance (0ms)
		ReleaseScriptingObjects (0ms)
		CreateAndSetChildDomain (78ms)
	RebuildCommonClasses (73ms)
	RebuildNativeTypeToScriptingClass (26ms)
	initialDomainReloadingComplete (78ms)
	LoadAllAssembliesAndSetupDomain (545ms)
		LoadAssemblies (725ms)
		RebuildTransferFunctionScriptingTraits (0ms)
		AnalyzeDomain (45ms)
			TypeCache.Refresh (13ms)
				TypeCache.ScanAssembly (0ms)
			ScanForSourceGeneratedMonoScriptInfo (0ms)
			ResolveRequiredComponents (27ms)
	FinalizeReload (3060ms)
		ReleaseScriptCaches (0ms)
		RebuildScriptCaches (0ms)
		SetupLoadedEditorAssemblies (1404ms)
			LogAssemblyErrors (0ms)
			InitializePlatformSupportModulesInManaged (14ms)
			SetLoadedEditorAssemblies (7ms)
			RefreshPlugins (0ms)
			BeforeProcessingInitializeOnLoad (159ms)
			ProcessInitializeOnLoadAttributes (1043ms)
			ProcessInitializeOnLoadMethodAttributes (166ms)
			AfterProcessingInitializeOnLoad (15ms)
			EditorAssembliesLoaded (1ms)
		ExecutionOrderSort2 (0ms)
		AwakeInstancesAfterBackupRestoration (20ms)
Refreshing native plugins compatible for Editor in 39.41 ms, found 10 plugins.
Preloading 0 native plugins for Editor in 0.00 ms.
Unloading 4969 Unused Serialized files (Serialized files now loaded: 0)
Unloading 68 unused Assets / (57.1 KB). Loaded Objects now: 5565.
Memory consumption went from 172.2 MB to 172.1 MB.
Total: 9.870200 ms (FindLiveObjects: 0.998700 ms CreateObjectMapping: 1.590500 ms MarkObjects: 7.074100 ms  DeleteObjects: 0.204600 ms)

Prepare: number of updated asset objects reloaded= 0
AssetImportParameters requested are different than current active one (requested -> active):
  custom:scripting/monoscript/fileName/DPadInteraction.cs: 93f85c8ba74c4199c8fc9b6e8c6fb8a6 -> 
  custom:scripting/monoscript/fileName/OpenXRFeatureSettingsEditor.cs: 46f7bc9b6667349416d592c92274a2cd -> 
  custom:container-demuxer-ogg: 62fdf1f143b41e24485cea50d1cbac27 -> 
  custom:scripting/monoscript/fileName/UWPCoreWindowBuildHooks.cs: 528ee0545204f8083d130ec04efc78bc -> 
  custom:scripting/monoscript/fileName/OpenXRLoaderBase.cs: 0b6a60b837fc38165e3eaf7aaf2bf3e3 -> 
  custom:scripting/monoscript/fileName/MetaQuestFeatureEditor.cs: fff340053bb2e94334d0d5989f2eb349 -> 
  custom:scripting/monoscript/fileName/XRDeviceSimulatorControllerUI.cs: 1fdda016482e80c4f698bd161ca6a92f -> 
  custom:scripting/monoscript/fileName/XRDeviceSimulatorUI.cs: 0ec50ce90bac5e819d9ddb292ac27c71 -> 
  custom:scripting/precompiled-assembly-types:Unity.XR.Management.Editor: 220852eb385ea4cc2eb66eb943d70995 -> 
  custom:scripting/monoscript/fileName/PalmPoseInteraction.cs: 6bd25b6029acb9127f25748cb0b6d2a8 -> 
  custom:scripting/precompiled-assembly-types:Unity.XR.OpenXR.Editor: b2a8f17f09055950b7f19e2845cbc5c2 -> 
  custom:scripting/monoscript/fileName/MetaQuestTouchPlusControllerProfile.cs: 4b9439e11567c27c85546e11bafeabe7 -> 
  custom:scripting/monoscript/fileName/XRPluginManagementProjectValidation.cs: 12841b9f0a8da6fb46dd05260375325e -> 
  custom:scripting/monoscript/fileName/OpenXRRuntime.cs: c3a00f9ce6a0283dcb391b83637adf44 -> 
  custom:video-decoder-ogg-theora: a1e56fd34408186e4bbccfd4996cb3dc -> 
  custom:scripting/monoscript/fileName/XRGeneralSettingsPerBuildTarget.cs: 6970e5bff368910038049eb1434facbf -> 
  custom:scripting/monoscript/fileName/MetaQuestTouchProControllerProfile.cs: 9fffae235d4c14901711127c7daeb86c -> 
  custom:scripting/monoscript/fileName/OpenXRConstants.cs: f878d042bd3999b796b9387b0c8a1032 -> 
  custom:scripting/monoscript/fileName/OpenXRFeatureUICommon.cs: 45f7a59cd9c5cd84e28e0f7a429879c2 -> 
  custom:scripting/precompiled-assembly-types:Unity.XR.OpenXR.Features.OculusQuestSupport.Editor: c62b8d05b94c435029ef9fc43d7261ca -> 
  custom:scripting/monoscript/fileName/XRLoaderInfo.cs: 86fa513bfc04d58509db292069910bf2 -> 
  custom:framework-win-MediaFoundation: 216162199b28c13a410421893ffa2e32 -> 
  custom:scripting/monoscript/fileName/OpenXRLoaderUI.cs: ebd8d704d5e26f054d43886c272cd005 -> 
  custom:scripting/monoscript/fileName/WaitForRestartFinish.cs: 0e76bf389cf347a5d8d6432ec661895f -> 
  custom:scripting/monoscript/fileName/OpenXRFeatureSettings.cs: 90647cc400823b41df847a6cbfc29026 -> 
  custom:scripting/monoscript/fileName/OpenXRBuildProcessor.cs: 48dc0e114f75799c0d74bafe70808189 -> 
  custom:scripting/monoscript/fileName/KHRSimpleControllerProfile.cs: bcdcb81587b2075f7af2f75706b9e69a -> 
  custom:scripting/monoscript/fileName/OpenXRFeatureInternal.cs: 90647cc400823b41df847a6cbfc29026 -> 
  custom:scripting/monoscript/fileName/OpenXRSpaceSettings.cs: 90647cc400823b41df847a6cbfc29026 -> 
  custom:scripting/monoscript/fileName/DPadInteractionCustomEditor.cs: d93785eeae2b4d41d39f603bd6f9849d -> 
  custom:scripting/precompiled-assembly-types:Unity.XR.OpenXR.Features.RuntimeDebugger.Editor: e1cc4b3ad1ade1a1503c3d79a1cfcaf0 -> 
  custom:scripting/monoscript/fileName/XRSettingsManager.cs: 701988ef3c16e84d3bc781477493ab34 -> 
  custom:scripting/monoscript/fileName/ConformanceAutomationFeature.cs: 97112e825fad9ed87f6a9c7acc231c0b -> 
  custom:scripting/monoscript/fileName/IXRLoaderPreInit.cs: 4dbca4fbe4a89e2a18943694f414e3a9 -> 
  custom:scripting/monoscript/fileName/XRGeneralBuildProcessor.cs: d52e14652f14fd6e56a66a859653fea9 -> 
  custom:scripting/monoscript/fileName/XRGeneralSettings.cs: 01e68fef49e5cbf622bb7b4ffc622d89 -> 
  custom:scripting/monoscript/fileName/XRManagerEditor.cs: 6847a9ea85cd2d801d895b625e9590ff -> 
  custom:scripting/monoscript/fileName/FeatureHelpers.cs: 0e8d07707daeed1da30b1605e903226b -> 
  custom:scripting/monoscript/fileName/DebuggerState.cs: 41070b7a08cc178a9ea51324cdaf5b81 -> 
  custom:scripting/monoscript/fileName/XRBuildProcessorHelper.cs: 90647cc400823b41df847a6cbfc29026 -> 
  custom:scripting/monoscript/fileName/TypeLoaderExtensions.cs: ee5d3b5e5d81c98c5d3594e8b9153df0 -> 
  custom:scripting/precompiled-assembly-types:Unity.XR.OpenXR.Features.OculusQuestSupport: d15f77eecb71f285045ab68c6a5ab3aa -> 
  custom:CustomObjectIndexerAttribute: 9a22284fe3817be447336de3de66b15e -> 
  custom:scripting/monoscript/fileName/OpenXRHmd.cs: 1624687aa096b40d58d149d9c6304cca -> 
  custom:scripting/precompiled-assembly-types:Unity.XR.OpenXR.Features.MetaQuestSupport.Editor: d29ebede884d38e464c8dad49331ddbf -> 
  custom:scripting/monoscript/fileName/XRConfigurationProvider.cs: fa91ddd62be7b4c45bfd03890af30249 -> 
  custom:scripting/monoscript/fileName/ManifestElement.cs: c30b57498d373b7476c4d7dfdaee189c -> 
  custom:scripting/monoscript/fileName/OpenXRMangementSettings.cs: 5a013b6c45b1e1d06085cb1496493b86 -> 
  custom:scripting/monoscript/fileName/XREditorWorkQueue.cs: 8e928039a032f154dc8a86537aaac69a -> 
  custom:scripting/monoscript/fileName/OculusTouchControllerProfile.cs: 03df51b5c781d1980f509408bae72bc8 -> 
  custom:scripting/precompiled-assembly-types:Unity.XR.Management: f5b1b59a8f17cb331d61fd7665721dab -> 
  custom:scripting/monoscript/fileName/ManifestRequirement.cs: d0237042ed94ccc3267a409cde8490a6 -> 
  custom:scripting/monoscript/fileName/OpenXRNativeTypes.cs: 11be60823314f621c1b0bb94bf4fe744 -> 
  custom:container-demuxer-webm: 4f35f7cbe854078d1ac9338744f61a02 -> 
  custom:scripting/monoscript/fileName/KnownFeatureSets.cs: 2cf391597f07a52473981e9cc2b41b67 -> 
  custom:scripting/precompiled-assembly-types:Unity.XR.OpenXR.Features.MockRuntime: e75d918d8106c27865ca5517b4bdd194 -> 
  custom:scripting/monoscript/fileName/PackageNotificationUtils.cs: e493f521fc1755dec19875ae28a4f621 -> 
  custom:scripting/monoscript/fileName/OpenXRProjectValidationRulesSetup.cs: 63c520149123eced22b6028c5ebd9d08 -> 
  custom:scripting/monoscript/fileName/XRPackageMetadataStore.cs: e06e5e9ffca9529e9db63900dd9caf32 -> 
  custom:scripting/monoscript/fileName/XRLoaderInfoManager.cs: 28efaa63edac30b89ccc35ca2bf149fa -> 
  custom:scripting/monoscript/fileName/XRConfigurationData.cs: 2cf07b13d54bfee2898ed6dc38612fbb -> 
  custom:scripting/monoscript/fileName/MicrosoftHandInteraction.cs: dac920740153b0163dda0f7e56920e40 -> 
  custom:scripting/monoscript/fileName/RuntimeDebuggerWindow.cs: 0bc1d5ee7ce2553d42d62861471f3c44 -> 
  custom:scripting/monoscript/fileName/PackageSettingsEditor.cs: 6212fddebb8f67c4da0f50592230839b -> 
  custom:scripting/monoscript/fileName/OpenXRFeature.cs: a84888103ea4406f238a41c42d12d002 -> 
  custom:scripting/monoscript/fileName/XRManagerSettings.cs: 39a1227fa3c478af29a735ec246b6baf -> 
  custom:scripting/monoscript/fileName/XRCustomLoaderUIManager.cs: 4be5a8f671a1d808dd1496961b79b86b -> 
  custom:container-muxer-webm: aa71ff27fc2769a1b78a27578f13a17b -> 
  custom:scripting/precompiled-assembly-types:Unity.XR.OpenXR: 6b540efea7d7bcf04b31853b4d2f54c0 -> 
  custom:scripting/monoscript/fileName/OpenXRLoader.cs: 2a03893d4aa4b960c2f49090b4b03a7b -> 
  custom:scripting/monoscript/fileName/ValveIndexControllerProfile.cs: f923b1771c835a70375d3505e818878d -> 
  custom:scripting/monoscript/fileName/OculusQuestFeatureEditor.cs: af70b82209b4cf6ce20a2da2892dfc5f -> 
  custom:video-decoder-webm-vp8: 9c59270c3fd7afecdb556c50c9e8de78 -> 
  custom:scripting/monoscript/fileName/OpenXRChooseRuntimeLibraries.cs: 3923c2f1337a35d737ad0192eb46b432 -> 
  custom:scripting/monoscript/fileName/OculusQuestFeature.cs: 041c3418dd65b8e99ca410c708996814 -> 
  custom:scripting/monoscript/fileName/OpenXRFeatureSetManager.cs: 4f340a53d115a7e1888d00ddc4cd614b -> 
  custom:scripting/monoscript/fileName/OpenXRColorSubmissonModeList.cs: 62c3c48199b3c893ece86757b75b0604 -> 
  custom:scripting/monoscript/fileName/OpenXRUtility.cs: af9b8bca68ffa2bc69f78ec0da9cf1fd -> 
  custom:SearchIndexIgnoredProperties: e643bd26f0fe6173181afceb89e7c659 -> 
  custom:scripting/monoscript/fileName/XRGeneralSettingsUpgrade.cs: cc8d2e81204b3fd0e662cd38ef4a2d49 -> 
  custom:AudioImporter_EditorPlatform: d09bf68614088b80899f8185d706f6e7 -> 
  custom:scripting/monoscript/fileName/MockRuntime.cs: 8e970d93da4762c7d57e9c9dd2b36dbb -> 
  custom:scripting/monoscript/fileName/OpenXRDevice.cs: 1b3be9b024fb29351711164fb0577202 -> 
  custom:scripting/monoscript/fileName/OpenXRUnityAPI.cs: 95d0f03221767acb8a4a43279af12154 -> 
  custom:scripting/monoscript/fileName/HTCViveControllerProfile.cs: 575b921c71649e99576a05f0add9cf5d -> 
  custom:scripting/monoscript/fileName/XRDeviceSimulatorHandsUI.cs: bca3963bba47bbf101fe9d7e7dd07836 -> 
  custom:scripting/monoscript/fileName/XRCustomLoaderUI.cs: a1b6225426bb5004db8b9d7388fe5771 -> 
  custom:scripting/monoscript/fileName/BootConfigBuilder.cs: a174d8870c7a69fabc7d42a75b0f23aa -> 
  custom:scripting/precompiled-assembly-types:Unity.XR.OpenXR.Features.RuntimeDebugger: 81fc02b8029ab9c0bce4eaa33a13e7d8 -> 
  custom:scripting/monoscript/fileName/OpenXRRenderSettings.cs: 90647cc400823b41df847a6cbfc29026 -> 
  custom:scripting/monoscript/fileName/EyeGazeInteraction.cs: dc1f12620c8656649cfc16f13969f5fa -> 
  custom:scripting/monoscript/fileName/OpenXRAnalytics.cs: 67d5de80ae8e3ee46bb1b4907783d54c -> 
  custom:scripting/monoscript/fileName/XRLoaderHelper.cs: ae85c4c4a11fcc1ed3393963333e400c -> 
  custom:scripting/monoscript/fileName/MicrosoftMotionControllerProfile.cs: 6dcaa2067404bed7771687f2f9dfa057 -> 
  custom:scripting/monoscript/fileName/XRLoader.cs: d82cec0b87bab7dffe74fb3651887ce3 -> 
  custom:scripting/monoscript/fileName/OpenXRRestarter.cs: c236f3f43c026f409512d203b81e6184 -> 
  custom:scripting/monoscript/fileName/OpenXRFeatureAttribute.cs: 99305d666df750d87e7264e3c7ae4f2a -> 
  custom:scripting/monoscript/fileName/XRSupportedBuildTargetAttribute.cs: f87a91ba911f6030453bea8d921b45d2 -> 
  custom:scripting/monoscript/fileName/OpenXRLoaderNoPreInit.cs: 8f7a064e1e0bb6e17b9f5d171fe53dfc -> 
  custom:scripting/monoscript/fileName/AndroidManifestProcessor.cs: d8dd4961c18e43fcd707eb950405363a -> 
  custom:scripting/precompiled-assembly-types:Unity.XR.OpenXR.Features.ConformanceAutomation: daaea684d78afe5278ff971b66e0fbf9 -> 
  custom:scripting/monoscript/fileName/HandCommonPosesInteraction.cs: c984aa78f460c3bf39ec56bc9a0a414a -> 
  custom:scripting/monoscript/fileName/OpenXRDiagnosticReport.cs: f43e8307d90025ed39c346ed63d1208d -> 
  custom:scripting/monoscript/fileName/RuntimeDebuggerOpenXRFeatureEditor.cs: 26a9be57964b520d3a47d8c20db877e9 -> 
  custom:scripting/monoscript/fileName/PoseControl.cs: 4ff0d325328ef40fb1693e34ac3358bf -> 26044499bf9bfd77ab38d92d33de1d80
  custom:scripting/monoscript/fileName/OpenXRFeatureBuildHooks.cs: da31756dd3c74e69bcd7ed1a1983ed53 -> 
  custom:scripting/monoscript/fileName/BuildHelpers.cs: 52ee9552b5cbbfe4eb60d480e36ffff5 -> 
  custom:scripting/monoscript/fileName/HPReverbG2ControllerProfile.cs: 6aadb5e22feaccfa77ef6db6c4d4541c -> 
  custom:scripting/monoscript/fileName/XRLoaderOrderUI.cs: 7bb0491ac9109774b097f2da80cd0c03 -> 
  custom:scripting/monoscript/fileName/AndroidManifestBuildEventReceiver.cs: 641c0bff5eb90d0569a809ea302132ee -> 
  custom:video-encoder-webm-vp8: eb34c28f22e8b96e1ab97ce403110664 -> 
  custom:scripting/monoscript/fileName/BootConfig.cs: b2c4d54615a39b14509e601dd0f329ff -> 
  custom:audio-decoder-ogg-vorbis: bf7c407c2cedff20999df2af8eb42d56 -> 
  custom:scripting/precompiled-assembly-types:Unity.XR.OpenXR.Features.MetaQuestSupport: d273bae1c8d7007d6b0fe4b360a89ef1 -> 
  custom:scripting/monoscript/fileName/IAndroidManifestRequirementProvider.cs: 42bf6f4b06629c812bd73f8ff461fec4 -> 
  custom:scripting/monoscript/fileName/XrPerformanceSettingsFeature.cs: d323744d9bc61085862cbc785e1f985c -> 
  custom:scripting/monoscript/fileName/OpenXRPackageSettings.cs: 4f4aaba453bf105fb1c3c3d64247142d -> 
  custom:scripting/monoscript/fileName/ModifyAndroidManifestMeta.cs: 3b920058e4dd8cbdb95cce4af271f981 -> 
  custom:scripting/monoscript/fileName/EditorUtilities.cs: 219d482e32bf0c01357e773617418955 -> 
  custom:scripting/monoscript/fileName/OpenXRFeatureSetAttribute.cs: 9e20f05fe0a3688af8836175869f0bb7 -> 
  custom:scripting/monoscript/fileName/XRPackageInitialization.cs: 1f095dd277a284b59543541a608de1da -> 
  custom:scripting/monoscript/fileName/FoveatedRenderingFeature.cs: 3cd591174f2fee5d1b0d6a1875383a9b -> 
  custom:scripting/monoscript/fileName/KnownPackages.cs: 8647f39ea28525d7cb72646ed790f6ec -> 
  custom:scripting/monoscript/fileName/HapticControl.cs: d7a5389cafde2a1337c58e2f0d91a837 -> 
  custom:scripting/monoscript/fileName/MetaQuestFeature.cs: b9c317336250afc5bb5fa2c2df269ea6 -> 
  custom:scripting/precompiled-assembly-types:Unity.XR.Interaction.Toolkit.Samples.DeviceSimulator: b1a8126a568547b099f25fc1d4f742a8 -> 
  custom:scripting/monoscript/fileName/XrPerformanceSettingsTypes.cs: 5bc9c5b4646eff91646254ce341c6683 -> 
  custom:scripting/monoscript/fileName/OpenXRRuntimeSelector.cs: 929d3ce28c815a19c6c335174420bf6b -> 
  custom:scripting/monoscript/fileName/OpenXRFeatureEditor.cs: 01dd3fecc4e9c7ce9fb6af5d0948ba2a -> 
  custom:scripting/monoscript/fileName/XRConstants.cs: 1558884a4b0ea94b4910dd640a0e6741 -> 
  custom:scripting/monoscript/fileName/BuildHelperUtils.cs: 619773c3d1b7f3f0ca7461f5c27242a8 -> 
  custom:scripting/monoscript/fileName/gameManager_sc.cs: 06c6a4dd38765e854ad12ef8e96c6c7b -> 
  custom:scripting/monoscript/fileName/HandInteractionProfile.cs: 9c7649bd495ee99cc73ddacbe0a8cd95 -> 
  custom:scripting/monoscript/fileName/XRManagementAnalytics.cs: 546181baf4c03dbbd57015a6731508f8 -> 
  custom:scripting/monoscript/fileName/ModifyAndroidManifestOculus.cs: 1d09740e7edd66fffc5895aae9e385d3 -> 
  custom:scripting/monoscript/fileName/XRPackage.cs: f2edbbf87f9b798abaf2a9f285d155f5 -> 
  custom:audio-encoder-webm-vorbis: bf7c407c2cedff20999df2af8eb42d56 -> 
  custom:scripting/monoscript/fileName/RuntimeDebuggerOpenXRFeature.cs: 8b269b64ad1c99e85d7f28185c15f7bb -> 
  custom:scripting/monoscript/fileName/MetaQuestFeatureBuildHooks.cs: 2ac755c66ffd4e4b7c22530386a7ba47 -> 
  custom:scripting/monoscript/fileName/AndroidManifestDocument.cs: 4c38ca7417a5355dfe2fd0b706ad71e8 -> 
  custom:scripting/monoscript/fileName/XRPackageInitializationSettings.cs: 2f743437d3b09c9a4a5a33e9be971b1a -> 
  custom:scripting/precompiled-assembly-types:Assembly-CSharp: aca8842ad724222ebe1d56dcf3375e2c -> 4f47e1615c5f2acb1872d32e2b45cd01
  custom:scripting/monoscript/fileName/XRPackageMetadata.cs: 16731333f575d8bc31df496aced36ebf -> 
  custom:scripting/monoscript/fileName/OpenXRInput.cs: b351db87f98ee399e568b78e0ed353e3 -> 
  custom:scripting/monoscript/fileName/OpenXRInteractionFeature.cs: a60484418ad6b497996467bb6f98db73 -> 
  custom:scripting/monoscript/fileName/OpenXRSettings.cs: f8ff4c7422697fc56884f260233aaf86 -> 
  custom:scripting/monoscript/fileName/OpenXREditorSettings.cs: 321e3a8126bc4b0248cbcecf63892f31 -> 
  custom:scripting/monoscript/fileName/OpenXRProjectValidation.cs: 181508e149a91a64c6dfdc447b97c322 -> 
========================================================================
Received Prepare
Caller must complete domain reload
Begin MonoManager ReloadAssembly
- Loaded All Assemblies, in  1.037 seconds
Native extension for WindowsStandalone target not found
Mono: successfully reloaded assembly
[Package Manager] Server::EnsureServerProcessIsRunning -- launch failed, reason: Unity was launched with the -noUpm command-line argument
[Package Manager] UpmClient::Send -- Unable to send message (not connected to UPM process).
[Package Manager] Cannot connect to Unity Package Manager local server
- Finished resetting the current domain, in  3.139 seconds
Domain Reload Profiling: 4168ms
	BeginReloadAssembly (305ms)
		ExecutionOrderSort (0ms)
		DisableScriptedObjects (14ms)
		BackupInstance (0ms)
		ReleaseScriptingObjects (0ms)
		CreateAndSetChildDomain (61ms)
	RebuildCommonClasses (70ms)
	RebuildNativeTypeToScriptingClass (25ms)
	initialDomainReloadingComplete (60ms)
	LoadAllAssembliesAndSetupDomain (568ms)
		LoadAssemblies (694ms)
		RebuildTransferFunctionScriptingTraits (0ms)
		AnalyzeDomain (43ms)
			TypeCache.Refresh (16ms)
				TypeCache.ScanAssembly (0ms)
			ScanForSourceGeneratedMonoScriptInfo (0ms)
			ResolveRequiredComponents (21ms)
	FinalizeReload (3141ms)
		ReleaseScriptCaches (0ms)
		RebuildScriptCaches (0ms)
		SetupLoadedEditorAssemblies (1512ms)
			LogAssemblyErrors (0ms)
			InitializePlatformSupportModulesInManaged (15ms)
			SetLoadedEditorAssemblies (11ms)
			RefreshPlugins (0ms)
			BeforeProcessingInitializeOnLoad (208ms)
			ProcessInitializeOnLoadAttributes (1130ms)
			ProcessInitializeOnLoadMethodAttributes (133ms)
			AfterProcessingInitializeOnLoad (14ms)
			EditorAssembliesLoaded (0ms)
		ExecutionOrderSort2 (0ms)
		AwakeInstancesAfterBackupRestoration (20ms)
Refreshing native plugins compatible for Editor in 39.94 ms, found 10 plugins.
Preloading 0 native plugins for Editor in 0.00 ms.
Unloading 4969 Unused Serialized files (Serialized files now loaded: 0)
Unloading 68 unused Assets / (57.2 KB). Loaded Objects now: 5569.
Memory consumption went from 172.1 MB to 172.1 MB.
Total: 9.537500 ms (FindLiveObjects: 0.805900 ms CreateObjectMapping: 0.401400 ms MarkObjects: 7.998900 ms  DeleteObjects: 0.328400 ms)

Prepare: number of updated asset objects reloaded= 0
AssetImportParameters requested are different than current active one (requested -> active):
  custom:scripting/monoscript/fileName/DPadInteraction.cs: 93f85c8ba74c4199c8fc9b6e8c6fb8a6 -> 
  custom:scripting/monoscript/fileName/OpenXRFeatureSettingsEditor.cs: 46f7bc9b6667349416d592c92274a2cd -> 
  custom:container-demuxer-ogg: 62fdf1f143b41e24485cea50d1cbac27 -> 
  custom:scripting/monoscript/fileName/UWPCoreWindowBuildHooks.cs: 528ee0545204f8083d130ec04efc78bc -> 
  custom:scripting/monoscript/fileName/OpenXRLoaderBase.cs: 0b6a60b837fc38165e3eaf7aaf2bf3e3 -> 
  custom:scripting/monoscript/fileName/MetaQuestFeatureEditor.cs: fff340053bb2e94334d0d5989f2eb349 -> 
  custom:scripting/monoscript/fileName/XRDeviceSimulatorControllerUI.cs: 1fdda016482e80c4f698bd161ca6a92f -> 
  custom:scripting/monoscript/fileName/XRDeviceSimulatorUI.cs: 0ec50ce90bac5e819d9ddb292ac27c71 -> 
  custom:scripting/precompiled-assembly-types:Unity.XR.Management.Editor: 220852eb385ea4cc2eb66eb943d70995 -> 
  custom:scripting/monoscript/fileName/PalmPoseInteraction.cs: 6bd25b6029acb9127f25748cb0b6d2a8 -> 
  custom:scripting/precompiled-assembly-types:Unity.XR.OpenXR.Editor: b2a8f17f09055950b7f19e2845cbc5c2 -> 
  custom:scripting/monoscript/fileName/MetaQuestTouchPlusControllerProfile.cs: 4b9439e11567c27c85546e11bafeabe7 -> 
  custom:scripting/monoscript/fileName/XRPluginManagementProjectValidation.cs: 12841b9f0a8da6fb46dd05260375325e -> 
  custom:scripting/monoscript/fileName/OpenXRRuntime.cs: c3a00f9ce6a0283dcb391b83637adf44 -> 
  custom:video-decoder-ogg-theora: a1e56fd34408186e4bbccfd4996cb3dc -> 
  custom:scripting/monoscript/fileName/XRGeneralSettingsPerBuildTarget.cs: 6970e5bff368910038049eb1434facbf -> 
  custom:scripting/monoscript/fileName/MetaQuestTouchProControllerProfile.cs: 9fffae235d4c14901711127c7daeb86c -> 
  custom:scripting/monoscript/fileName/OpenXRConstants.cs: f878d042bd3999b796b9387b0c8a1032 -> 
  custom:scripting/monoscript/fileName/OpenXRFeatureUICommon.cs: 45f7a59cd9c5cd84e28e0f7a429879c2 -> 
  custom:scripting/precompiled-assembly-types:Unity.XR.OpenXR.Features.OculusQuestSupport.Editor: c62b8d05b94c435029ef9fc43d7261ca -> 
  custom:scripting/monoscript/fileName/XRLoaderInfo.cs: 86fa513bfc04d58509db292069910bf2 -> 
  custom:framework-win-MediaFoundation: 216162199b28c13a410421893ffa2e32 -> 
  custom:scripting/monoscript/fileName/OpenXRLoaderUI.cs: ebd8d704d5e26f054d43886c272cd005 -> 
  custom:scripting/monoscript/fileName/WaitForRestartFinish.cs: 0e76bf389cf347a5d8d6432ec661895f -> 
  custom:scripting/monoscript/fileName/OpenXRFeatureSettings.cs: 90647cc400823b41df847a6cbfc29026 -> 
  custom:scripting/monoscript/fileName/OpenXRBuildProcessor.cs: 48dc0e114f75799c0d74bafe70808189 -> 
  custom:scripting/monoscript/fileName/KHRSimpleControllerProfile.cs: bcdcb81587b2075f7af2f75706b9e69a -> 
  custom:scripting/monoscript/fileName/OpenXRFeatureInternal.cs: 90647cc400823b41df847a6cbfc29026 -> 
  custom:scripting/monoscript/fileName/OpenXRSpaceSettings.cs: 90647cc400823b41df847a6cbfc29026 -> 
  custom:scripting/monoscript/fileName/DPadInteractionCustomEditor.cs: d93785eeae2b4d41d39f603bd6f9849d -> 
  custom:scripting/precompiled-assembly-types:Unity.XR.OpenXR.Features.RuntimeDebugger.Editor: e1cc4b3ad1ade1a1503c3d79a1cfcaf0 -> 
  custom:scripting/monoscript/fileName/XRSettingsManager.cs: 701988ef3c16e84d3bc781477493ab34 -> 
  custom:scripting/monoscript/fileName/ConformanceAutomationFeature.cs: 97112e825fad9ed87f6a9c7acc231c0b -> 
  custom:scripting/monoscript/fileName/IXRLoaderPreInit.cs: 4dbca4fbe4a89e2a18943694f414e3a9 -> 
  custom:scripting/monoscript/fileName/XRGeneralBuildProcessor.cs: d52e14652f14fd6e56a66a859653fea9 -> 
  custom:scripting/monoscript/fileName/XRGeneralSettings.cs: 01e68fef49e5cbf622bb7b4ffc622d89 -> 
  custom:scripting/monoscript/fileName/XRManagerEditor.cs: 6847a9ea85cd2d801d895b625e9590ff -> 
  custom:scripting/monoscript/fileName/FeatureHelpers.cs: 0e8d07707daeed1da30b1605e903226b -> 
  custom:scripting/monoscript/fileName/DebuggerState.cs: 41070b7a08cc178a9ea51324cdaf5b81 -> 
  custom:scripting/monoscript/fileName/XRBuildProcessorHelper.cs: 90647cc400823b41df847a6cbfc29026 -> 
  custom:scripting/monoscript/fileName/TypeLoaderExtensions.cs: ee5d3b5e5d81c98c5d3594e8b9153df0 -> 
  custom:scripting/precompiled-assembly-types:Unity.XR.OpenXR.Features.OculusQuestSupport: d15f77eecb71f285045ab68c6a5ab3aa -> 
  custom:CustomObjectIndexerAttribute: 9a22284fe3817be447336de3de66b15e -> 
  custom:scripting/monoscript/fileName/OpenXRHmd.cs: 1624687aa096b40d58d149d9c6304cca -> 
  custom:scripting/precompiled-assembly-types:Unity.XR.OpenXR.Features.MetaQuestSupport.Editor: d29ebede884d38e464c8dad49331ddbf -> 
  custom:scripting/monoscript/fileName/XRConfigurationProvider.cs: fa91ddd62be7b4c45bfd03890af30249 -> 
  custom:scripting/monoscript/fileName/ManifestElement.cs: c30b57498d373b7476c4d7dfdaee189c -> 
  custom:scripting/monoscript/fileName/OpenXRMangementSettings.cs: 5a013b6c45b1e1d06085cb1496493b86 -> 
  custom:scripting/monoscript/fileName/XREditorWorkQueue.cs: 8e928039a032f154dc8a86537aaac69a -> 
  custom:scripting/monoscript/fileName/OculusTouchControllerProfile.cs: 03df51b5c781d1980f509408bae72bc8 -> 
  custom:scripting/precompiled-assembly-types:Unity.XR.Management: f5b1b59a8f17cb331d61fd7665721dab -> 
  custom:scripting/monoscript/fileName/ManifestRequirement.cs: d0237042ed94ccc3267a409cde8490a6 -> 
  custom:scripting/monoscript/fileName/OpenXRNativeTypes.cs: 11be60823314f621c1b0bb94bf4fe744 -> 
  custom:container-demuxer-webm: 4f35f7cbe854078d1ac9338744f61a02 -> 
  custom:scripting/monoscript/fileName/KnownFeatureSets.cs: 2cf391597f07a52473981e9cc2b41b67 -> 
  custom:scripting/precompiled-assembly-types:Unity.XR.OpenXR.Features.MockRuntime: e75d918d8106c27865ca5517b4bdd194 -> 
  custom:scripting/monoscript/fileName/PackageNotificationUtils.cs: e493f521fc1755dec19875ae28a4f621 -> 
  custom:scripting/monoscript/fileName/OpenXRProjectValidationRulesSetup.cs: 63c520149123eced22b6028c5ebd9d08 -> 
  custom:scripting/monoscript/fileName/XRPackageMetadataStore.cs: e06e5e9ffca9529e9db63900dd9caf32 -> 
  custom:scripting/monoscript/fileName/XRLoaderInfoManager.cs: 28efaa63edac30b89ccc35ca2bf149fa -> 
  custom:scripting/monoscript/fileName/XRConfigurationData.cs: 2cf07b13d54bfee2898ed6dc38612fbb -> 
  custom:scripting/monoscript/fileName/MicrosoftHandInteraction.cs: dac920740153b0163dda0f7e56920e40 -> 
  custom:scripting/monoscript/fileName/RuntimeDebuggerWindow.cs: 0bc1d5ee7ce2553d42d62861471f3c44 -> 
  custom:scripting/monoscript/fileName/PackageSettingsEditor.cs: 6212fddebb8f67c4da0f50592230839b -> 
  custom:scripting/monoscript/fileName/OpenXRFeature.cs: a84888103ea4406f238a41c42d12d002 -> 
  custom:scripting/monoscript/fileName/XRManagerSettings.cs: 39a1227fa3c478af29a735ec246b6baf -> 
  custom:scripting/monoscript/fileName/XRCustomLoaderUIManager.cs: 4be5a8f671a1d808dd1496961b79b86b -> 
  custom:container-muxer-webm: aa71ff27fc2769a1b78a27578f13a17b -> 
  custom:scripting/precompiled-assembly-types:Unity.XR.OpenXR: 6b540efea7d7bcf04b31853b4d2f54c0 -> 
  custom:scripting/monoscript/fileName/OpenXRLoader.cs: 2a03893d4aa4b960c2f49090b4b03a7b -> 
  custom:scripting/monoscript/fileName/ValveIndexControllerProfile.cs: f923b1771c835a70375d3505e818878d -> 
  custom:scripting/monoscript/fileName/OculusQuestFeatureEditor.cs: af70b82209b4cf6ce20a2da2892dfc5f -> 
  custom:video-decoder-webm-vp8: 9c59270c3fd7afecdb556c50c9e8de78 -> 
  custom:scripting/monoscript/fileName/OpenXRChooseRuntimeLibraries.cs: 3923c2f1337a35d737ad0192eb46b432 -> 
  custom:scripting/monoscript/fileName/OculusQuestFeature.cs: 041c3418dd65b8e99ca410c708996814 -> 
  custom:scripting/monoscript/fileName/OpenXRFeatureSetManager.cs: 4f340a53d115a7e1888d00ddc4cd614b -> 
  custom:scripting/monoscript/fileName/OpenXRColorSubmissonModeList.cs: 62c3c48199b3c893ece86757b75b0604 -> 
  custom:scripting/monoscript/fileName/OpenXRUtility.cs: af9b8bca68ffa2bc69f78ec0da9cf1fd -> 
  custom:SearchIndexIgnoredProperties: e643bd26f0fe6173181afceb89e7c659 -> 
  custom:scripting/monoscript/fileName/XRGeneralSettingsUpgrade.cs: cc8d2e81204b3fd0e662cd38ef4a2d49 -> 
  custom:AudioImporter_EditorPlatform: d09bf68614088b80899f8185d706f6e7 -> 
  custom:scripting/monoscript/fileName/MockRuntime.cs: 8e970d93da4762c7d57e9c9dd2b36dbb -> 
  custom:scripting/monoscript/fileName/OpenXRDevice.cs: 1b3be9b024fb29351711164fb0577202 -> 
  custom:scripting/monoscript/fileName/OpenXRUnityAPI.cs: 95d0f03221767acb8a4a43279af12154 -> 
  custom:scripting/monoscript/fileName/HTCViveControllerProfile.cs: 575b921c71649e99576a05f0add9cf5d -> 
  custom:scripting/monoscript/fileName/XRDeviceSimulatorHandsUI.cs: bca3963bba47bbf101fe9d7e7dd07836 -> 
  custom:scripting/monoscript/fileName/XRCustomLoaderUI.cs: a1b6225426bb5004db8b9d7388fe5771 -> 
  custom:scripting/monoscript/fileName/BootConfigBuilder.cs: a174d8870c7a69fabc7d42a75b0f23aa -> 
  custom:scripting/precompiled-assembly-types:Unity.XR.OpenXR.Features.RuntimeDebugger: 81fc02b8029ab9c0bce4eaa33a13e7d8 -> 
  custom:scripting/monoscript/fileName/OpenXRRenderSettings.cs: 90647cc400823b41df847a6cbfc29026 -> 
  custom:scripting/monoscript/fileName/EyeGazeInteraction.cs: dc1f12620c8656649cfc16f13969f5fa -> 
  custom:scripting/monoscript/fileName/OpenXRAnalytics.cs: 67d5de80ae8e3ee46bb1b4907783d54c -> 
  custom:scripting/monoscript/fileName/XRLoaderHelper.cs: ae85c4c4a11fcc1ed3393963333e400c -> 
  custom:scripting/monoscript/fileName/MicrosoftMotionControllerProfile.cs: 6dcaa2067404bed7771687f2f9dfa057 -> 
  custom:scripting/monoscript/fileName/XRLoader.cs: d82cec0b87bab7dffe74fb3651887ce3 -> 
  custom:scripting/monoscript/fileName/OpenXRRestarter.cs: c236f3f43c026f409512d203b81e6184 -> 
  custom:scripting/monoscript/fileName/OpenXRFeatureAttribute.cs: 99305d666df750d87e7264e3c7ae4f2a -> 
  custom:scripting/monoscript/fileName/XRSupportedBuildTargetAttribute.cs: f87a91ba911f6030453bea8d921b45d2 -> 
  custom:scripting/monoscript/fileName/OpenXRLoaderNoPreInit.cs: 8f7a064e1e0bb6e17b9f5d171fe53dfc -> 
  custom:scripting/monoscript/fileName/AndroidManifestProcessor.cs: d8dd4961c18e43fcd707eb950405363a -> 
  custom:scripting/precompiled-assembly-types:Unity.XR.OpenXR.Features.ConformanceAutomation: daaea684d78afe5278ff971b66e0fbf9 -> 
  custom:scripting/monoscript/fileName/HandCommonPosesInteraction.cs: c984aa78f460c3bf39ec56bc9a0a414a -> 
  custom:scripting/monoscript/fileName/OpenXRDiagnosticReport.cs: f43e8307d90025ed39c346ed63d1208d -> 
  custom:scripting/monoscript/fileName/RuntimeDebuggerOpenXRFeatureEditor.cs: 26a9be57964b520d3a47d8c20db877e9 -> 
  custom:scripting/monoscript/fileName/PoseControl.cs: 4ff0d325328ef40fb1693e34ac3358bf -> 26044499bf9bfd77ab38d92d33de1d80
  custom:scripting/monoscript/fileName/OpenXRFeatureBuildHooks.cs: da31756dd3c74e69bcd7ed1a1983ed53 -> 
  custom:scripting/monoscript/fileName/BuildHelpers.cs: 52ee9552b5cbbfe4eb60d480e36ffff5 -> 
  custom:scripting/monoscript/fileName/HPReverbG2ControllerProfile.cs: 6aadb5e22feaccfa77ef6db6c4d4541c -> 
  custom:scripting/monoscript/fileName/XRLoaderOrderUI.cs: 7bb0491ac9109774b097f2da80cd0c03 -> 
  custom:scripting/monoscript/fileName/AndroidManifestBuildEventReceiver.cs: 641c0bff5eb90d0569a809ea302132ee -> 
  custom:video-encoder-webm-vp8: eb34c28f22e8b96e1ab97ce403110664 -> 
  custom:scripting/monoscript/fileName/BootConfig.cs: b2c4d54615a39b14509e601dd0f329ff -> 
  custom:audio-decoder-ogg-vorbis: bf7c407c2cedff20999df2af8eb42d56 -> 
  custom:scripting/precompiled-assembly-types:Unity.XR.OpenXR.Features.MetaQuestSupport: d273bae1c8d7007d6b0fe4b360a89ef1 -> 
  custom:scripting/monoscript/fileName/IAndroidManifestRequirementProvider.cs: 42bf6f4b06629c812bd73f8ff461fec4 -> 
  custom:scripting/monoscript/fileName/XrPerformanceSettingsFeature.cs: d323744d9bc61085862cbc785e1f985c -> 
  custom:scripting/monoscript/fileName/OpenXRPackageSettings.cs: 4f4aaba453bf105fb1c3c3d64247142d -> 
  custom:scripting/monoscript/fileName/ModifyAndroidManifestMeta.cs: 3b920058e4dd8cbdb95cce4af271f981 -> 
  custom:scripting/monoscript/fileName/EditorUtilities.cs: 219d482e32bf0c01357e773617418955 -> 
  custom:scripting/monoscript/fileName/OpenXRFeatureSetAttribute.cs: 9e20f05fe0a3688af8836175869f0bb7 -> 
  custom:scripting/monoscript/fileName/XRPackageInitialization.cs: 1f095dd277a284b59543541a608de1da -> 
  custom:scripting/monoscript/fileName/FoveatedRenderingFeature.cs: 3cd591174f2fee5d1b0d6a1875383a9b -> 
  custom:scripting/monoscript/fileName/KnownPackages.cs: 8647f39ea28525d7cb72646ed790f6ec -> 
  custom:scripting/monoscript/fileName/HapticControl.cs: d7a5389cafde2a1337c58e2f0d91a837 -> 
  custom:scripting/monoscript/fileName/MetaQuestFeature.cs: b9c317336250afc5bb5fa2c2df269ea6 -> 
  custom:scripting/precompiled-assembly-types:Unity.XR.Interaction.Toolkit.Samples.DeviceSimulator: b1a8126a568547b099f25fc1d4f742a8 -> 
  custom:scripting/monoscript/fileName/XrPerformanceSettingsTypes.cs: 5bc9c5b4646eff91646254ce341c6683 -> 
  custom:scripting/monoscript/fileName/OpenXRRuntimeSelector.cs: 929d3ce28c815a19c6c335174420bf6b -> 
  custom:scripting/monoscript/fileName/OpenXRFeatureEditor.cs: 01dd3fecc4e9c7ce9fb6af5d0948ba2a -> 
  custom:scripting/monoscript/fileName/XRConstants.cs: 1558884a4b0ea94b4910dd640a0e6741 -> 
  custom:scripting/monoscript/fileName/BuildHelperUtils.cs: 619773c3d1b7f3f0ca7461f5c27242a8 -> 
  custom:scripting/monoscript/fileName/gameManager_sc.cs: 06c6a4dd38765e854ad12ef8e96c6c7b -> 
  custom:scripting/monoscript/fileName/HandInteractionProfile.cs: 9c7649bd495ee99cc73ddacbe0a8cd95 -> 
  custom:scripting/monoscript/fileName/XRManagementAnalytics.cs: 546181baf4c03dbbd57015a6731508f8 -> 
  custom:scripting/monoscript/fileName/ModifyAndroidManifestOculus.cs: 1d09740e7edd66fffc5895aae9e385d3 -> 
  custom:scripting/monoscript/fileName/XRPackage.cs: f2edbbf87f9b798abaf2a9f285d155f5 -> 
  custom:audio-encoder-webm-vorbis: bf7c407c2cedff20999df2af8eb42d56 -> 
  custom:scripting/monoscript/fileName/RuntimeDebuggerOpenXRFeature.cs: 8b269b64ad1c99e85d7f28185c15f7bb -> 
  custom:scripting/monoscript/fileName/MetaQuestFeatureBuildHooks.cs: 2ac755c66ffd4e4b7c22530386a7ba47 -> 
  custom:scripting/monoscript/fileName/AndroidManifestDocument.cs: 4c38ca7417a5355dfe2fd0b706ad71e8 -> 
  custom:scripting/monoscript/fileName/XRPackageInitializationSettings.cs: 2f743437d3b09c9a4a5a33e9be971b1a -> 
  custom:scripting/precompiled-assembly-types:Assembly-CSharp: aca8842ad724222ebe1d56dcf3375e2c -> 4f47e1615c5f2acb1872d32e2b45cd01
  custom:scripting/monoscript/fileName/XRPackageMetadata.cs: 16731333f575d8bc31df496aced36ebf -> 
  custom:scripting/monoscript/fileName/OpenXRInput.cs: b351db87f98ee399e568b78e0ed353e3 -> 
  custom:scripting/monoscript/fileName/OpenXRInteractionFeature.cs: a60484418ad6b497996467bb6f98db73 -> 
  custom:scripting/monoscript/fileName/OpenXRSettings.cs: f8ff4c7422697fc56884f260233aaf86 -> 
  custom:scripting/monoscript/fileName/OpenXREditorSettings.cs: 321e3a8126bc4b0248cbcecf63892f31 -> 
  custom:scripting/monoscript/fileName/OpenXRProjectValidation.cs: 181508e149a91a64c6dfdc447b97c322 -> 
========================================================================
Received Prepare
Caller must complete domain reload
Begin MonoManager ReloadAssembly
- Loaded All Assemblies, in  1.103 seconds
Native extension for WindowsStandalone target not found
Mono: successfully reloaded assembly
[Package Manager] Server::EnsureServerProcessIsRunning -- launch failed, reason: Unity was launched with the -noUpm command-line argument
[Package Manager] UpmClient::Send -- Unable to send message (not connected to UPM process).
[Package Manager] Cannot connect to Unity Package Manager local server
- Finished resetting the current domain, in  2.953 seconds
Domain Reload Profiling: 4051ms
	BeginReloadAssembly (324ms)
		ExecutionOrderSort (0ms)
		DisableScriptedObjects (9ms)
		BackupInstance (0ms)
		ReleaseScriptingObjects (0ms)
		CreateAndSetChildDomain (58ms)
	RebuildCommonClasses (111ms)
	RebuildNativeTypeToScriptingClass (28ms)
	initialDomainReloadingComplete (81ms)
	LoadAllAssembliesAndSetupDomain (550ms)
		LoadAssemblies (701ms)
		RebuildTransferFunctionScriptingTraits (0ms)
		AnalyzeDomain (40ms)
			TypeCache.Refresh (14ms)
				TypeCache.ScanAssembly (0ms)
			ScanForSourceGeneratedMonoScriptInfo (0ms)
			ResolveRequiredComponents (20ms)
	FinalizeReload (2955ms)
		ReleaseScriptCaches (0ms)
		RebuildScriptCaches (0ms)
		SetupLoadedEditorAssemblies (1395ms)
			LogAssemblyErrors (0ms)
			InitializePlatformSupportModulesInManaged (17ms)
			SetLoadedEditorAssemblies (8ms)
			RefreshPlugins (0ms)
			BeforeProcessingInitializeOnLoad (200ms)
			ProcessInitializeOnLoadAttributes (1018ms)
			ProcessInitializeOnLoadMethodAttributes (137ms)
			AfterProcessingInitializeOnLoad (14ms)
			EditorAssembliesLoaded (0ms)
		ExecutionOrderSort2 (0ms)
		AwakeInstancesAfterBackupRestoration (17ms)
Refreshing native plugins compatible for Editor in 41.11 ms, found 10 plugins.
Preloading 0 native plugins for Editor in 0.00 ms.
Unloading 4969 Unused Serialized files (Serialized files now loaded: 0)
Unloading 68 unused Assets / (57.2 KB). Loaded Objects now: 5573.
Memory consumption went from 172.2 MB to 172.2 MB.
Total: 10.100400 ms (FindLiveObjects: 1.504900 ms CreateObjectMapping: 0.811700 ms MarkObjects: 7.366400 ms  DeleteObjects: 0.412800 ms)

Prepare: number of updated asset objects reloaded= 0
AssetImportParameters requested are different than current active one (requested -> active):
  custom:scripting/monoscript/fileName/DPadInteraction.cs: 93f85c8ba74c4199c8fc9b6e8c6fb8a6 -> 
  custom:scripting/monoscript/fileName/OpenXRFeatureSettingsEditor.cs: 46f7bc9b6667349416d592c92274a2cd -> 
  custom:container-demuxer-ogg: 62fdf1f143b41e24485cea50d1cbac27 -> 
  custom:scripting/monoscript/fileName/UWPCoreWindowBuildHooks.cs: 528ee0545204f8083d130ec04efc78bc -> 
  custom:scripting/monoscript/fileName/OpenXRLoaderBase.cs: 0b6a60b837fc38165e3eaf7aaf2bf3e3 -> 
  custom:scripting/monoscript/fileName/MetaQuestFeatureEditor.cs: fff340053bb2e94334d0d5989f2eb349 -> 
  custom:scripting/monoscript/fileName/XRDeviceSimulatorControllerUI.cs: 1fdda016482e80c4f698bd161ca6a92f -> 
  custom:scripting/monoscript/fileName/XRDeviceSimulatorUI.cs: 0ec50ce90bac5e819d9ddb292ac27c71 -> 
  custom:scripting/precompiled-assembly-types:Unity.XR.Management.Editor: 220852eb385ea4cc2eb66eb943d70995 -> 
  custom:scripting/monoscript/fileName/PalmPoseInteraction.cs: 6bd25b6029acb9127f25748cb0b6d2a8 -> 
  custom:scripting/precompiled-assembly-types:Unity.XR.OpenXR.Editor: b2a8f17f09055950b7f19e2845cbc5c2 -> 
  custom:scripting/monoscript/fileName/MetaQuestTouchPlusControllerProfile.cs: 4b9439e11567c27c85546e11bafeabe7 -> 
  custom:scripting/monoscript/fileName/XRPluginManagementProjectValidation.cs: 12841b9f0a8da6fb46dd05260375325e -> 
  custom:scripting/monoscript/fileName/OpenXRRuntime.cs: c3a00f9ce6a0283dcb391b83637adf44 -> 
  custom:video-decoder-ogg-theora: a1e56fd34408186e4bbccfd4996cb3dc -> 
  custom:scripting/monoscript/fileName/XRGeneralSettingsPerBuildTarget.cs: 6970e5bff368910038049eb1434facbf -> 
  custom:scripting/monoscript/fileName/MetaQuestTouchProControllerProfile.cs: 9fffae235d4c14901711127c7daeb86c -> 
  custom:scripting/monoscript/fileName/OpenXRConstants.cs: f878d042bd3999b796b9387b0c8a1032 -> 
  custom:scripting/monoscript/fileName/OpenXRFeatureUICommon.cs: 45f7a59cd9c5cd84e28e0f7a429879c2 -> 
  custom:scripting/precompiled-assembly-types:Unity.XR.OpenXR.Features.OculusQuestSupport.Editor: c62b8d05b94c435029ef9fc43d7261ca -> 
  custom:scripting/monoscript/fileName/XRLoaderInfo.cs: 86fa513bfc04d58509db292069910bf2 -> 
  custom:framework-win-MediaFoundation: 216162199b28c13a410421893ffa2e32 -> 
  custom:scripting/monoscript/fileName/OpenXRLoaderUI.cs: ebd8d704d5e26f054d43886c272cd005 -> 
  custom:scripting/monoscript/fileName/WaitForRestartFinish.cs: 0e76bf389cf347a5d8d6432ec661895f -> 
  custom:scripting/monoscript/fileName/OpenXRFeatureSettings.cs: 90647cc400823b41df847a6cbfc29026 -> 
  custom:scripting/monoscript/fileName/OpenXRBuildProcessor.cs: 48dc0e114f75799c0d74bafe70808189 -> 
  custom:scripting/monoscript/fileName/KHRSimpleControllerProfile.cs: bcdcb81587b2075f7af2f75706b9e69a -> 
  custom:scripting/monoscript/fileName/OpenXRFeatureInternal.cs: 90647cc400823b41df847a6cbfc29026 -> 
  custom:scripting/monoscript/fileName/OpenXRSpaceSettings.cs: 90647cc400823b41df847a6cbfc29026 -> 
  custom:scripting/monoscript/fileName/DPadInteractionCustomEditor.cs: d93785eeae2b4d41d39f603bd6f9849d -> 
  custom:scripting/precompiled-assembly-types:Unity.XR.OpenXR.Features.RuntimeDebugger.Editor: e1cc4b3ad1ade1a1503c3d79a1cfcaf0 -> 
  custom:scripting/monoscript/fileName/XRSettingsManager.cs: 701988ef3c16e84d3bc781477493ab34 -> 
  custom:scripting/monoscript/fileName/ConformanceAutomationFeature.cs: 97112e825fad9ed87f6a9c7acc231c0b -> 
  custom:scripting/monoscript/fileName/IXRLoaderPreInit.cs: 4dbca4fbe4a89e2a18943694f414e3a9 -> 
  custom:scripting/monoscript/fileName/XRGeneralBuildProcessor.cs: d52e14652f14fd6e56a66a859653fea9 -> 
  custom:scripting/monoscript/fileName/XRGeneralSettings.cs: 01e68fef49e5cbf622bb7b4ffc622d89 -> 
  custom:scripting/monoscript/fileName/XRManagerEditor.cs: 6847a9ea85cd2d801d895b625e9590ff -> 
  custom:scripting/monoscript/fileName/FeatureHelpers.cs: 0e8d07707daeed1da30b1605e903226b -> 
  custom:scripting/monoscript/fileName/DebuggerState.cs: 41070b7a08cc178a9ea51324cdaf5b81 -> 
  custom:scripting/monoscript/fileName/XRBuildProcessorHelper.cs: 90647cc400823b41df847a6cbfc29026 -> 
  custom:scripting/monoscript/fileName/TypeLoaderExtensions.cs: ee5d3b5e5d81c98c5d3594e8b9153df0 -> 
  custom:scripting/precompiled-assembly-types:Unity.XR.OpenXR.Features.OculusQuestSupport: d15f77eecb71f285045ab68c6a5ab3aa -> 
  custom:CustomObjectIndexerAttribute: 9a22284fe3817be447336de3de66b15e -> 
  custom:scripting/monoscript/fileName/OpenXRHmd.cs: 1624687aa096b40d58d149d9c6304cca -> 
  custom:scripting/precompiled-assembly-types:Unity.XR.OpenXR.Features.MetaQuestSupport.Editor: d29ebede884d38e464c8dad49331ddbf -> 
  custom:scripting/monoscript/fileName/XRConfigurationProvider.cs: fa91ddd62be7b4c45bfd03890af30249 -> 
  custom:scripting/monoscript/fileName/ManifestElement.cs: c30b57498d373b7476c4d7dfdaee189c -> 
  custom:scripting/monoscript/fileName/OpenXRMangementSettings.cs: 5a013b6c45b1e1d06085cb1496493b86 -> 
  custom:scripting/monoscript/fileName/XREditorWorkQueue.cs: 8e928039a032f154dc8a86537aaac69a -> 
  custom:scripting/monoscript/fileName/OculusTouchControllerProfile.cs: 03df51b5c781d1980f509408bae72bc8 -> 
  custom:scripting/precompiled-assembly-types:Unity.XR.Management: f5b1b59a8f17cb331d61fd7665721dab -> 
  custom:scripting/monoscript/fileName/ManifestRequirement.cs: d0237042ed94ccc3267a409cde8490a6 -> 
  custom:scripting/monoscript/fileName/OpenXRNativeTypes.cs: 11be60823314f621c1b0bb94bf4fe744 -> 
  custom:container-demuxer-webm: 4f35f7cbe854078d1ac9338744f61a02 -> 
  custom:scripting/monoscript/fileName/KnownFeatureSets.cs: 2cf391597f07a52473981e9cc2b41b67 -> 
  custom:scripting/precompiled-assembly-types:Unity.XR.OpenXR.Features.MockRuntime: e75d918d8106c27865ca5517b4bdd194 -> 
  custom:scripting/monoscript/fileName/PackageNotificationUtils.cs: e493f521fc1755dec19875ae28a4f621 -> 
  custom:scripting/monoscript/fileName/OpenXRProjectValidationRulesSetup.cs: 63c520149123eced22b6028c5ebd9d08 -> 
  custom:scripting/monoscript/fileName/XRPackageMetadataStore.cs: e06e5e9ffca9529e9db63900dd9caf32 -> 
  custom:scripting/monoscript/fileName/XRLoaderInfoManager.cs: 28efaa63edac30b89ccc35ca2bf149fa -> 
  custom:scripting/monoscript/fileName/XRConfigurationData.cs: 2cf07b13d54bfee2898ed6dc38612fbb -> 
  custom:scripting/monoscript/fileName/MicrosoftHandInteraction.cs: dac920740153b0163dda0f7e56920e40 -> 
  custom:scripting/monoscript/fileName/RuntimeDebuggerWindow.cs: 0bc1d5ee7ce2553d42d62861471f3c44 -> 
  custom:scripting/monoscript/fileName/PackageSettingsEditor.cs: 6212fddebb8f67c4da0f50592230839b -> 
  custom:scripting/monoscript/fileName/OpenXRFeature.cs: a84888103ea4406f238a41c42d12d002 -> 
  custom:scripting/monoscript/fileName/XRManagerSettings.cs: 39a1227fa3c478af29a735ec246b6baf -> 
  custom:scripting/monoscript/fileName/XRCustomLoaderUIManager.cs: 4be5a8f671a1d808dd1496961b79b86b -> 
  custom:container-muxer-webm: aa71ff27fc2769a1b78a27578f13a17b -> 
  custom:scripting/precompiled-assembly-types:Unity.XR.OpenXR: 6b540efea7d7bcf04b31853b4d2f54c0 -> 
  custom:scripting/monoscript/fileName/OpenXRLoader.cs: 2a03893d4aa4b960c2f49090b4b03a7b -> 
  custom:scripting/monoscript/fileName/ValveIndexControllerProfile.cs: f923b1771c835a70375d3505e818878d -> 
  custom:scripting/monoscript/fileName/OculusQuestFeatureEditor.cs: af70b82209b4cf6ce20a2da2892dfc5f -> 
  custom:video-decoder-webm-vp8: 9c59270c3fd7afecdb556c50c9e8de78 -> 
  custom:scripting/monoscript/fileName/OpenXRChooseRuntimeLibraries.cs: 3923c2f1337a35d737ad0192eb46b432 -> 
  custom:scripting/monoscript/fileName/OculusQuestFeature.cs: 041c3418dd65b8e99ca410c708996814 -> 
  custom:scripting/monoscript/fileName/OpenXRFeatureSetManager.cs: 4f340a53d115a7e1888d00ddc4cd614b -> 
  custom:scripting/monoscript/fileName/OpenXRColorSubmissonModeList.cs: 62c3c48199b3c893ece86757b75b0604 -> 
  custom:scripting/monoscript/fileName/OpenXRUtility.cs: af9b8bca68ffa2bc69f78ec0da9cf1fd -> 
  custom:SearchIndexIgnoredProperties: e643bd26f0fe6173181afceb89e7c659 -> 
  custom:scripting/monoscript/fileName/XRGeneralSettingsUpgrade.cs: cc8d2e81204b3fd0e662cd38ef4a2d49 -> 
  custom:AudioImporter_EditorPlatform: d09bf68614088b80899f8185d706f6e7 -> 
  custom:scripting/monoscript/fileName/MockRuntime.cs: 8e970d93da4762c7d57e9c9dd2b36dbb -> 
  custom:scripting/monoscript/fileName/OpenXRDevice.cs: 1b3be9b024fb29351711164fb0577202 -> 
  custom:scripting/monoscript/fileName/OpenXRUnityAPI.cs: 95d0f03221767acb8a4a43279af12154 -> 
  custom:scripting/monoscript/fileName/HTCViveControllerProfile.cs: 575b921c71649e99576a05f0add9cf5d -> 
  custom:scripting/monoscript/fileName/XRDeviceSimulatorHandsUI.cs: bca3963bba47bbf101fe9d7e7dd07836 -> 
  custom:scripting/monoscript/fileName/XRCustomLoaderUI.cs: a1b6225426bb5004db8b9d7388fe5771 -> 
  custom:scripting/monoscript/fileName/BootConfigBuilder.cs: a174d8870c7a69fabc7d42a75b0f23aa -> 
  custom:scripting/precompiled-assembly-types:Unity.XR.OpenXR.Features.RuntimeDebugger: 81fc02b8029ab9c0bce4eaa33a13e7d8 -> 
  custom:scripting/monoscript/fileName/OpenXRRenderSettings.cs: 90647cc400823b41df847a6cbfc29026 -> 
  custom:scripting/monoscript/fileName/EyeGazeInteraction.cs: dc1f12620c8656649cfc16f13969f5fa -> 
  custom:scripting/monoscript/fileName/OpenXRAnalytics.cs: 67d5de80ae8e3ee46bb1b4907783d54c -> 
  custom:scripting/monoscript/fileName/XRLoaderHelper.cs: ae85c4c4a11fcc1ed3393963333e400c -> 
  custom:scripting/monoscript/fileName/MicrosoftMotionControllerProfile.cs: 6dcaa2067404bed7771687f2f9dfa057 -> 
  custom:scripting/monoscript/fileName/XRLoader.cs: d82cec0b87bab7dffe74fb3651887ce3 -> 
  custom:scripting/monoscript/fileName/OpenXRRestarter.cs: c236f3f43c026f409512d203b81e6184 -> 
  custom:scripting/monoscript/fileName/OpenXRFeatureAttribute.cs: 99305d666df750d87e7264e3c7ae4f2a -> 
  custom:scripting/monoscript/fileName/XRSupportedBuildTargetAttribute.cs: f87a91ba911f6030453bea8d921b45d2 -> 
  custom:scripting/monoscript/fileName/OpenXRLoaderNoPreInit.cs: 8f7a064e1e0bb6e17b9f5d171fe53dfc -> 
  custom:scripting/monoscript/fileName/AndroidManifestProcessor.cs: d8dd4961c18e43fcd707eb950405363a -> 
  custom:scripting/precompiled-assembly-types:Unity.XR.OpenXR.Features.ConformanceAutomation: daaea684d78afe5278ff971b66e0fbf9 -> 
  custom:scripting/monoscript/fileName/HandCommonPosesInteraction.cs: c984aa78f460c3bf39ec56bc9a0a414a -> 
  custom:scripting/monoscript/fileName/OpenXRDiagnosticReport.cs: f43e8307d90025ed39c346ed63d1208d -> 
  custom:scripting/monoscript/fileName/RuntimeDebuggerOpenXRFeatureEditor.cs: 26a9be57964b520d3a47d8c20db877e9 -> 
  custom:scripting/monoscript/fileName/PoseControl.cs: 4ff0d325328ef40fb1693e34ac3358bf -> 26044499bf9bfd77ab38d92d33de1d80
  custom:scripting/monoscript/fileName/OpenXRFeatureBuildHooks.cs: da31756dd3c74e69bcd7ed1a1983ed53 -> 
  custom:scripting/monoscript/fileName/BuildHelpers.cs: 52ee9552b5cbbfe4eb60d480e36ffff5 -> 
  custom:scripting/monoscript/fileName/HPReverbG2ControllerProfile.cs: 6aadb5e22feaccfa77ef6db6c4d4541c -> 
  custom:scripting/monoscript/fileName/XRLoaderOrderUI.cs: 7bb0491ac9109774b097f2da80cd0c03 -> 
  custom:scripting/monoscript/fileName/AndroidManifestBuildEventReceiver.cs: 641c0bff5eb90d0569a809ea302132ee -> 
  custom:video-encoder-webm-vp8: eb34c28f22e8b96e1ab97ce403110664 -> 
  custom:scripting/monoscript/fileName/BootConfig.cs: b2c4d54615a39b14509e601dd0f329ff -> 
  custom:audio-decoder-ogg-vorbis: bf7c407c2cedff20999df2af8eb42d56 -> 
  custom:scripting/precompiled-assembly-types:Unity.XR.OpenXR.Features.MetaQuestSupport: d273bae1c8d7007d6b0fe4b360a89ef1 -> 
  custom:scripting/monoscript/fileName/IAndroidManifestRequirementProvider.cs: 42bf6f4b06629c812bd73f8ff461fec4 -> 
  custom:scripting/monoscript/fileName/XrPerformanceSettingsFeature.cs: d323744d9bc61085862cbc785e1f985c -> 
  custom:scripting/monoscript/fileName/OpenXRPackageSettings.cs: 4f4aaba453bf105fb1c3c3d64247142d -> 
  custom:scripting/monoscript/fileName/ModifyAndroidManifestMeta.cs: 3b920058e4dd8cbdb95cce4af271f981 -> 
  custom:scripting/monoscript/fileName/EditorUtilities.cs: 219d482e32bf0c01357e773617418955 -> 
  custom:scripting/monoscript/fileName/OpenXRFeatureSetAttribute.cs: 9e20f05fe0a3688af8836175869f0bb7 -> 
  custom:scripting/monoscript/fileName/XRPackageInitialization.cs: 1f095dd277a284b59543541a608de1da -> 
  custom:scripting/monoscript/fileName/FoveatedRenderingFeature.cs: 3cd591174f2fee5d1b0d6a1875383a9b -> 
  custom:scripting/monoscript/fileName/KnownPackages.cs: 8647f39ea28525d7cb72646ed790f6ec -> 
  custom:scripting/monoscript/fileName/HapticControl.cs: d7a5389cafde2a1337c58e2f0d91a837 -> 
  custom:scripting/monoscript/fileName/MetaQuestFeature.cs: b9c317336250afc5bb5fa2c2df269ea6 -> 
  custom:scripting/precompiled-assembly-types:Unity.XR.Interaction.Toolkit.Samples.DeviceSimulator: b1a8126a568547b099f25fc1d4f742a8 -> 
  custom:scripting/monoscript/fileName/XrPerformanceSettingsTypes.cs: 5bc9c5b4646eff91646254ce341c6683 -> 
  custom:scripting/monoscript/fileName/OpenXRRuntimeSelector.cs: 929d3ce28c815a19c6c335174420bf6b -> 
  custom:scripting/monoscript/fileName/OpenXRFeatureEditor.cs: 01dd3fecc4e9c7ce9fb6af5d0948ba2a -> 
  custom:scripting/monoscript/fileName/XRConstants.cs: 1558884a4b0ea94b4910dd640a0e6741 -> 
  custom:scripting/monoscript/fileName/BuildHelperUtils.cs: 619773c3d1b7f3f0ca7461f5c27242a8 -> 
  custom:scripting/monoscript/fileName/gameManager_sc.cs: 06c6a4dd38765e854ad12ef8e96c6c7b -> 
  custom:scripting/monoscript/fileName/HandInteractionProfile.cs: 9c7649bd495ee99cc73ddacbe0a8cd95 -> 
  custom:scripting/monoscript/fileName/XRManagementAnalytics.cs: 546181baf4c03dbbd57015a6731508f8 -> 
  custom:scripting/monoscript/fileName/ModifyAndroidManifestOculus.cs: 1d09740e7edd66fffc5895aae9e385d3 -> 
  custom:scripting/monoscript/fileName/XRPackage.cs: f2edbbf87f9b798abaf2a9f285d155f5 -> 
  custom:audio-encoder-webm-vorbis: bf7c407c2cedff20999df2af8eb42d56 -> 
  custom:scripting/monoscript/fileName/RuntimeDebuggerOpenXRFeature.cs: 8b269b64ad1c99e85d7f28185c15f7bb -> 
  custom:scripting/monoscript/fileName/MetaQuestFeatureBuildHooks.cs: 2ac755c66ffd4e4b7c22530386a7ba47 -> 
  custom:scripting/monoscript/fileName/AndroidManifestDocument.cs: 4c38ca7417a5355dfe2fd0b706ad71e8 -> 
  custom:scripting/monoscript/fileName/XRPackageInitializationSettings.cs: 2f743437d3b09c9a4a5a33e9be971b1a -> 
  custom:scripting/precompiled-assembly-types:Assembly-CSharp: aca8842ad724222ebe1d56dcf3375e2c -> 4f47e1615c5f2acb1872d32e2b45cd01
  custom:scripting/monoscript/fileName/XRPackageMetadata.cs: 16731333f575d8bc31df496aced36ebf -> 
  custom:scripting/monoscript/fileName/OpenXRInput.cs: b351db87f98ee399e568b78e0ed353e3 -> 
  custom:scripting/monoscript/fileName/OpenXRInteractionFeature.cs: a60484418ad6b497996467bb6f98db73 -> 
  custom:scripting/monoscript/fileName/OpenXRSettings.cs: f8ff4c7422697fc56884f260233aaf86 -> 
  custom:scripting/monoscript/fileName/OpenXREditorSettings.cs: 321e3a8126bc4b0248cbcecf63892f31 -> 
  custom:scripting/monoscript/fileName/OpenXRProjectValidation.cs: 181508e149a91a64c6dfdc447b97c322 -> 
========================================================================
Received Prepare
Caller must complete domain reload
Begin MonoManager ReloadAssembly
- Loaded All Assemblies, in  1.100 seconds
Native extension for WindowsStandalone target not found
Mono: successfully reloaded assembly
[Package Manager] Server::EnsureServerProcessIsRunning -- launch failed, reason: Unity was launched with the -noUpm command-line argument
[Package Manager] UpmClient::Send -- Unable to send message (not connected to UPM process).
[Package Manager] Cannot connect to Unity Package Manager local server
- Finished resetting the current domain, in  3.001 seconds
Domain Reload Profiling: 4092ms
	BeginReloadAssembly (314ms)
		ExecutionOrderSort (0ms)
		DisableScriptedObjects (10ms)
		BackupInstance (0ms)
		ReleaseScriptingObjects (0ms)
		CreateAndSetChildDomain (51ms)
	RebuildCommonClasses (83ms)
	RebuildNativeTypeToScriptingClass (23ms)
	initialDomainReloadingComplete (78ms)
	LoadAllAssembliesAndSetupDomain (592ms)
		LoadAssemblies (736ms)
		RebuildTransferFunctionScriptingTraits (0ms)
		AnalyzeDomain (50ms)
			TypeCache.Refresh (13ms)
				TypeCache.ScanAssembly (0ms)
			ScanForSourceGeneratedMonoScriptInfo (1ms)
			ResolveRequiredComponents (30ms)
	FinalizeReload (3002ms)
		ReleaseScriptCaches (0ms)
		RebuildScriptCaches (0ms)
		SetupLoadedEditorAssemblies (1384ms)
			LogAssemblyErrors (0ms)
			InitializePlatformSupportModulesInManaged (15ms)
			SetLoadedEditorAssemblies (9ms)
			RefreshPlugins (0ms)
			BeforeProcessingInitializeOnLoad (198ms)
			ProcessInitializeOnLoadAttributes (1021ms)
			ProcessInitializeOnLoadMethodAttributes (124ms)
			AfterProcessingInitializeOnLoad (17ms)
			EditorAssembliesLoaded (0ms)
		ExecutionOrderSort2 (0ms)
		AwakeInstancesAfterBackupRestoration (15ms)
Refreshing native plugins compatible for Editor in 44.07 ms, found 10 plugins.
Preloading 0 native plugins for Editor in 0.00 ms.
Unloading 4969 Unused Serialized files (Serialized files now loaded: 0)
Unloading 68 unused Assets / (57.2 KB). Loaded Objects now: 5577.
Memory consumption went from 172.2 MB to 172.2 MB.
Total: 11.213000 ms (FindLiveObjects: 0.939300 ms CreateObjectMapping: 0.646100 ms MarkObjects: 9.377600 ms  DeleteObjects: 0.246800 ms)

Prepare: number of updated asset objects reloaded= 0
AssetImportParameters requested are different than current active one (requested -> active):
  custom:scripting/monoscript/fileName/DPadInteraction.cs: 93f85c8ba74c4199c8fc9b6e8c6fb8a6 -> 
  custom:scripting/monoscript/fileName/OpenXRFeatureSettingsEditor.cs: 46f7bc9b6667349416d592c92274a2cd -> 
  custom:container-demuxer-ogg: 62fdf1f143b41e24485cea50d1cbac27 -> 
  custom:scripting/monoscript/fileName/UWPCoreWindowBuildHooks.cs: 528ee0545204f8083d130ec04efc78bc -> 
  custom:scripting/monoscript/fileName/OpenXRLoaderBase.cs: 0b6a60b837fc38165e3eaf7aaf2bf3e3 -> 
  custom:scripting/monoscript/fileName/MetaQuestFeatureEditor.cs: fff340053bb2e94334d0d5989f2eb349 -> 
  custom:scripting/monoscript/fileName/XRDeviceSimulatorControllerUI.cs: 1fdda016482e80c4f698bd161ca6a92f -> 
  custom:scripting/monoscript/fileName/XRDeviceSimulatorUI.cs: 0ec50ce90bac5e819d9ddb292ac27c71 -> 
  custom:scripting/precompiled-assembly-types:Unity.XR.Management.Editor: 220852eb385ea4cc2eb66eb943d70995 -> 
  custom:scripting/monoscript/fileName/PalmPoseInteraction.cs: 6bd25b6029acb9127f25748cb0b6d2a8 -> 
  custom:scripting/precompiled-assembly-types:Unity.XR.OpenXR.Editor: b2a8f17f09055950b7f19e2845cbc5c2 -> 
  custom:scripting/monoscript/fileName/MetaQuestTouchPlusControllerProfile.cs: 4b9439e11567c27c85546e11bafeabe7 -> 
  custom:scripting/monoscript/fileName/XRPluginManagementProjectValidation.cs: 12841b9f0a8da6fb46dd05260375325e -> 
  custom:scripting/monoscript/fileName/OpenXRRuntime.cs: c3a00f9ce6a0283dcb391b83637adf44 -> 
  custom:video-decoder-ogg-theora: a1e56fd34408186e4bbccfd4996cb3dc -> 
  custom:scripting/monoscript/fileName/XRGeneralSettingsPerBuildTarget.cs: 6970e5bff368910038049eb1434facbf -> 
  custom:scripting/monoscript/fileName/MetaQuestTouchProControllerProfile.cs: 9fffae235d4c14901711127c7daeb86c -> 
  custom:scripting/monoscript/fileName/OpenXRConstants.cs: f878d042bd3999b796b9387b0c8a1032 -> 
  custom:scripting/monoscript/fileName/OpenXRFeatureUICommon.cs: 45f7a59cd9c5cd84e28e0f7a429879c2 -> 
  custom:scripting/precompiled-assembly-types:Unity.XR.OpenXR.Features.OculusQuestSupport.Editor: c62b8d05b94c435029ef9fc43d7261ca -> 
  custom:scripting/monoscript/fileName/XRLoaderInfo.cs: 86fa513bfc04d58509db292069910bf2 -> 
  custom:framework-win-MediaFoundation: 216162199b28c13a410421893ffa2e32 -> 
  custom:scripting/monoscript/fileName/OpenXRLoaderUI.cs: ebd8d704d5e26f054d43886c272cd005 -> 
  custom:scripting/monoscript/fileName/WaitForRestartFinish.cs: 0e76bf389cf347a5d8d6432ec661895f -> 
  custom:scripting/monoscript/fileName/OpenXRFeatureSettings.cs: 90647cc400823b41df847a6cbfc29026 -> 
  custom:scripting/monoscript/fileName/OpenXRBuildProcessor.cs: 48dc0e114f75799c0d74bafe70808189 -> 
  custom:scripting/monoscript/fileName/KHRSimpleControllerProfile.cs: bcdcb81587b2075f7af2f75706b9e69a -> 
  custom:scripting/monoscript/fileName/OpenXRFeatureInternal.cs: 90647cc400823b41df847a6cbfc29026 -> 
  custom:scripting/monoscript/fileName/OpenXRSpaceSettings.cs: 90647cc400823b41df847a6cbfc29026 -> 
  custom:scripting/monoscript/fileName/DPadInteractionCustomEditor.cs: d93785eeae2b4d41d39f603bd6f9849d -> 
  custom:scripting/precompiled-assembly-types:Unity.XR.OpenXR.Features.RuntimeDebugger.Editor: e1cc4b3ad1ade1a1503c3d79a1cfcaf0 -> 
  custom:scripting/monoscript/fileName/XRSettingsManager.cs: 701988ef3c16e84d3bc781477493ab34 -> 
  custom:scripting/monoscript/fileName/ConformanceAutomationFeature.cs: 97112e825fad9ed87f6a9c7acc231c0b -> 
  custom:scripting/monoscript/fileName/IXRLoaderPreInit.cs: 4dbca4fbe4a89e2a18943694f414e3a9 -> 
  custom:scripting/monoscript/fileName/XRGeneralBuildProcessor.cs: d52e14652f14fd6e56a66a859653fea9 -> 
  custom:scripting/monoscript/fileName/XRGeneralSettings.cs: 01e68fef49e5cbf622bb7b4ffc622d89 -> 
  custom:scripting/monoscript/fileName/XRManagerEditor.cs: 6847a9ea85cd2d801d895b625e9590ff -> 
  custom:scripting/monoscript/fileName/FeatureHelpers.cs: 0e8d07707daeed1da30b1605e903226b -> 
  custom:scripting/monoscript/fileName/DebuggerState.cs: 41070b7a08cc178a9ea51324cdaf5b81 -> 
  custom:scripting/monoscript/fileName/XRBuildProcessorHelper.cs: 90647cc400823b41df847a6cbfc29026 -> 
  custom:scripting/monoscript/fileName/TypeLoaderExtensions.cs: ee5d3b5e5d81c98c5d3594e8b9153df0 -> 
  custom:scripting/precompiled-assembly-types:Unity.XR.OpenXR.Features.OculusQuestSupport: d15f77eecb71f285045ab68c6a5ab3aa -> 
  custom:CustomObjectIndexerAttribute: 9a22284fe3817be447336de3de66b15e -> 
  custom:scripting/monoscript/fileName/OpenXRHmd.cs: 1624687aa096b40d58d149d9c6304cca -> 
  custom:scripting/precompiled-assembly-types:Unity.XR.OpenXR.Features.MetaQuestSupport.Editor: d29ebede884d38e464c8dad49331ddbf -> 
  custom:scripting/monoscript/fileName/XRConfigurationProvider.cs: fa91ddd62be7b4c45bfd03890af30249 -> 
  custom:scripting/monoscript/fileName/ManifestElement.cs: c30b57498d373b7476c4d7dfdaee189c -> 
  custom:scripting/monoscript/fileName/OpenXRMangementSettings.cs: 5a013b6c45b1e1d06085cb1496493b86 -> 
  custom:scripting/monoscript/fileName/XREditorWorkQueue.cs: 8e928039a032f154dc8a86537aaac69a -> 
  custom:scripting/monoscript/fileName/OculusTouchControllerProfile.cs: 03df51b5c781d1980f509408bae72bc8 -> 
  custom:scripting/precompiled-assembly-types:Unity.XR.Management: f5b1b59a8f17cb331d61fd7665721dab -> 
  custom:scripting/monoscript/fileName/ManifestRequirement.cs: d0237042ed94ccc3267a409cde8490a6 -> 
  custom:scripting/monoscript/fileName/OpenXRNativeTypes.cs: 11be60823314f621c1b0bb94bf4fe744 -> 
  custom:container-demuxer-webm: 4f35f7cbe854078d1ac9338744f61a02 -> 
  custom:scripting/monoscript/fileName/KnownFeatureSets.cs: 2cf391597f07a52473981e9cc2b41b67 -> 
  custom:scripting/precompiled-assembly-types:Unity.XR.OpenXR.Features.MockRuntime: e75d918d8106c27865ca5517b4bdd194 -> 
  custom:scripting/monoscript/fileName/PackageNotificationUtils.cs: e493f521fc1755dec19875ae28a4f621 -> 
  custom:scripting/monoscript/fileName/OpenXRProjectValidationRulesSetup.cs: 63c520149123eced22b6028c5ebd9d08 -> 
  custom:scripting/monoscript/fileName/XRPackageMetadataStore.cs: e06e5e9ffca9529e9db63900dd9caf32 -> 
  custom:scripting/monoscript/fileName/XRLoaderInfoManager.cs: 28efaa63edac30b89ccc35ca2bf149fa -> 
  custom:scripting/monoscript/fileName/XRConfigurationData.cs: 2cf07b13d54bfee2898ed6dc38612fbb -> 
  custom:scripting/monoscript/fileName/MicrosoftHandInteraction.cs: dac920740153b0163dda0f7e56920e40 -> 
  custom:scripting/monoscript/fileName/RuntimeDebuggerWindow.cs: 0bc1d5ee7ce2553d42d62861471f3c44 -> 
  custom:scripting/monoscript/fileName/PackageSettingsEditor.cs: 6212fddebb8f67c4da0f50592230839b -> 
  custom:scripting/monoscript/fileName/OpenXRFeature.cs: a84888103ea4406f238a41c42d12d002 -> 
  custom:scripting/monoscript/fileName/XRManagerSettings.cs: 39a1227fa3c478af29a735ec246b6baf -> 
  custom:scripting/monoscript/fileName/XRCustomLoaderUIManager.cs: 4be5a8f671a1d808dd1496961b79b86b -> 
  custom:container-muxer-webm: aa71ff27fc2769a1b78a27578f13a17b -> 
  custom:scripting/precompiled-assembly-types:Unity.XR.OpenXR: 6b540efea7d7bcf04b31853b4d2f54c0 -> 
  custom:scripting/monoscript/fileName/OpenXRLoader.cs: 2a03893d4aa4b960c2f49090b4b03a7b -> 
  custom:scripting/monoscript/fileName/ValveIndexControllerProfile.cs: f923b1771c835a70375d3505e818878d -> 
  custom:scripting/monoscript/fileName/OculusQuestFeatureEditor.cs: af70b82209b4cf6ce20a2da2892dfc5f -> 
  custom:video-decoder-webm-vp8: 9c59270c3fd7afecdb556c50c9e8de78 -> 
  custom:scripting/monoscript/fileName/OpenXRChooseRuntimeLibraries.cs: 3923c2f1337a35d737ad0192eb46b432 -> 
  custom:scripting/monoscript/fileName/OculusQuestFeature.cs: 041c3418dd65b8e99ca410c708996814 -> 
  custom:scripting/monoscript/fileName/OpenXRFeatureSetManager.cs: 4f340a53d115a7e1888d00ddc4cd614b -> 
  custom:scripting/monoscript/fileName/OpenXRColorSubmissonModeList.cs: 62c3c48199b3c893ece86757b75b0604 -> 
  custom:scripting/monoscript/fileName/OpenXRUtility.cs: af9b8bca68ffa2bc69f78ec0da9cf1fd -> 
  custom:SearchIndexIgnoredProperties: e643bd26f0fe6173181afceb89e7c659 -> 
  custom:scripting/monoscript/fileName/XRGeneralSettingsUpgrade.cs: cc8d2e81204b3fd0e662cd38ef4a2d49 -> 
  custom:AudioImporter_EditorPlatform: d09bf68614088b80899f8185d706f6e7 -> 
  custom:scripting/monoscript/fileName/MockRuntime.cs: 8e970d93da4762c7d57e9c9dd2b36dbb -> 
  custom:scripting/monoscript/fileName/OpenXRDevice.cs: 1b3be9b024fb29351711164fb0577202 -> 
  custom:scripting/monoscript/fileName/OpenXRUnityAPI.cs: 95d0f03221767acb8a4a43279af12154 -> 
  custom:scripting/monoscript/fileName/HTCViveControllerProfile.cs: 575b921c71649e99576a05f0add9cf5d -> 
  custom:scripting/monoscript/fileName/XRDeviceSimulatorHandsUI.cs: bca3963bba47bbf101fe9d7e7dd07836 -> 
  custom:scripting/monoscript/fileName/XRCustomLoaderUI.cs: a1b6225426bb5004db8b9d7388fe5771 -> 
  custom:scripting/monoscript/fileName/BootConfigBuilder.cs: a174d8870c7a69fabc7d42a75b0f23aa -> 
  custom:scripting/precompiled-assembly-types:Unity.XR.OpenXR.Features.RuntimeDebugger: 81fc02b8029ab9c0bce4eaa33a13e7d8 -> 
  custom:scripting/monoscript/fileName/OpenXRRenderSettings.cs: 90647cc400823b41df847a6cbfc29026 -> 
  custom:scripting/monoscript/fileName/EyeGazeInteraction.cs: dc1f12620c8656649cfc16f13969f5fa -> 
  custom:scripting/monoscript/fileName/OpenXRAnalytics.cs: 67d5de80ae8e3ee46bb1b4907783d54c -> 
  custom:scripting/monoscript/fileName/XRLoaderHelper.cs: ae85c4c4a11fcc1ed3393963333e400c -> 
  custom:scripting/monoscript/fileName/MicrosoftMotionControllerProfile.cs: 6dcaa2067404bed7771687f2f9dfa057 -> 
  custom:scripting/monoscript/fileName/XRLoader.cs: d82cec0b87bab7dffe74fb3651887ce3 -> 
  custom:scripting/monoscript/fileName/OpenXRRestarter.cs: c236f3f43c026f409512d203b81e6184 -> 
  custom:scripting/monoscript/fileName/OpenXRFeatureAttribute.cs: 99305d666df750d87e7264e3c7ae4f2a -> 
  custom:scripting/monoscript/fileName/XRSupportedBuildTargetAttribute.cs: f87a91ba911f6030453bea8d921b45d2 -> 
  custom:scripting/monoscript/fileName/OpenXRLoaderNoPreInit.cs: 8f7a064e1e0bb6e17b9f5d171fe53dfc -> 
  custom:scripting/monoscript/fileName/AndroidManifestProcessor.cs: d8dd4961c18e43fcd707eb950405363a -> 
  custom:scripting/precompiled-assembly-types:Unity.XR.OpenXR.Features.ConformanceAutomation: daaea684d78afe5278ff971b66e0fbf9 -> 
  custom:scripting/monoscript/fileName/HandCommonPosesInteraction.cs: c984aa78f460c3bf39ec56bc9a0a414a -> 
  custom:scripting/monoscript/fileName/OpenXRDiagnosticReport.cs: f43e8307d90025ed39c346ed63d1208d -> 
  custom:scripting/monoscript/fileName/RuntimeDebuggerOpenXRFeatureEditor.cs: 26a9be57964b520d3a47d8c20db877e9 -> 
  custom:scripting/monoscript/fileName/PoseControl.cs: 4ff0d325328ef40fb1693e34ac3358bf -> 26044499bf9bfd77ab38d92d33de1d80
  custom:scripting/monoscript/fileName/OpenXRFeatureBuildHooks.cs: da31756dd3c74e69bcd7ed1a1983ed53 -> 
  custom:scripting/monoscript/fileName/BuildHelpers.cs: 52ee9552b5cbbfe4eb60d480e36ffff5 -> 
  custom:scripting/monoscript/fileName/HPReverbG2ControllerProfile.cs: 6aadb5e22feaccfa77ef6db6c4d4541c -> 
  custom:scripting/monoscript/fileName/XRLoaderOrderUI.cs: 7bb0491ac9109774b097f2da80cd0c03 -> 
  custom:scripting/monoscript/fileName/AndroidManifestBuildEventReceiver.cs: 641c0bff5eb90d0569a809ea302132ee -> 
  custom:video-encoder-webm-vp8: eb34c28f22e8b96e1ab97ce403110664 -> 
  custom:scripting/monoscript/fileName/BootConfig.cs: b2c4d54615a39b14509e601dd0f329ff -> 
  custom:audio-decoder-ogg-vorbis: bf7c407c2cedff20999df2af8eb42d56 -> 
  custom:scripting/precompiled-assembly-types:Unity.XR.OpenXR.Features.MetaQuestSupport: d273bae1c8d7007d6b0fe4b360a89ef1 -> 
  custom:scripting/monoscript/fileName/IAndroidManifestRequirementProvider.cs: 42bf6f4b06629c812bd73f8ff461fec4 -> 
  custom:scripting/monoscript/fileName/XrPerformanceSettingsFeature.cs: d323744d9bc61085862cbc785e1f985c -> 
  custom:scripting/monoscript/fileName/OpenXRPackageSettings.cs: 4f4aaba453bf105fb1c3c3d64247142d -> 
  custom:scripting/monoscript/fileName/ModifyAndroidManifestMeta.cs: 3b920058e4dd8cbdb95cce4af271f981 -> 
  custom:scripting/monoscript/fileName/EditorUtilities.cs: 219d482e32bf0c01357e773617418955 -> 
  custom:scripting/monoscript/fileName/OpenXRFeatureSetAttribute.cs: 9e20f05fe0a3688af8836175869f0bb7 -> 
  custom:scripting/monoscript/fileName/XRPackageInitialization.cs: 1f095dd277a284b59543541a608de1da -> 
  custom:scripting/monoscript/fileName/FoveatedRenderingFeature.cs: 3cd591174f2fee5d1b0d6a1875383a9b -> 
  custom:scripting/monoscript/fileName/KnownPackages.cs: 8647f39ea28525d7cb72646ed790f6ec -> 
  custom:scripting/monoscript/fileName/HapticControl.cs: d7a5389cafde2a1337c58e2f0d91a837 -> 
  custom:scripting/monoscript/fileName/MetaQuestFeature.cs: b9c317336250afc5bb5fa2c2df269ea6 -> 
  custom:scripting/precompiled-assembly-types:Unity.XR.Interaction.Toolkit.Samples.DeviceSimulator: b1a8126a568547b099f25fc1d4f742a8 -> 
  custom:scripting/monoscript/fileName/XrPerformanceSettingsTypes.cs: 5bc9c5b4646eff91646254ce341c6683 -> 
  custom:scripting/monoscript/fileName/OpenXRRuntimeSelector.cs: 929d3ce28c815a19c6c335174420bf6b -> 
  custom:scripting/monoscript/fileName/OpenXRFeatureEditor.cs: 01dd3fecc4e9c7ce9fb6af5d0948ba2a -> 
  custom:scripting/monoscript/fileName/XRConstants.cs: 1558884a4b0ea94b4910dd640a0e6741 -> 
  custom:scripting/monoscript/fileName/BuildHelperUtils.cs: 619773c3d1b7f3f0ca7461f5c27242a8 -> 
  custom:scripting/monoscript/fileName/gameManager_sc.cs: 06c6a4dd38765e854ad12ef8e96c6c7b -> 
  custom:scripting/monoscript/fileName/HandInteractionProfile.cs: 9c7649bd495ee99cc73ddacbe0a8cd95 -> 
  custom:scripting/monoscript/fileName/XRManagementAnalytics.cs: 546181baf4c03dbbd57015a6731508f8 -> 
  custom:scripting/monoscript/fileName/ModifyAndroidManifestOculus.cs: 1d09740e7edd66fffc5895aae9e385d3 -> 
  custom:scripting/monoscript/fileName/XRPackage.cs: f2edbbf87f9b798abaf2a9f285d155f5 -> 
  custom:audio-encoder-webm-vorbis: bf7c407c2cedff20999df2af8eb42d56 -> 
  custom:scripting/monoscript/fileName/RuntimeDebuggerOpenXRFeature.cs: 8b269b64ad1c99e85d7f28185c15f7bb -> 
  custom:scripting/monoscript/fileName/MetaQuestFeatureBuildHooks.cs: 2ac755c66ffd4e4b7c22530386a7ba47 -> 
  custom:scripting/monoscript/fileName/AndroidManifestDocument.cs: 4c38ca7417a5355dfe2fd0b706ad71e8 -> 
  custom:scripting/monoscript/fileName/XRPackageInitializationSettings.cs: 2f743437d3b09c9a4a5a33e9be971b1a -> 
  custom:scripting/precompiled-assembly-types:Assembly-CSharp: aca8842ad724222ebe1d56dcf3375e2c -> 4f47e1615c5f2acb1872d32e2b45cd01
  custom:scripting/monoscript/fileName/XRPackageMetadata.cs: 16731333f575d8bc31df496aced36ebf -> 
  custom:scripting/monoscript/fileName/OpenXRInput.cs: b351db87f98ee399e568b78e0ed353e3 -> 
  custom:scripting/monoscript/fileName/OpenXRInteractionFeature.cs: a60484418ad6b497996467bb6f98db73 -> 
  custom:scripting/monoscript/fileName/OpenXRSettings.cs: f8ff4c7422697fc56884f260233aaf86 -> 
  custom:scripting/monoscript/fileName/OpenXREditorSettings.cs: 321e3a8126bc4b0248cbcecf63892f31 -> 
  custom:scripting/monoscript/fileName/OpenXRProjectValidation.cs: 181508e149a91a64c6dfdc447b97c322 -> 
========================================================================
Received Import Request.
  Time since last request: 408.886195 seconds.
  path: Assets/XR/Settings/OpenXR Package Settings.asset
  artifactKey: Guid(45dfbc46e94b4974a98fa630ad8e12bb) Importer(815301076,1909f56bfc062723c751e8b465ee728b)
Start importing Assets/XR/Settings/OpenXR Package Settings.asset using Guid(45dfbc46e94b4974a98fa630ad8e12bb) Importer(815301076,1909f56bfc062723c751e8b465ee728b) [PhysX] Initialized MultithreadedTaskDispatcher with 12 workers.
 -> (artifact id: 'ab7e6998b861c0a4b137fe4a4df52e22') in 0.033259 seconds
Number of updated asset objects reloaded before import = 0
Number of asset objects unloaded after import = 0
========================================================================
Received Import Request.
  Time since last request: 3.392988 seconds.
  path: Assets/Tree_Textures/normal_specular.png
  artifactKey: Guid(f4bc8a19ef76f1a4296744780ae73e37) Importer(815301076,1909f56bfc062723c751e8b465ee728b)
Start importing Assets/Tree_Textures/normal_specular.png using Guid(f4bc8a19ef76f1a4296744780ae73e37) Importer(815301076,1909f56bfc062723c751e8b465ee728b) [PhysX] Initialized MultithreadedTaskDispatcher with 12 workers.
[PhysX] Initialized MultithreadedTaskDispatcher with 12 workers.
 -> (artifact id: '936d8d06ea0157fdadea3d413f263fca') in 0.126305 seconds
Number of updated asset objects reloaded before import = 0
Number of asset objects unloaded after import = 2
========================================================================
Received Import Request.
  Time since last request: 0.000064 seconds.
  path: Assets/Tree_Textures/shadow.png
  artifactKey: Guid(e0fc055f2533b3748b40361e866f9c03) Importer(815301076,1909f56bfc062723c751e8b465ee728b)
Start importing Assets/Tree_Textures/shadow.png using Guid(e0fc055f2533b3748b40361e866f9c03) Importer(815301076,1909f56bfc062723c751e8b465ee728b) [PhysX] Initialized MultithreadedTaskDispatcher with 12 workers.
[PhysX] Initialized MultithreadedTaskDispatcher with 12 workers.
 -> (artifact id: '5dc44e2918396f6ca74f91e6cd00ea3b') in 0.033571 seconds
Number of updated asset objects reloaded before import = 0
Number of asset objects unloaded after import = 2
========================================================================
Received Prepare
Caller must complete domain reload
Begin MonoManager ReloadAssembly
- Loaded All Assemblies, in  1.252 seconds
Native extension for WindowsStandalone target not found
Mono: successfully reloaded assembly
[Package Manager] Server::EnsureServerProcessIsRunning -- launch failed, reason: Unity was launched with the -noUpm command-line argument
[Package Manager] UpmClient::Send -- Unable to send message (not connected to UPM process).
[Package Manager] Cannot connect to Unity Package Manager local server
- Finished resetting the current domain, in  3.077 seconds
Domain Reload Profiling: 4319ms
	BeginReloadAssembly (418ms)
		ExecutionOrderSort (0ms)
		DisableScriptedObjects (16ms)
		BackupInstance (0ms)
		ReleaseScriptingObjects (0ms)
		CreateAndSetChildDomain (88ms)
	RebuildCommonClasses (92ms)
	RebuildNativeTypeToScriptingClass (32ms)
	initialDomainReloadingComplete (77ms)
	LoadAllAssembliesAndSetupDomain (622ms)
		LoadAssemblies (749ms)
		RebuildTransferFunctionScriptingTraits (0ms)
		AnalyzeDomain (111ms)
			TypeCache.Refresh (21ms)
				TypeCache.ScanAssembly (2ms)
			ScanForSourceGeneratedMonoScriptInfo (57ms)
			ResolveRequiredComponents (26ms)
	FinalizeReload (3078ms)
		ReleaseScriptCaches (0ms)
		RebuildScriptCaches (0ms)
		SetupLoadedEditorAssemblies (1312ms)
			LogAssemblyErrors (0ms)
			InitializePlatformSupportModulesInManaged (15ms)
			SetLoadedEditorAssemblies (8ms)
			RefreshPlugins (0ms)
			BeforeProcessingInitializeOnLoad (189ms)
			ProcessInitializeOnLoadAttributes (930ms)
			ProcessInitializeOnLoadMethodAttributes (152ms)
			AfterProcessingInitializeOnLoad (17ms)
			EditorAssembliesLoaded (0ms)
		ExecutionOrderSort2 (0ms)
		AwakeInstancesAfterBackupRestoration (16ms)
Refreshing native plugins compatible for Editor in 50.34 ms, found 10 plugins.
Preloading 0 native plugins for Editor in 0.00 ms.
Unloading 4969 Unused Serialized files (Serialized files now loaded: 0)
Unloading 68 unused Assets / (57.2 KB). Loaded Objects now: 5584.
Memory consumption went from 172.2 MB to 172.2 MB.
Total: 10.623100 ms (FindLiveObjects: 1.262100 ms CreateObjectMapping: 0.810400 ms MarkObjects: 8.353800 ms  DeleteObjects: 0.194200 ms)

Prepare: number of updated asset objects reloaded= 0
AssetImportParameters requested are different than current active one (requested -> active):
  custom:scripting/monoscript/fileName/DPadInteraction.cs: 93f85c8ba74c4199c8fc9b6e8c6fb8a6 -> 
  custom:scripting/monoscript/fileName/OpenXRFeatureSettingsEditor.cs: 46f7bc9b6667349416d592c92274a2cd -> 
  custom:container-demuxer-ogg: 62fdf1f143b41e24485cea50d1cbac27 -> 
  custom:scripting/monoscript/fileName/UWPCoreWindowBuildHooks.cs: 528ee0545204f8083d130ec04efc78bc -> 
  custom:scripting/monoscript/fileName/OpenXRLoaderBase.cs: 0b6a60b837fc38165e3eaf7aaf2bf3e3 -> 
  custom:scripting/monoscript/fileName/MetaQuestFeatureEditor.cs: fff340053bb2e94334d0d5989f2eb349 -> 
  custom:scripting/monoscript/fileName/XRDeviceSimulatorControllerUI.cs: 1fdda016482e80c4f698bd161ca6a92f -> 
  custom:scripting/monoscript/fileName/XRDeviceSimulatorUI.cs: 0ec50ce90bac5e819d9ddb292ac27c71 -> 
  custom:scripting/precompiled-assembly-types:Unity.XR.Management.Editor: 220852eb385ea4cc2eb66eb943d70995 -> 
  custom:scripting/monoscript/fileName/PalmPoseInteraction.cs: 6bd25b6029acb9127f25748cb0b6d2a8 -> 
  custom:scripting/precompiled-assembly-types:Unity.XR.OpenXR.Editor: b2a8f17f09055950b7f19e2845cbc5c2 -> 
  custom:scripting/monoscript/fileName/MetaQuestTouchPlusControllerProfile.cs: 4b9439e11567c27c85546e11bafeabe7 -> 
  custom:scripting/monoscript/fileName/XRPluginManagementProjectValidation.cs: 12841b9f0a8da6fb46dd05260375325e -> 
  custom:scripting/monoscript/fileName/OpenXRRuntime.cs: c3a00f9ce6a0283dcb391b83637adf44 -> 
  custom:video-decoder-ogg-theora: a1e56fd34408186e4bbccfd4996cb3dc -> 
  custom:scripting/monoscript/fileName/XRGeneralSettingsPerBuildTarget.cs: 6970e5bff368910038049eb1434facbf -> 
  custom:scripting/monoscript/fileName/MetaQuestTouchProControllerProfile.cs: 9fffae235d4c14901711127c7daeb86c -> 
  custom:scripting/monoscript/fileName/OpenXRConstants.cs: f878d042bd3999b796b9387b0c8a1032 -> 
  custom:scripting/monoscript/fileName/OpenXRFeatureUICommon.cs: 45f7a59cd9c5cd84e28e0f7a429879c2 -> 
  custom:scripting/precompiled-assembly-types:Unity.XR.OpenXR.Features.OculusQuestSupport.Editor: c62b8d05b94c435029ef9fc43d7261ca -> 
  custom:scripting/monoscript/fileName/XRLoaderInfo.cs: 86fa513bfc04d58509db292069910bf2 -> 
  custom:framework-win-MediaFoundation: 216162199b28c13a410421893ffa2e32 -> 
  custom:scripting/monoscript/fileName/OpenXRLoaderUI.cs: ebd8d704d5e26f054d43886c272cd005 -> 
  custom:scripting/monoscript/fileName/WaitForRestartFinish.cs: 0e76bf389cf347a5d8d6432ec661895f -> 
  custom:scripting/monoscript/fileName/OpenXRFeatureSettings.cs: 90647cc400823b41df847a6cbfc29026 -> 
  custom:scripting/monoscript/fileName/OpenXRBuildProcessor.cs: 48dc0e114f75799c0d74bafe70808189 -> 
  custom:scripting/monoscript/fileName/KHRSimpleControllerProfile.cs: bcdcb81587b2075f7af2f75706b9e69a -> 
  custom:scripting/monoscript/fileName/OpenXRFeatureInternal.cs: 90647cc400823b41df847a6cbfc29026 -> 
  custom:scripting/monoscript/fileName/OpenXRSpaceSettings.cs: 90647cc400823b41df847a6cbfc29026 -> 
  custom:scripting/monoscript/fileName/DPadInteractionCustomEditor.cs: d93785eeae2b4d41d39f603bd6f9849d -> 
  custom:scripting/precompiled-assembly-types:Unity.XR.OpenXR.Features.RuntimeDebugger.Editor: e1cc4b3ad1ade1a1503c3d79a1cfcaf0 -> 
  custom:scripting/monoscript/fileName/XRSettingsManager.cs: 701988ef3c16e84d3bc781477493ab34 -> 
  custom:scripting/monoscript/fileName/ConformanceAutomationFeature.cs: 97112e825fad9ed87f6a9c7acc231c0b -> 
  custom:scripting/monoscript/fileName/IXRLoaderPreInit.cs: 4dbca4fbe4a89e2a18943694f414e3a9 -> 
  custom:scripting/monoscript/fileName/XRGeneralBuildProcessor.cs: d52e14652f14fd6e56a66a859653fea9 -> 
  custom:scripting/monoscript/fileName/XRGeneralSettings.cs: 01e68fef49e5cbf622bb7b4ffc622d89 -> 
  custom:scripting/monoscript/fileName/XRManagerEditor.cs: 6847a9ea85cd2d801d895b625e9590ff -> 
  custom:scripting/monoscript/fileName/FeatureHelpers.cs: 0e8d07707daeed1da30b1605e903226b -> 
  custom:scripting/monoscript/fileName/DebuggerState.cs: 41070b7a08cc178a9ea51324cdaf5b81 -> 
  custom:scripting/monoscript/fileName/XRBuildProcessorHelper.cs: 90647cc400823b41df847a6cbfc29026 -> 
  custom:scripting/monoscript/fileName/TypeLoaderExtensions.cs: ee5d3b5e5d81c98c5d3594e8b9153df0 -> 
  custom:scripting/precompiled-assembly-types:Unity.XR.OpenXR.Features.OculusQuestSupport: d15f77eecb71f285045ab68c6a5ab3aa -> 
  custom:CustomObjectIndexerAttribute: 9a22284fe3817be447336de3de66b15e -> 
  custom:scripting/monoscript/fileName/OpenXRHmd.cs: 1624687aa096b40d58d149d9c6304cca -> 
  custom:scripting/precompiled-assembly-types:Unity.XR.OpenXR.Features.MetaQuestSupport.Editor: d29ebede884d38e464c8dad49331ddbf -> 
  custom:scripting/monoscript/fileName/XRConfigurationProvider.cs: fa91ddd62be7b4c45bfd03890af30249 -> 
  custom:scripting/monoscript/fileName/ManifestElement.cs: c30b57498d373b7476c4d7dfdaee189c -> 
  custom:scripting/monoscript/fileName/OpenXRMangementSettings.cs: 5a013b6c45b1e1d06085cb1496493b86 -> 
  custom:scripting/monoscript/fileName/XREditorWorkQueue.cs: 8e928039a032f154dc8a86537aaac69a -> 
  custom:scripting/monoscript/fileName/OculusTouchControllerProfile.cs: 03df51b5c781d1980f509408bae72bc8 -> 
  custom:scripting/precompiled-assembly-types:Unity.XR.Management: f5b1b59a8f17cb331d61fd7665721dab -> 
  custom:scripting/monoscript/fileName/ManifestRequirement.cs: d0237042ed94ccc3267a409cde8490a6 -> 
  custom:scripting/monoscript/fileName/OpenXRNativeTypes.cs: 11be60823314f621c1b0bb94bf4fe744 -> 
  custom:container-demuxer-webm: 4f35f7cbe854078d1ac9338744f61a02 -> 
  custom:scripting/monoscript/fileName/KnownFeatureSets.cs: 2cf391597f07a52473981e9cc2b41b67 -> 
  custom:scripting/precompiled-assembly-types:Unity.XR.OpenXR.Features.MockRuntime: e75d918d8106c27865ca5517b4bdd194 -> 
  custom:scripting/monoscript/fileName/PackageNotificationUtils.cs: e493f521fc1755dec19875ae28a4f621 -> 
  custom:scripting/monoscript/fileName/OpenXRProjectValidationRulesSetup.cs: 63c520149123eced22b6028c5ebd9d08 -> 
  custom:scripting/monoscript/fileName/XRPackageMetadataStore.cs: e06e5e9ffca9529e9db63900dd9caf32 -> 
  custom:scripting/monoscript/fileName/XRLoaderInfoManager.cs: 28efaa63edac30b89ccc35ca2bf149fa -> 
  custom:scripting/monoscript/fileName/XRConfigurationData.cs: 2cf07b13d54bfee2898ed6dc38612fbb -> 
  custom:scripting/monoscript/fileName/MicrosoftHandInteraction.cs: dac920740153b0163dda0f7e56920e40 -> 
  custom:scripting/monoscript/fileName/RuntimeDebuggerWindow.cs: 0bc1d5ee7ce2553d42d62861471f3c44 -> 
  custom:scripting/monoscript/fileName/PackageSettingsEditor.cs: 6212fddebb8f67c4da0f50592230839b -> 
  custom:scripting/monoscript/fileName/OpenXRFeature.cs: a84888103ea4406f238a41c42d12d002 -> 
  custom:scripting/monoscript/fileName/XRManagerSettings.cs: 39a1227fa3c478af29a735ec246b6baf -> 
  custom:scripting/monoscript/fileName/XRCustomLoaderUIManager.cs: 4be5a8f671a1d808dd1496961b79b86b -> 
  custom:container-muxer-webm: aa71ff27fc2769a1b78a27578f13a17b -> 
  custom:scripting/precompiled-assembly-types:Unity.XR.OpenXR: 6b540efea7d7bcf04b31853b4d2f54c0 -> 
  custom:scripting/monoscript/fileName/OpenXRLoader.cs: 2a03893d4aa4b960c2f49090b4b03a7b -> 
  custom:scripting/monoscript/fileName/ValveIndexControllerProfile.cs: f923b1771c835a70375d3505e818878d -> 
  custom:scripting/monoscript/fileName/OculusQuestFeatureEditor.cs: af70b82209b4cf6ce20a2da2892dfc5f -> 
  custom:video-decoder-webm-vp8: 9c59270c3fd7afecdb556c50c9e8de78 -> 
  custom:scripting/monoscript/fileName/OpenXRChooseRuntimeLibraries.cs: 3923c2f1337a35d737ad0192eb46b432 -> 
  custom:scripting/monoscript/fileName/OculusQuestFeature.cs: 041c3418dd65b8e99ca410c708996814 -> 
  custom:scripting/monoscript/fileName/OpenXRFeatureSetManager.cs: 4f340a53d115a7e1888d00ddc4cd614b -> 
  custom:scripting/monoscript/fileName/OpenXRColorSubmissonModeList.cs: 62c3c48199b3c893ece86757b75b0604 -> 
  custom:scripting/monoscript/fileName/OpenXRUtility.cs: af9b8bca68ffa2bc69f78ec0da9cf1fd -> 
  custom:SearchIndexIgnoredProperties: e643bd26f0fe6173181afceb89e7c659 -> 
  custom:scripting/monoscript/fileName/XRGeneralSettingsUpgrade.cs: cc8d2e81204b3fd0e662cd38ef4a2d49 -> 
  custom:AudioImporter_EditorPlatform: d09bf68614088b80899f8185d706f6e7 -> 
  custom:scripting/monoscript/fileName/MockRuntime.cs: 8e970d93da4762c7d57e9c9dd2b36dbb -> 
  custom:scripting/monoscript/fileName/OpenXRDevice.cs: 1b3be9b024fb29351711164fb0577202 -> 
  custom:scripting/monoscript/fileName/OpenXRUnityAPI.cs: 95d0f03221767acb8a4a43279af12154 -> 
  custom:scripting/monoscript/fileName/HTCViveControllerProfile.cs: 575b921c71649e99576a05f0add9cf5d -> 
  custom:scripting/monoscript/fileName/XRDeviceSimulatorHandsUI.cs: bca3963bba47bbf101fe9d7e7dd07836 -> 
  custom:scripting/monoscript/fileName/XRCustomLoaderUI.cs: a1b6225426bb5004db8b9d7388fe5771 -> 
  custom:scripting/monoscript/fileName/BootConfigBuilder.cs: a174d8870c7a69fabc7d42a75b0f23aa -> 
  custom:scripting/precompiled-assembly-types:Unity.XR.OpenXR.Features.RuntimeDebugger: 81fc02b8029ab9c0bce4eaa33a13e7d8 -> 
  custom:scripting/monoscript/fileName/OpenXRRenderSettings.cs: 90647cc400823b41df847a6cbfc29026 -> 
  custom:scripting/monoscript/fileName/EyeGazeInteraction.cs: dc1f12620c8656649cfc16f13969f5fa -> 
  custom:scripting/monoscript/fileName/OpenXRAnalytics.cs: 67d5de80ae8e3ee46bb1b4907783d54c -> 
  custom:scripting/monoscript/fileName/XRLoaderHelper.cs: ae85c4c4a11fcc1ed3393963333e400c -> 
  custom:scripting/monoscript/fileName/MicrosoftMotionControllerProfile.cs: 6dcaa2067404bed7771687f2f9dfa057 -> 
  custom:scripting/monoscript/fileName/XRLoader.cs: d82cec0b87bab7dffe74fb3651887ce3 -> 
  custom:scripting/monoscript/fileName/OpenXRRestarter.cs: c236f3f43c026f409512d203b81e6184 -> 
  custom:scripting/monoscript/fileName/OpenXRFeatureAttribute.cs: 99305d666df750d87e7264e3c7ae4f2a -> 
  custom:scripting/monoscript/fileName/XRSupportedBuildTargetAttribute.cs: f87a91ba911f6030453bea8d921b45d2 -> 
  custom:scripting/monoscript/fileName/OpenXRLoaderNoPreInit.cs: 8f7a064e1e0bb6e17b9f5d171fe53dfc -> 
  custom:scripting/monoscript/fileName/AndroidManifestProcessor.cs: d8dd4961c18e43fcd707eb950405363a -> 
  custom:scripting/precompiled-assembly-types:Unity.XR.OpenXR.Features.ConformanceAutomation: daaea684d78afe5278ff971b66e0fbf9 -> 
  custom:scripting/monoscript/fileName/HandCommonPosesInteraction.cs: c984aa78f460c3bf39ec56bc9a0a414a -> 
  custom:scripting/monoscript/fileName/OpenXRDiagnosticReport.cs: f43e8307d90025ed39c346ed63d1208d -> 
  custom:scripting/monoscript/fileName/RuntimeDebuggerOpenXRFeatureEditor.cs: 26a9be57964b520d3a47d8c20db877e9 -> 
  custom:scripting/monoscript/fileName/PoseControl.cs: 4ff0d325328ef40fb1693e34ac3358bf -> 26044499bf9bfd77ab38d92d33de1d80
  custom:scripting/monoscript/fileName/OpenXRFeatureBuildHooks.cs: da31756dd3c74e69bcd7ed1a1983ed53 -> 
  custom:scripting/monoscript/fileName/BuildHelpers.cs: 52ee9552b5cbbfe4eb60d480e36ffff5 -> 
  custom:scripting/monoscript/fileName/HPReverbG2ControllerProfile.cs: 6aadb5e22feaccfa77ef6db6c4d4541c -> 
  custom:scripting/monoscript/fileName/XRLoaderOrderUI.cs: 7bb0491ac9109774b097f2da80cd0c03 -> 
  custom:scripting/monoscript/fileName/AndroidManifestBuildEventReceiver.cs: 641c0bff5eb90d0569a809ea302132ee -> 
  custom:video-encoder-webm-vp8: eb34c28f22e8b96e1ab97ce403110664 -> 
  custom:scripting/monoscript/fileName/BootConfig.cs: b2c4d54615a39b14509e601dd0f329ff -> 
  custom:audio-decoder-ogg-vorbis: bf7c407c2cedff20999df2af8eb42d56 -> 
  custom:scripting/precompiled-assembly-types:Unity.XR.OpenXR.Features.MetaQuestSupport: d273bae1c8d7007d6b0fe4b360a89ef1 -> 
  custom:scripting/monoscript/fileName/IAndroidManifestRequirementProvider.cs: 42bf6f4b06629c812bd73f8ff461fec4 -> 
  custom:scripting/monoscript/fileName/XrPerformanceSettingsFeature.cs: d323744d9bc61085862cbc785e1f985c -> 
  custom:scripting/monoscript/fileName/OpenXRPackageSettings.cs: 4f4aaba453bf105fb1c3c3d64247142d -> 
  custom:scripting/monoscript/fileName/ModifyAndroidManifestMeta.cs: 3b920058e4dd8cbdb95cce4af271f981 -> 
  custom:scripting/monoscript/fileName/EditorUtilities.cs: 219d482e32bf0c01357e773617418955 -> 
  custom:scripting/monoscript/fileName/OpenXRFeatureSetAttribute.cs: 9e20f05fe0a3688af8836175869f0bb7 -> 
  custom:scripting/monoscript/fileName/XRPackageInitialization.cs: 1f095dd277a284b59543541a608de1da -> 
  custom:scripting/monoscript/fileName/FoveatedRenderingFeature.cs: 3cd591174f2fee5d1b0d6a1875383a9b -> 
  custom:scripting/monoscript/fileName/KnownPackages.cs: 8647f39ea28525d7cb72646ed790f6ec -> 
  custom:scripting/monoscript/fileName/HapticControl.cs: d7a5389cafde2a1337c58e2f0d91a837 -> 
  custom:scripting/monoscript/fileName/MetaQuestFeature.cs: b9c317336250afc5bb5fa2c2df269ea6 -> 
  custom:scripting/precompiled-assembly-types:Unity.XR.Interaction.Toolkit.Samples.DeviceSimulator: b1a8126a568547b099f25fc1d4f742a8 -> 
  custom:scripting/monoscript/fileName/XrPerformanceSettingsTypes.cs: 5bc9c5b4646eff91646254ce341c6683 -> 
  custom:scripting/monoscript/fileName/OpenXRRuntimeSelector.cs: 929d3ce28c815a19c6c335174420bf6b -> 
  custom:scripting/monoscript/fileName/OpenXRFeatureEditor.cs: 01dd3fecc4e9c7ce9fb6af5d0948ba2a -> 
  custom:scripting/monoscript/fileName/XRConstants.cs: 1558884a4b0ea94b4910dd640a0e6741 -> 
  custom:scripting/monoscript/fileName/BuildHelperUtils.cs: 619773c3d1b7f3f0ca7461f5c27242a8 -> 
  custom:scripting/monoscript/fileName/gameManager_sc.cs: 06c6a4dd38765e854ad12ef8e96c6c7b -> 
  custom:scripting/monoscript/fileName/HandInteractionProfile.cs: 9c7649bd495ee99cc73ddacbe0a8cd95 -> 
  custom:scripting/monoscript/fileName/XRManagementAnalytics.cs: 546181baf4c03dbbd57015a6731508f8 -> 
  custom:scripting/monoscript/fileName/ModifyAndroidManifestOculus.cs: 1d09740e7edd66fffc5895aae9e385d3 -> 
  custom:scripting/monoscript/fileName/XRPackage.cs: f2edbbf87f9b798abaf2a9f285d155f5 -> 
  custom:audio-encoder-webm-vorbis: bf7c407c2cedff20999df2af8eb42d56 -> 
  custom:scripting/monoscript/fileName/RuntimeDebuggerOpenXRFeature.cs: 8b269b64ad1c99e85d7f28185c15f7bb -> 
  custom:scripting/monoscript/fileName/MetaQuestFeatureBuildHooks.cs: 2ac755c66ffd4e4b7c22530386a7ba47 -> 
  custom:scripting/monoscript/fileName/AndroidManifestDocument.cs: 4c38ca7417a5355dfe2fd0b706ad71e8 -> 
  custom:scripting/monoscript/fileName/XRPackageInitializationSettings.cs: 2f743437d3b09c9a4a5a33e9be971b1a -> 
  custom:scripting/precompiled-assembly-types:Assembly-CSharp: aca8842ad724222ebe1d56dcf3375e2c -> 4f47e1615c5f2acb1872d32e2b45cd01
  custom:scripting/monoscript/fileName/XRPackageMetadata.cs: 16731333f575d8bc31df496aced36ebf -> 
  custom:scripting/monoscript/fileName/OpenXRInput.cs: b351db87f98ee399e568b78e0ed353e3 -> 
  custom:scripting/monoscript/fileName/OpenXRInteractionFeature.cs: a60484418ad6b497996467bb6f98db73 -> 
  custom:scripting/monoscript/fileName/OpenXRSettings.cs: f8ff4c7422697fc56884f260233aaf86 -> 
  custom:scripting/monoscript/fileName/OpenXREditorSettings.cs: 321e3a8126bc4b0248cbcecf63892f31 -> 
  custom:scripting/monoscript/fileName/OpenXRProjectValidation.cs: 181508e149a91a64c6dfdc447b97c322 -> 
========================================================================
Received Prepare
Caller must complete domain reload
Begin MonoManager ReloadAssembly
- Loaded All Assemblies, in  0.725 seconds
Native extension for WindowsStandalone target not found
Mono: successfully reloaded assembly
[Package Manager] Server::EnsureServerProcessIsRunning -- launch failed, reason: Unity was launched with the -noUpm command-line argument
[Package Manager] UpmClient::Send -- Unable to send message (not connected to UPM process).
[Package Manager] Cannot connect to Unity Package Manager local server
- Finished resetting the current domain, in  1.733 seconds
Domain Reload Profiling: 2455ms
	BeginReloadAssembly (194ms)
		ExecutionOrderSort (0ms)
		DisableScriptedObjects (7ms)
		BackupInstance (0ms)
		ReleaseScriptingObjects (0ms)
		CreateAndSetChildDomain (50ms)
	RebuildCommonClasses (54ms)
	RebuildNativeTypeToScriptingClass (14ms)
	initialDomainReloadingComplete (41ms)
	LoadAllAssembliesAndSetupDomain (419ms)
		LoadAssemblies (448ms)
		RebuildTransferFunctionScriptingTraits (0ms)
		AnalyzeDomain (67ms)
			TypeCache.Refresh (13ms)
				TypeCache.ScanAssembly (1ms)
			ScanForSourceGeneratedMonoScriptInfo (36ms)
			ResolveRequiredComponents (15ms)
	FinalizeReload (1734ms)
		ReleaseScriptCaches (0ms)
		RebuildScriptCaches (0ms)
		SetupLoadedEditorAssemblies (641ms)
			LogAssemblyErrors (0ms)
			InitializePlatformSupportModulesInManaged (9ms)
			SetLoadedEditorAssemblies (5ms)
			RefreshPlugins (0ms)
			BeforeProcessingInitializeOnLoad (104ms)
			ProcessInitializeOnLoadAttributes (447ms)
			ProcessInitializeOnLoadMethodAttributes (68ms)
			AfterProcessingInitializeOnLoad (9ms)
			EditorAssembliesLoaded (0ms)
		ExecutionOrderSort2 (0ms)
		AwakeInstancesAfterBackupRestoration (8ms)
Refreshing native plugins compatible for Editor in 23.55 ms, found 10 plugins.
Preloading 0 native plugins for Editor in 0.00 ms.
Unloading 4969 Unused Serialized files (Serialized files now loaded: 0)
Unloading 68 unused Assets / (57.2 KB). Loaded Objects now: 5588.
Memory consumption went from 172.2 MB to 172.2 MB.
Total: 4.706600 ms (FindLiveObjects: 0.722900 ms CreateObjectMapping: 0.228200 ms MarkObjects: 3.607700 ms  DeleteObjects: 0.145900 ms)

Prepare: number of updated asset objects reloaded= 0
AssetImportParameters requested are different than current active one (requested -> active):
  custom:scripting/monoscript/fileName/DPadInteraction.cs: 93f85c8ba74c4199c8fc9b6e8c6fb8a6 -> 
  custom:scripting/monoscript/fileName/OpenXRFeatureSettingsEditor.cs: 46f7bc9b6667349416d592c92274a2cd -> 
  custom:container-demuxer-ogg: 62fdf1f143b41e24485cea50d1cbac27 -> 
  custom:scripting/monoscript/fileName/UWPCoreWindowBuildHooks.cs: 528ee0545204f8083d130ec04efc78bc -> 
  custom:scripting/monoscript/fileName/OpenXRLoaderBase.cs: 0b6a60b837fc38165e3eaf7aaf2bf3e3 -> 
  custom:scripting/monoscript/fileName/MetaQuestFeatureEditor.cs: fff340053bb2e94334d0d5989f2eb349 -> 
  custom:scripting/monoscript/fileName/XRDeviceSimulatorControllerUI.cs: 1fdda016482e80c4f698bd161ca6a92f -> 
  custom:scripting/monoscript/fileName/XRDeviceSimulatorUI.cs: 0ec50ce90bac5e819d9ddb292ac27c71 -> 
  custom:scripting/precompiled-assembly-types:Unity.XR.Management.Editor: 220852eb385ea4cc2eb66eb943d70995 -> 
  custom:scripting/monoscript/fileName/PalmPoseInteraction.cs: 6bd25b6029acb9127f25748cb0b6d2a8 -> 
  custom:scripting/precompiled-assembly-types:Unity.XR.OpenXR.Editor: b2a8f17f09055950b7f19e2845cbc5c2 -> 
  custom:scripting/monoscript/fileName/MetaQuestTouchPlusControllerProfile.cs: 4b9439e11567c27c85546e11bafeabe7 -> 
  custom:scripting/monoscript/fileName/XRPluginManagementProjectValidation.cs: 12841b9f0a8da6fb46dd05260375325e -> 
  custom:scripting/monoscript/fileName/OpenXRRuntime.cs: c3a00f9ce6a0283dcb391b83637adf44 -> 
  custom:video-decoder-ogg-theora: a1e56fd34408186e4bbccfd4996cb3dc -> 
  custom:scripting/monoscript/fileName/XRGeneralSettingsPerBuildTarget.cs: 6970e5bff368910038049eb1434facbf -> 
  custom:scripting/monoscript/fileName/MetaQuestTouchProControllerProfile.cs: 9fffae235d4c14901711127c7daeb86c -> 
  custom:scripting/monoscript/fileName/OpenXRConstants.cs: f878d042bd3999b796b9387b0c8a1032 -> 
  custom:scripting/monoscript/fileName/OpenXRFeatureUICommon.cs: 45f7a59cd9c5cd84e28e0f7a429879c2 -> 
  custom:scripting/precompiled-assembly-types:Unity.XR.OpenXR.Features.OculusQuestSupport.Editor: c62b8d05b94c435029ef9fc43d7261ca -> 
  custom:scripting/monoscript/fileName/XRLoaderInfo.cs: 86fa513bfc04d58509db292069910bf2 -> 
  custom:framework-win-MediaFoundation: 216162199b28c13a410421893ffa2e32 -> 
  custom:scripting/monoscript/fileName/OpenXRLoaderUI.cs: ebd8d704d5e26f054d43886c272cd005 -> 
  custom:scripting/monoscript/fileName/WaitForRestartFinish.cs: 0e76bf389cf347a5d8d6432ec661895f -> 
  custom:scripting/monoscript/fileName/OpenXRFeatureSettings.cs: 90647cc400823b41df847a6cbfc29026 -> 
  custom:scripting/monoscript/fileName/OpenXRBuildProcessor.cs: 48dc0e114f75799c0d74bafe70808189 -> 
  custom:scripting/monoscript/fileName/KHRSimpleControllerProfile.cs: bcdcb81587b2075f7af2f75706b9e69a -> 
  custom:scripting/monoscript/fileName/OpenXRFeatureInternal.cs: 90647cc400823b41df847a6cbfc29026 -> 
  custom:scripting/monoscript/fileName/OpenXRSpaceSettings.cs: 90647cc400823b41df847a6cbfc29026 -> 
  custom:scripting/monoscript/fileName/DPadInteractionCustomEditor.cs: d93785eeae2b4d41d39f603bd6f9849d -> 
  custom:scripting/precompiled-assembly-types:Unity.XR.OpenXR.Features.RuntimeDebugger.Editor: e1cc4b3ad1ade1a1503c3d79a1cfcaf0 -> 
  custom:scripting/monoscript/fileName/XRSettingsManager.cs: 701988ef3c16e84d3bc781477493ab34 -> 
  custom:scripting/monoscript/fileName/ConformanceAutomationFeature.cs: 97112e825fad9ed87f6a9c7acc231c0b -> 
  custom:scripting/monoscript/fileName/IXRLoaderPreInit.cs: 4dbca4fbe4a89e2a18943694f414e3a9 -> 
  custom:scripting/monoscript/fileName/XRGeneralBuildProcessor.cs: d52e14652f14fd6e56a66a859653fea9 -> 
  custom:scripting/monoscript/fileName/XRGeneralSettings.cs: 01e68fef49e5cbf622bb7b4ffc622d89 -> 
  custom:scripting/monoscript/fileName/XRManagerEditor.cs: 6847a9ea85cd2d801d895b625e9590ff -> 
  custom:scripting/monoscript/fileName/FeatureHelpers.cs: 0e8d07707daeed1da30b1605e903226b -> 
  custom:scripting/monoscript/fileName/DebuggerState.cs: 41070b7a08cc178a9ea51324cdaf5b81 -> 
  custom:scripting/monoscript/fileName/XRBuildProcessorHelper.cs: 90647cc400823b41df847a6cbfc29026 -> 
  custom:scripting/monoscript/fileName/TypeLoaderExtensions.cs: ee5d3b5e5d81c98c5d3594e8b9153df0 -> 
  custom:scripting/precompiled-assembly-types:Unity.XR.OpenXR.Features.OculusQuestSupport: d15f77eecb71f285045ab68c6a5ab3aa -> 
  custom:CustomObjectIndexerAttribute: 9a22284fe3817be447336de3de66b15e -> 
  custom:scripting/monoscript/fileName/OpenXRHmd.cs: 1624687aa096b40d58d149d9c6304cca -> 
  custom:scripting/precompiled-assembly-types:Unity.XR.OpenXR.Features.MetaQuestSupport.Editor: d29ebede884d38e464c8dad49331ddbf -> 
  custom:scripting/monoscript/fileName/XRConfigurationProvider.cs: fa91ddd62be7b4c45bfd03890af30249 -> 
  custom:scripting/monoscript/fileName/ManifestElement.cs: c30b57498d373b7476c4d7dfdaee189c -> 
  custom:scripting/monoscript/fileName/OpenXRMangementSettings.cs: 5a013b6c45b1e1d06085cb1496493b86 -> 
  custom:scripting/monoscript/fileName/XREditorWorkQueue.cs: 8e928039a032f154dc8a86537aaac69a -> 
  custom:scripting/monoscript/fileName/OculusTouchControllerProfile.cs: 03df51b5c781d1980f509408bae72bc8 -> 
  custom:scripting/precompiled-assembly-types:Unity.XR.Management: f5b1b59a8f17cb331d61fd7665721dab -> 
  custom:scripting/monoscript/fileName/ManifestRequirement.cs: d0237042ed94ccc3267a409cde8490a6 -> 
  custom:scripting/monoscript/fileName/OpenXRNativeTypes.cs: 11be60823314f621c1b0bb94bf4fe744 -> 
  custom:container-demuxer-webm: 4f35f7cbe854078d1ac9338744f61a02 -> 
  custom:scripting/monoscript/fileName/KnownFeatureSets.cs: 2cf391597f07a52473981e9cc2b41b67 -> 
  custom:scripting/precompiled-assembly-types:Unity.XR.OpenXR.Features.MockRuntime: e75d918d8106c27865ca5517b4bdd194 -> 
  custom:scripting/monoscript/fileName/PackageNotificationUtils.cs: e493f521fc1755dec19875ae28a4f621 -> 
  custom:scripting/monoscript/fileName/OpenXRProjectValidationRulesSetup.cs: 63c520149123eced22b6028c5ebd9d08 -> 
  custom:scripting/monoscript/fileName/XRPackageMetadataStore.cs: e06e5e9ffca9529e9db63900dd9caf32 -> 
  custom:scripting/monoscript/fileName/XRLoaderInfoManager.cs: 28efaa63edac30b89ccc35ca2bf149fa -> 
  custom:scripting/monoscript/fileName/XRConfigurationData.cs: 2cf07b13d54bfee2898ed6dc38612fbb -> 
  custom:scripting/monoscript/fileName/MicrosoftHandInteraction.cs: dac920740153b0163dda0f7e56920e40 -> 
  custom:scripting/monoscript/fileName/RuntimeDebuggerWindow.cs: 0bc1d5ee7ce2553d42d62861471f3c44 -> 
  custom:scripting/monoscript/fileName/PackageSettingsEditor.cs: 6212fddebb8f67c4da0f50592230839b -> 
  custom:scripting/monoscript/fileName/OpenXRFeature.cs: a84888103ea4406f238a41c42d12d002 -> 
  custom:scripting/monoscript/fileName/XRManagerSettings.cs: 39a1227fa3c478af29a735ec246b6baf -> 
  custom:scripting/monoscript/fileName/XRCustomLoaderUIManager.cs: 4be5a8f671a1d808dd1496961b79b86b -> 
  custom:container-muxer-webm: aa71ff27fc2769a1b78a27578f13a17b -> 
  custom:scripting/precompiled-assembly-types:Unity.XR.OpenXR: 6b540efea7d7bcf04b31853b4d2f54c0 -> 
  custom:scripting/monoscript/fileName/OpenXRLoader.cs: 2a03893d4aa4b960c2f49090b4b03a7b -> 
  custom:scripting/monoscript/fileName/ValveIndexControllerProfile.cs: f923b1771c835a70375d3505e818878d -> 
  custom:scripting/monoscript/fileName/OculusQuestFeatureEditor.cs: af70b82209b4cf6ce20a2da2892dfc5f -> 
  custom:video-decoder-webm-vp8: 9c59270c3fd7afecdb556c50c9e8de78 -> 
  custom:scripting/monoscript/fileName/OpenXRChooseRuntimeLibraries.cs: 3923c2f1337a35d737ad0192eb46b432 -> 
  custom:scripting/monoscript/fileName/OculusQuestFeature.cs: 041c3418dd65b8e99ca410c708996814 -> 
  custom:scripting/monoscript/fileName/OpenXRFeatureSetManager.cs: 4f340a53d115a7e1888d00ddc4cd614b -> 
  custom:scripting/monoscript/fileName/OpenXRColorSubmissonModeList.cs: 62c3c48199b3c893ece86757b75b0604 -> 
  custom:scripting/monoscript/fileName/OpenXRUtility.cs: af9b8bca68ffa2bc69f78ec0da9cf1fd -> 
  custom:SearchIndexIgnoredProperties: e643bd26f0fe6173181afceb89e7c659 -> 
  custom:scripting/monoscript/fileName/XRGeneralSettingsUpgrade.cs: cc8d2e81204b3fd0e662cd38ef4a2d49 -> 
  custom:AudioImporter_EditorPlatform: d09bf68614088b80899f8185d706f6e7 -> 
  custom:scripting/monoscript/fileName/MockRuntime.cs: 8e970d93da4762c7d57e9c9dd2b36dbb -> 
  custom:scripting/monoscript/fileName/OpenXRDevice.cs: 1b3be9b024fb29351711164fb0577202 -> 
  custom:scripting/monoscript/fileName/OpenXRUnityAPI.cs: 95d0f03221767acb8a4a43279af12154 -> 
  custom:scripting/monoscript/fileName/HTCViveControllerProfile.cs: 575b921c71649e99576a05f0add9cf5d -> 
  custom:scripting/monoscript/fileName/XRDeviceSimulatorHandsUI.cs: bca3963bba47bbf101fe9d7e7dd07836 -> 
  custom:scripting/monoscript/fileName/XRCustomLoaderUI.cs: a1b6225426bb5004db8b9d7388fe5771 -> 
  custom:scripting/monoscript/fileName/BootConfigBuilder.cs: a174d8870c7a69fabc7d42a75b0f23aa -> 
  custom:scripting/precompiled-assembly-types:Unity.XR.OpenXR.Features.RuntimeDebugger: 81fc02b8029ab9c0bce4eaa33a13e7d8 -> 
  custom:scripting/monoscript/fileName/OpenXRRenderSettings.cs: 90647cc400823b41df847a6cbfc29026 -> 
  custom:scripting/monoscript/fileName/EyeGazeInteraction.cs: dc1f12620c8656649cfc16f13969f5fa -> 
  custom:scripting/monoscript/fileName/OpenXRAnalytics.cs: 67d5de80ae8e3ee46bb1b4907783d54c -> 
  custom:scripting/monoscript/fileName/XRLoaderHelper.cs: ae85c4c4a11fcc1ed3393963333e400c -> 
  custom:scripting/monoscript/fileName/MicrosoftMotionControllerProfile.cs: 6dcaa2067404bed7771687f2f9dfa057 -> 
  custom:scripting/monoscript/fileName/XRLoader.cs: d82cec0b87bab7dffe74fb3651887ce3 -> 
  custom:scripting/monoscript/fileName/OpenXRRestarter.cs: c236f3f43c026f409512d203b81e6184 -> 
  custom:scripting/monoscript/fileName/OpenXRFeatureAttribute.cs: 99305d666df750d87e7264e3c7ae4f2a -> 
  custom:scripting/monoscript/fileName/XRSupportedBuildTargetAttribute.cs: f87a91ba911f6030453bea8d921b45d2 -> 
  custom:scripting/monoscript/fileName/OpenXRLoaderNoPreInit.cs: 8f7a064e1e0bb6e17b9f5d171fe53dfc -> 
  custom:scripting/monoscript/fileName/AndroidManifestProcessor.cs: d8dd4961c18e43fcd707eb950405363a -> 
  custom:scripting/precompiled-assembly-types:Unity.XR.OpenXR.Features.ConformanceAutomation: daaea684d78afe5278ff971b66e0fbf9 -> 
  custom:scripting/monoscript/fileName/HandCommonPosesInteraction.cs: c984aa78f460c3bf39ec56bc9a0a414a -> 
  custom:scripting/monoscript/fileName/OpenXRDiagnosticReport.cs: f43e8307d90025ed39c346ed63d1208d -> 
  custom:scripting/monoscript/fileName/RuntimeDebuggerOpenXRFeatureEditor.cs: 26a9be57964b520d3a47d8c20db877e9 -> 
  custom:scripting/monoscript/fileName/PoseControl.cs: 4ff0d325328ef40fb1693e34ac3358bf -> 26044499bf9bfd77ab38d92d33de1d80
  custom:scripting/monoscript/fileName/OpenXRFeatureBuildHooks.cs: da31756dd3c74e69bcd7ed1a1983ed53 -> 
  custom:scripting/monoscript/fileName/BuildHelpers.cs: 52ee9552b5cbbfe4eb60d480e36ffff5 -> 
  custom:scripting/monoscript/fileName/HPReverbG2ControllerProfile.cs: 6aadb5e22feaccfa77ef6db6c4d4541c -> 
  custom:scripting/monoscript/fileName/XRLoaderOrderUI.cs: 7bb0491ac9109774b097f2da80cd0c03 -> 
  custom:scripting/monoscript/fileName/AndroidManifestBuildEventReceiver.cs: 641c0bff5eb90d0569a809ea302132ee -> 
  custom:video-encoder-webm-vp8: eb34c28f22e8b96e1ab97ce403110664 -> 
  custom:scripting/monoscript/fileName/BootConfig.cs: b2c4d54615a39b14509e601dd0f329ff -> 
  custom:audio-decoder-ogg-vorbis: bf7c407c2cedff20999df2af8eb42d56 -> 
  custom:scripting/precompiled-assembly-types:Unity.XR.OpenXR.Features.MetaQuestSupport: d273bae1c8d7007d6b0fe4b360a89ef1 -> 
  custom:scripting/monoscript/fileName/IAndroidManifestRequirementProvider.cs: 42bf6f4b06629c812bd73f8ff461fec4 -> 
  custom:scripting/monoscript/fileName/XrPerformanceSettingsFeature.cs: d323744d9bc61085862cbc785e1f985c -> 
  custom:scripting/monoscript/fileName/OpenXRPackageSettings.cs: 4f4aaba453bf105fb1c3c3d64247142d -> 
  custom:scripting/monoscript/fileName/ModifyAndroidManifestMeta.cs: 3b920058e4dd8cbdb95cce4af271f981 -> 
  custom:scripting/monoscript/fileName/EditorUtilities.cs: 219d482e32bf0c01357e773617418955 -> 
  custom:scripting/monoscript/fileName/OpenXRFeatureSetAttribute.cs: 9e20f05fe0a3688af8836175869f0bb7 -> 
  custom:scripting/monoscript/fileName/XRPackageInitialization.cs: 1f095dd277a284b59543541a608de1da -> 
  custom:scripting/monoscript/fileName/FoveatedRenderingFeature.cs: 3cd591174f2fee5d1b0d6a1875383a9b -> 
  custom:scripting/monoscript/fileName/KnownPackages.cs: 8647f39ea28525d7cb72646ed790f6ec -> 
  custom:scripting/monoscript/fileName/HapticControl.cs: d7a5389cafde2a1337c58e2f0d91a837 -> 
  custom:scripting/monoscript/fileName/MetaQuestFeature.cs: b9c317336250afc5bb5fa2c2df269ea6 -> 
  custom:scripting/precompiled-assembly-types:Unity.XR.Interaction.Toolkit.Samples.DeviceSimulator: b1a8126a568547b099f25fc1d4f742a8 -> 
  custom:scripting/monoscript/fileName/XrPerformanceSettingsTypes.cs: 5bc9c5b4646eff91646254ce341c6683 -> 
  custom:scripting/monoscript/fileName/OpenXRRuntimeSelector.cs: 929d3ce28c815a19c6c335174420bf6b -> 
  custom:scripting/monoscript/fileName/OpenXRFeatureEditor.cs: 01dd3fecc4e9c7ce9fb6af5d0948ba2a -> 
  custom:scripting/monoscript/fileName/XRConstants.cs: 1558884a4b0ea94b4910dd640a0e6741 -> 
  custom:scripting/monoscript/fileName/BuildHelperUtils.cs: 619773c3d1b7f3f0ca7461f5c27242a8 -> 
  custom:scripting/monoscript/fileName/gameManager_sc.cs: 06c6a4dd38765e854ad12ef8e96c6c7b -> 
  custom:scripting/monoscript/fileName/HandInteractionProfile.cs: 9c7649bd495ee99cc73ddacbe0a8cd95 -> 
  custom:scripting/monoscript/fileName/XRManagementAnalytics.cs: 546181baf4c03dbbd57015a6731508f8 -> 
  custom:scripting/monoscript/fileName/ModifyAndroidManifestOculus.cs: 1d09740e7edd66fffc5895aae9e385d3 -> 
  custom:scripting/monoscript/fileName/XRPackage.cs: f2edbbf87f9b798abaf2a9f285d155f5 -> 
  custom:audio-encoder-webm-vorbis: bf7c407c2cedff20999df2af8eb42d56 -> 
  custom:scripting/monoscript/fileName/RuntimeDebuggerOpenXRFeature.cs: 8b269b64ad1c99e85d7f28185c15f7bb -> 
  custom:scripting/monoscript/fileName/MetaQuestFeatureBuildHooks.cs: 2ac755c66ffd4e4b7c22530386a7ba47 -> 
  custom:scripting/monoscript/fileName/AndroidManifestDocument.cs: 4c38ca7417a5355dfe2fd0b706ad71e8 -> 
  custom:scripting/monoscript/fileName/XRPackageInitializationSettings.cs: 2f743437d3b09c9a4a5a33e9be971b1a -> 
  custom:scripting/precompiled-assembly-types:Assembly-CSharp: 8b28787ff12a5911776cbd01cd3f8e8f -> 4f47e1615c5f2acb1872d32e2b45cd01
  custom:scripting/monoscript/fileName/XRPackageMetadata.cs: 16731333f575d8bc31df496aced36ebf -> 
  custom:scripting/monoscript/fileName/OpenXRInput.cs: b351db87f98ee399e568b78e0ed353e3 -> 
  custom:scripting/monoscript/fileName/OpenXRInteractionFeature.cs: a60484418ad6b497996467bb6f98db73 -> 
  custom:scripting/monoscript/fileName/OpenXRSettings.cs: f8ff4c7422697fc56884f260233aaf86 -> 
  custom:scripting/monoscript/fileName/OpenXREditorSettings.cs: 321e3a8126bc4b0248cbcecf63892f31 -> 
  custom:scripting/monoscript/fileName/OpenXRProjectValidation.cs: 181508e149a91a64c6dfdc447b97c322 -> 
========================================================================
Received Prepare
Caller must complete domain reload
Begin MonoManager ReloadAssembly
- Loaded All Assemblies, in  0.600 seconds
Native extension for WindowsStandalone target not found
Mono: successfully reloaded assembly
[Package Manager] Server::EnsureServerProcessIsRunning -- launch failed, reason: Unity was launched with the -noUpm command-line argument
[Package Manager] UpmClient::Send -- Unable to send message (not connected to UPM process).
[Package Manager] Cannot connect to Unity Package Manager local server
- Finished resetting the current domain, in  1.450 seconds
Domain Reload Profiling: 2048ms
	BeginReloadAssembly (173ms)
		ExecutionOrderSort (0ms)
		DisableScriptedObjects (5ms)
		BackupInstance (0ms)
		ReleaseScriptingObjects (0ms)
		CreateAndSetChildDomain (42ms)
	RebuildCommonClasses (34ms)
	RebuildNativeTypeToScriptingClass (13ms)
	initialDomainReloadingComplete (33ms)
	LoadAllAssembliesAndSetupDomain (344ms)
		LoadAssemblies (368ms)
		RebuildTransferFunctionScriptingTraits (0ms)
		AnalyzeDomain (64ms)
			TypeCache.Refresh (17ms)
				TypeCache.ScanAssembly (1ms)
			ScanForSourceGeneratedMonoScriptInfo (30ms)
			ResolveRequiredComponents (14ms)
	FinalizeReload (1451ms)
		ReleaseScriptCaches (0ms)
		RebuildScriptCaches (0ms)
		SetupLoadedEditorAssemblies (569ms)
			LogAssemblyErrors (0ms)
			InitializePlatformSupportModulesInManaged (8ms)
			SetLoadedEditorAssemblies (3ms)
			RefreshPlugins (0ms)
			BeforeProcessingInitializeOnLoad (83ms)
			ProcessInitializeOnLoadAttributes (398ms)
			ProcessInitializeOnLoadMethodAttributes (68ms)
			AfterProcessingInitializeOnLoad (8ms)
			EditorAssembliesLoaded (0ms)
		ExecutionOrderSort2 (0ms)
		AwakeInstancesAfterBackupRestoration (10ms)
Refreshing native plugins compatible for Editor in 23.47 ms, found 10 plugins.
Preloading 0 native plugins for Editor in 0.00 ms.
Unloading 4969 Unused Serialized files (Serialized files now loaded: 0)
Unloading 68 unused Assets / (57.1 KB). Loaded Objects now: 5592.
Memory consumption went from 172.2 MB to 172.1 MB.
Total: 6.623200 ms (FindLiveObjects: 0.932800 ms CreateObjectMapping: 0.652700 ms MarkObjects: 4.857100 ms  DeleteObjects: 0.178700 ms)

Prepare: number of updated asset objects reloaded= 0
AssetImportParameters requested are different than current active one (requested -> active):
  custom:scripting/monoscript/fileName/DPadInteraction.cs: 93f85c8ba74c4199c8fc9b6e8c6fb8a6 -> 
  custom:scripting/monoscript/fileName/OpenXRFeatureSettingsEditor.cs: 46f7bc9b6667349416d592c92274a2cd -> 
  custom:container-demuxer-ogg: 62fdf1f143b41e24485cea50d1cbac27 -> 
  custom:scripting/monoscript/fileName/UWPCoreWindowBuildHooks.cs: 528ee0545204f8083d130ec04efc78bc -> 
  custom:scripting/monoscript/fileName/OpenXRLoaderBase.cs: 0b6a60b837fc38165e3eaf7aaf2bf3e3 -> 
  custom:scripting/monoscript/fileName/MetaQuestFeatureEditor.cs: fff340053bb2e94334d0d5989f2eb349 -> 
  custom:scripting/monoscript/fileName/XRDeviceSimulatorControllerUI.cs: 1fdda016482e80c4f698bd161ca6a92f -> 
  custom:scripting/monoscript/fileName/XRDeviceSimulatorUI.cs: 0ec50ce90bac5e819d9ddb292ac27c71 -> 
  custom:scripting/precompiled-assembly-types:Unity.XR.Management.Editor: 220852eb385ea4cc2eb66eb943d70995 -> 
  custom:scripting/monoscript/fileName/PalmPoseInteraction.cs: 6bd25b6029acb9127f25748cb0b6d2a8 -> 
  custom:scripting/precompiled-assembly-types:Unity.XR.OpenXR.Editor: b2a8f17f09055950b7f19e2845cbc5c2 -> 
  custom:scripting/monoscript/fileName/MetaQuestTouchPlusControllerProfile.cs: 4b9439e11567c27c85546e11bafeabe7 -> 
  custom:scripting/monoscript/fileName/XRPluginManagementProjectValidation.cs: 12841b9f0a8da6fb46dd05260375325e -> 
  custom:scripting/monoscript/fileName/OpenXRRuntime.cs: c3a00f9ce6a0283dcb391b83637adf44 -> 
  custom:video-decoder-ogg-theora: a1e56fd34408186e4bbccfd4996cb3dc -> 
  custom:scripting/monoscript/fileName/XRGeneralSettingsPerBuildTarget.cs: 6970e5bff368910038049eb1434facbf -> 
  custom:scripting/monoscript/fileName/MetaQuestTouchProControllerProfile.cs: 9fffae235d4c14901711127c7daeb86c -> 
  custom:scripting/monoscript/fileName/OpenXRConstants.cs: f878d042bd3999b796b9387b0c8a1032 -> 
  custom:scripting/monoscript/fileName/OpenXRFeatureUICommon.cs: 45f7a59cd9c5cd84e28e0f7a429879c2 -> 
  custom:scripting/precompiled-assembly-types:Unity.XR.OpenXR.Features.OculusQuestSupport.Editor: c62b8d05b94c435029ef9fc43d7261ca -> 
  custom:scripting/monoscript/fileName/XRLoaderInfo.cs: 86fa513bfc04d58509db292069910bf2 -> 
  custom:framework-win-MediaFoundation: 216162199b28c13a410421893ffa2e32 -> 
  custom:scripting/monoscript/fileName/OpenXRLoaderUI.cs: ebd8d704d5e26f054d43886c272cd005 -> 
  custom:scripting/monoscript/fileName/WaitForRestartFinish.cs: 0e76bf389cf347a5d8d6432ec661895f -> 
  custom:scripting/monoscript/fileName/OpenXRFeatureSettings.cs: 90647cc400823b41df847a6cbfc29026 -> 
  custom:scripting/monoscript/fileName/OpenXRBuildProcessor.cs: 48dc0e114f75799c0d74bafe70808189 -> 
  custom:scripting/monoscript/fileName/KHRSimpleControllerProfile.cs: bcdcb81587b2075f7af2f75706b9e69a -> 
  custom:scripting/monoscript/fileName/OpenXRFeatureInternal.cs: 90647cc400823b41df847a6cbfc29026 -> 
  custom:scripting/monoscript/fileName/OpenXRSpaceSettings.cs: 90647cc400823b41df847a6cbfc29026 -> 
  custom:scripting/monoscript/fileName/DPadInteractionCustomEditor.cs: d93785eeae2b4d41d39f603bd6f9849d -> 
  custom:scripting/precompiled-assembly-types:Unity.XR.OpenXR.Features.RuntimeDebugger.Editor: e1cc4b3ad1ade1a1503c3d79a1cfcaf0 -> 
  custom:scripting/monoscript/fileName/XRSettingsManager.cs: 701988ef3c16e84d3bc781477493ab34 -> 
  custom:scripting/monoscript/fileName/ConformanceAutomationFeature.cs: 97112e825fad9ed87f6a9c7acc231c0b -> 
  custom:scripting/monoscript/fileName/IXRLoaderPreInit.cs: 4dbca4fbe4a89e2a18943694f414e3a9 -> 
  custom:scripting/monoscript/fileName/XRGeneralBuildProcessor.cs: d52e14652f14fd6e56a66a859653fea9 -> 
  custom:scripting/monoscript/fileName/XRGeneralSettings.cs: 01e68fef49e5cbf622bb7b4ffc622d89 -> 
  custom:scripting/monoscript/fileName/XRManagerEditor.cs: 6847a9ea85cd2d801d895b625e9590ff -> 
  custom:scripting/monoscript/fileName/FeatureHelpers.cs: 0e8d07707daeed1da30b1605e903226b -> 
  custom:scripting/monoscript/fileName/DebuggerState.cs: 41070b7a08cc178a9ea51324cdaf5b81 -> 
  custom:scripting/monoscript/fileName/XRBuildProcessorHelper.cs: 90647cc400823b41df847a6cbfc29026 -> 
  custom:scripting/monoscript/fileName/TypeLoaderExtensions.cs: ee5d3b5e5d81c98c5d3594e8b9153df0 -> 
  custom:scripting/precompiled-assembly-types:Unity.XR.OpenXR.Features.OculusQuestSupport: d15f77eecb71f285045ab68c6a5ab3aa -> 
  custom:CustomObjectIndexerAttribute: 9a22284fe3817be447336de3de66b15e -> 
  custom:scripting/monoscript/fileName/OpenXRHmd.cs: 1624687aa096b40d58d149d9c6304cca -> 
  custom:scripting/precompiled-assembly-types:Unity.XR.OpenXR.Features.MetaQuestSupport.Editor: d29ebede884d38e464c8dad49331ddbf -> 
  custom:scripting/monoscript/fileName/XRConfigurationProvider.cs: fa91ddd62be7b4c45bfd03890af30249 -> 
  custom:scripting/monoscript/fileName/ManifestElement.cs: c30b57498d373b7476c4d7dfdaee189c -> 
  custom:scripting/monoscript/fileName/OpenXRMangementSettings.cs: 5a013b6c45b1e1d06085cb1496493b86 -> 
  custom:scripting/monoscript/fileName/XREditorWorkQueue.cs: 8e928039a032f154dc8a86537aaac69a -> 
  custom:scripting/monoscript/fileName/OculusTouchControllerProfile.cs: 03df51b5c781d1980f509408bae72bc8 -> 
  custom:scripting/precompiled-assembly-types:Unity.XR.Management: f5b1b59a8f17cb331d61fd7665721dab -> 
  custom:scripting/monoscript/fileName/ManifestRequirement.cs: d0237042ed94ccc3267a409cde8490a6 -> 
  custom:scripting/monoscript/fileName/OpenXRNativeTypes.cs: 11be60823314f621c1b0bb94bf4fe744 -> 
  custom:container-demuxer-webm: 4f35f7cbe854078d1ac9338744f61a02 -> 
  custom:scripting/monoscript/fileName/KnownFeatureSets.cs: 2cf391597f07a52473981e9cc2b41b67 -> 
  custom:scripting/precompiled-assembly-types:Unity.XR.OpenXR.Features.MockRuntime: e75d918d8106c27865ca5517b4bdd194 -> 
  custom:scripting/monoscript/fileName/PackageNotificationUtils.cs: e493f521fc1755dec19875ae28a4f621 -> 
  custom:scripting/monoscript/fileName/OpenXRProjectValidationRulesSetup.cs: 63c520149123eced22b6028c5ebd9d08 -> 
  custom:scripting/monoscript/fileName/XRPackageMetadataStore.cs: e06e5e9ffca9529e9db63900dd9caf32 -> 
  custom:scripting/monoscript/fileName/XRLoaderInfoManager.cs: 28efaa63edac30b89ccc35ca2bf149fa -> 
  custom:scripting/monoscript/fileName/XRConfigurationData.cs: 2cf07b13d54bfee2898ed6dc38612fbb -> 
  custom:scripting/monoscript/fileName/MicrosoftHandInteraction.cs: dac920740153b0163dda0f7e56920e40 -> 
  custom:scripting/monoscript/fileName/RuntimeDebuggerWindow.cs: 0bc1d5ee7ce2553d42d62861471f3c44 -> 
  custom:scripting/monoscript/fileName/PackageSettingsEditor.cs: 6212fddebb8f67c4da0f50592230839b -> 
  custom:scripting/monoscript/fileName/OpenXRFeature.cs: a84888103ea4406f238a41c42d12d002 -> 
  custom:scripting/monoscript/fileName/XRManagerSettings.cs: 39a1227fa3c478af29a735ec246b6baf -> 
  custom:scripting/monoscript/fileName/XRCustomLoaderUIManager.cs: 4be5a8f671a1d808dd1496961b79b86b -> 
  custom:container-muxer-webm: aa71ff27fc2769a1b78a27578f13a17b -> 
  custom:scripting/precompiled-assembly-types:Unity.XR.OpenXR: 6b540efea7d7bcf04b31853b4d2f54c0 -> 
  custom:scripting/monoscript/fileName/OpenXRLoader.cs: 2a03893d4aa4b960c2f49090b4b03a7b -> 
  custom:scripting/monoscript/fileName/ValveIndexControllerProfile.cs: f923b1771c835a70375d3505e818878d -> 
  custom:scripting/monoscript/fileName/OculusQuestFeatureEditor.cs: af70b82209b4cf6ce20a2da2892dfc5f -> 
  custom:video-decoder-webm-vp8: 9c59270c3fd7afecdb556c50c9e8de78 -> 
  custom:scripting/monoscript/fileName/OpenXRChooseRuntimeLibraries.cs: 3923c2f1337a35d737ad0192eb46b432 -> 
  custom:scripting/monoscript/fileName/OculusQuestFeature.cs: 041c3418dd65b8e99ca410c708996814 -> 
  custom:scripting/monoscript/fileName/OpenXRFeatureSetManager.cs: 4f340a53d115a7e1888d00ddc4cd614b -> 
  custom:scripting/monoscript/fileName/OpenXRColorSubmissonModeList.cs: 62c3c48199b3c893ece86757b75b0604 -> 
  custom:scripting/monoscript/fileName/OpenXRUtility.cs: af9b8bca68ffa2bc69f78ec0da9cf1fd -> 
  custom:SearchIndexIgnoredProperties: e643bd26f0fe6173181afceb89e7c659 -> 
  custom:scripting/monoscript/fileName/XRGeneralSettingsUpgrade.cs: cc8d2e81204b3fd0e662cd38ef4a2d49 -> 
  custom:AudioImporter_EditorPlatform: d09bf68614088b80899f8185d706f6e7 -> 
  custom:scripting/monoscript/fileName/MockRuntime.cs: 8e970d93da4762c7d57e9c9dd2b36dbb -> 
  custom:scripting/monoscript/fileName/OpenXRDevice.cs: 1b3be9b024fb29351711164fb0577202 -> 
  custom:scripting/monoscript/fileName/OpenXRUnityAPI.cs: 95d0f03221767acb8a4a43279af12154 -> 
  custom:scripting/monoscript/fileName/HTCViveControllerProfile.cs: 575b921c71649e99576a05f0add9cf5d -> 
  custom:scripting/monoscript/fileName/XRDeviceSimulatorHandsUI.cs: bca3963bba47bbf101fe9d7e7dd07836 -> 
  custom:scripting/monoscript/fileName/XRCustomLoaderUI.cs: a1b6225426bb5004db8b9d7388fe5771 -> 
  custom:scripting/monoscript/fileName/BootConfigBuilder.cs: a174d8870c7a69fabc7d42a75b0f23aa -> 
  custom:scripting/precompiled-assembly-types:Unity.XR.OpenXR.Features.RuntimeDebugger: 81fc02b8029ab9c0bce4eaa33a13e7d8 -> 
  custom:scripting/monoscript/fileName/OpenXRRenderSettings.cs: 90647cc400823b41df847a6cbfc29026 -> 
  custom:scripting/monoscript/fileName/EyeGazeInteraction.cs: dc1f12620c8656649cfc16f13969f5fa -> 
  custom:scripting/monoscript/fileName/OpenXRAnalytics.cs: 67d5de80ae8e3ee46bb1b4907783d54c -> 
  custom:scripting/monoscript/fileName/XRLoaderHelper.cs: ae85c4c4a11fcc1ed3393963333e400c -> 
  custom:scripting/monoscript/fileName/MicrosoftMotionControllerProfile.cs: 6dcaa2067404bed7771687f2f9dfa057 -> 
  custom:scripting/monoscript/fileName/XRLoader.cs: d82cec0b87bab7dffe74fb3651887ce3 -> 
  custom:scripting/monoscript/fileName/OpenXRRestarter.cs: c236f3f43c026f409512d203b81e6184 -> 
  custom:scripting/monoscript/fileName/OpenXRFeatureAttribute.cs: 99305d666df750d87e7264e3c7ae4f2a -> 
  custom:scripting/monoscript/fileName/XRSupportedBuildTargetAttribute.cs: f87a91ba911f6030453bea8d921b45d2 -> 
  custom:scripting/monoscript/fileName/OpenXRLoaderNoPreInit.cs: 8f7a064e1e0bb6e17b9f5d171fe53dfc -> 
  custom:scripting/monoscript/fileName/AndroidManifestProcessor.cs: d8dd4961c18e43fcd707eb950405363a -> 
  custom:scripting/precompiled-assembly-types:Unity.XR.OpenXR.Features.ConformanceAutomation: daaea684d78afe5278ff971b66e0fbf9 -> 
  custom:scripting/monoscript/fileName/HandCommonPosesInteraction.cs: c984aa78f460c3bf39ec56bc9a0a414a -> 
  custom:scripting/monoscript/fileName/OpenXRDiagnosticReport.cs: f43e8307d90025ed39c346ed63d1208d -> 
  custom:scripting/monoscript/fileName/RuntimeDebuggerOpenXRFeatureEditor.cs: 26a9be57964b520d3a47d8c20db877e9 -> 
  custom:scripting/monoscript/fileName/PoseControl.cs: 4ff0d325328ef40fb1693e34ac3358bf -> 26044499bf9bfd77ab38d92d33de1d80
  custom:scripting/monoscript/fileName/OpenXRFeatureBuildHooks.cs: da31756dd3c74e69bcd7ed1a1983ed53 -> 
  custom:scripting/monoscript/fileName/BuildHelpers.cs: 52ee9552b5cbbfe4eb60d480e36ffff5 -> 
  custom:scripting/monoscript/fileName/HPReverbG2ControllerProfile.cs: 6aadb5e22feaccfa77ef6db6c4d4541c -> 
  custom:scripting/monoscript/fileName/XRLoaderOrderUI.cs: 7bb0491ac9109774b097f2da80cd0c03 -> 
  custom:scripting/monoscript/fileName/AndroidManifestBuildEventReceiver.cs: 641c0bff5eb90d0569a809ea302132ee -> 
  custom:video-encoder-webm-vp8: eb34c28f22e8b96e1ab97ce403110664 -> 
  custom:scripting/monoscript/fileName/BootConfig.cs: b2c4d54615a39b14509e601dd0f329ff -> 
  custom:audio-decoder-ogg-vorbis: bf7c407c2cedff20999df2af8eb42d56 -> 
  custom:scripting/precompiled-assembly-types:Unity.XR.OpenXR.Features.MetaQuestSupport: d273bae1c8d7007d6b0fe4b360a89ef1 -> 
  custom:scripting/monoscript/fileName/IAndroidManifestRequirementProvider.cs: 42bf6f4b06629c812bd73f8ff461fec4 -> 
  custom:scripting/monoscript/fileName/XrPerformanceSettingsFeature.cs: d323744d9bc61085862cbc785e1f985c -> 
  custom:scripting/monoscript/fileName/OpenXRPackageSettings.cs: 4f4aaba453bf105fb1c3c3d64247142d -> 
  custom:scripting/monoscript/fileName/ModifyAndroidManifestMeta.cs: 3b920058e4dd8cbdb95cce4af271f981 -> 
  custom:scripting/monoscript/fileName/EditorUtilities.cs: 219d482e32bf0c01357e773617418955 -> 
  custom:scripting/monoscript/fileName/OpenXRFeatureSetAttribute.cs: 9e20f05fe0a3688af8836175869f0bb7 -> 
  custom:scripting/monoscript/fileName/XRPackageInitialization.cs: 1f095dd277a284b59543541a608de1da -> 
  custom:scripting/monoscript/fileName/FoveatedRenderingFeature.cs: 3cd591174f2fee5d1b0d6a1875383a9b -> 
  custom:scripting/monoscript/fileName/KnownPackages.cs: 8647f39ea28525d7cb72646ed790f6ec -> 
  custom:scripting/monoscript/fileName/HapticControl.cs: d7a5389cafde2a1337c58e2f0d91a837 -> 
  custom:scripting/monoscript/fileName/MetaQuestFeature.cs: b9c317336250afc5bb5fa2c2df269ea6 -> 
  custom:scripting/precompiled-assembly-types:Unity.XR.Interaction.Toolkit.Samples.DeviceSimulator: b1a8126a568547b099f25fc1d4f742a8 -> 
  custom:scripting/monoscript/fileName/XrPerformanceSettingsTypes.cs: 5bc9c5b4646eff91646254ce341c6683 -> 
  custom:scripting/monoscript/fileName/OpenXRRuntimeSelector.cs: 929d3ce28c815a19c6c335174420bf6b -> 
  custom:scripting/monoscript/fileName/OpenXRFeatureEditor.cs: 01dd3fecc4e9c7ce9fb6af5d0948ba2a -> 
  custom:scripting/monoscript/fileName/XRConstants.cs: 1558884a4b0ea94b4910dd640a0e6741 -> 
  custom:scripting/monoscript/fileName/BuildHelperUtils.cs: 619773c3d1b7f3f0ca7461f5c27242a8 -> 
  custom:scripting/monoscript/fileName/gameManager_sc.cs: 06c6a4dd38765e854ad12ef8e96c6c7b -> 
  custom:scripting/monoscript/fileName/HandInteractionProfile.cs: 9c7649bd495ee99cc73ddacbe0a8cd95 -> 
  custom:scripting/monoscript/fileName/XRManagementAnalytics.cs: 546181baf4c03dbbd57015a6731508f8 -> 
  custom:scripting/monoscript/fileName/ModifyAndroidManifestOculus.cs: 1d09740e7edd66fffc5895aae9e385d3 -> 
  custom:scripting/monoscript/fileName/XRPackage.cs: f2edbbf87f9b798abaf2a9f285d155f5 -> 
  custom:audio-encoder-webm-vorbis: bf7c407c2cedff20999df2af8eb42d56 -> 
  custom:scripting/monoscript/fileName/RuntimeDebuggerOpenXRFeature.cs: 8b269b64ad1c99e85d7f28185c15f7bb -> 
  custom:scripting/monoscript/fileName/MetaQuestFeatureBuildHooks.cs: 2ac755c66ffd4e4b7c22530386a7ba47 -> 
  custom:scripting/monoscript/fileName/AndroidManifestDocument.cs: 4c38ca7417a5355dfe2fd0b706ad71e8 -> 
  custom:scripting/monoscript/fileName/XRPackageInitializationSettings.cs: 2f743437d3b09c9a4a5a33e9be971b1a -> 
  custom:scripting/precompiled-assembly-types:Assembly-CSharp: 8b28787ff12a5911776cbd01cd3f8e8f -> 4f47e1615c5f2acb1872d32e2b45cd01
  custom:scripting/monoscript/fileName/XRPackageMetadata.cs: 16731333f575d8bc31df496aced36ebf -> 
  custom:scripting/monoscript/fileName/OpenXRInput.cs: b351db87f98ee399e568b78e0ed353e3 -> 
  custom:scripting/monoscript/fileName/OpenXRInteractionFeature.cs: a60484418ad6b497996467bb6f98db73 -> 
  custom:scripting/monoscript/fileName/OpenXRSettings.cs: f8ff4c7422697fc56884f260233aaf86 -> 
  custom:scripting/monoscript/fileName/OpenXREditorSettings.cs: 321e3a8126bc4b0248cbcecf63892f31 -> 
  custom:scripting/monoscript/fileName/OpenXRProjectValidation.cs: 181508e149a91a64c6dfdc447b97c322 -> 
========================================================================
Received Prepare
Caller must complete domain reload
Begin MonoManager ReloadAssembly
- Loaded All Assemblies, in  0.599 seconds
Native extension for WindowsStandalone target not found
Mono: successfully reloaded assembly
[Package Manager] Server::EnsureServerProcessIsRunning -- launch failed, reason: Unity was launched with the -noUpm command-line argument
[Package Manager] UpmClient::Send -- Unable to send message (not connected to UPM process).
[Package Manager] Cannot connect to Unity Package Manager local server
- Finished resetting the current domain, in  1.552 seconds
Domain Reload Profiling: 2149ms
	BeginReloadAssembly (182ms)
		ExecutionOrderSort (0ms)
		DisableScriptedObjects (5ms)
		BackupInstance (0ms)
		ReleaseScriptingObjects (0ms)
		CreateAndSetChildDomain (52ms)
	RebuildCommonClasses (39ms)
	RebuildNativeTypeToScriptingClass (12ms)
	initialDomainReloadingComplete (38ms)
	LoadAllAssembliesAndSetupDomain (324ms)
		LoadAssemblies (386ms)
		RebuildTransferFunctionScriptingTraits (0ms)
		AnalyzeDomain (24ms)
			TypeCache.Refresh (8ms)
				TypeCache.ScanAssembly (0ms)
			ScanForSourceGeneratedMonoScriptInfo (0ms)
			ResolveRequiredComponents (13ms)
	FinalizeReload (1552ms)
		ReleaseScriptCaches (0ms)
		RebuildScriptCaches (0ms)
		SetupLoadedEditorAssemblies (669ms)
			LogAssemblyErrors (0ms)
			InitializePlatformSupportModulesInManaged (7ms)
			SetLoadedEditorAssemblies (3ms)
			RefreshPlugins (0ms)
			BeforeProcessingInitializeOnLoad (83ms)
			ProcessInitializeOnLoadAttributes (479ms)
			ProcessInitializeOnLoadMethodAttributes (88ms)
			AfterProcessingInitializeOnLoad (8ms)
			EditorAssembliesLoaded (1ms)
		ExecutionOrderSort2 (0ms)
		AwakeInstancesAfterBackupRestoration (9ms)
Refreshing native plugins compatible for Editor in 26.45 ms, found 10 plugins.
Preloading 0 native plugins for Editor in 0.00 ms.
Unloading 4969 Unused Serialized files (Serialized files now loaded: 0)
Unloading 68 unused Assets / (57.1 KB). Loaded Objects now: 5596.
Memory consumption went from 172.3 MB to 172.2 MB.
Total: 7.418300 ms (FindLiveObjects: 0.801000 ms CreateObjectMapping: 0.453400 ms MarkObjects: 5.899900 ms  DeleteObjects: 0.260900 ms)

Prepare: number of updated asset objects reloaded= 0
AssetImportParameters requested are different than current active one (requested -> active):
  custom:scripting/monoscript/fileName/DPadInteraction.cs: 93f85c8ba74c4199c8fc9b6e8c6fb8a6 -> 
  custom:scripting/monoscript/fileName/OpenXRFeatureSettingsEditor.cs: 46f7bc9b6667349416d592c92274a2cd -> 
  custom:container-demuxer-ogg: 62fdf1f143b41e24485cea50d1cbac27 -> 
  custom:scripting/monoscript/fileName/UWPCoreWindowBuildHooks.cs: 528ee0545204f8083d130ec04efc78bc -> 
  custom:scripting/monoscript/fileName/OpenXRLoaderBase.cs: 0b6a60b837fc38165e3eaf7aaf2bf3e3 -> 
  custom:scripting/monoscript/fileName/MetaQuestFeatureEditor.cs: fff340053bb2e94334d0d5989f2eb349 -> 
  custom:scripting/monoscript/fileName/XRDeviceSimulatorControllerUI.cs: 1fdda016482e80c4f698bd161ca6a92f -> 
  custom:scripting/monoscript/fileName/XRDeviceSimulatorUI.cs: 0ec50ce90bac5e819d9ddb292ac27c71 -> 
  custom:scripting/precompiled-assembly-types:Unity.XR.Management.Editor: 220852eb385ea4cc2eb66eb943d70995 -> 
  custom:scripting/monoscript/fileName/PalmPoseInteraction.cs: 6bd25b6029acb9127f25748cb0b6d2a8 -> 
  custom:scripting/precompiled-assembly-types:Unity.XR.OpenXR.Editor: b2a8f17f09055950b7f19e2845cbc5c2 -> 
  custom:scripting/monoscript/fileName/MetaQuestTouchPlusControllerProfile.cs: 4b9439e11567c27c85546e11bafeabe7 -> 
  custom:scripting/monoscript/fileName/XRPluginManagementProjectValidation.cs: 12841b9f0a8da6fb46dd05260375325e -> 
  custom:scripting/monoscript/fileName/OpenXRRuntime.cs: c3a00f9ce6a0283dcb391b83637adf44 -> 
  custom:video-decoder-ogg-theora: a1e56fd34408186e4bbccfd4996cb3dc -> 
  custom:scripting/monoscript/fileName/XRGeneralSettingsPerBuildTarget.cs: 6970e5bff368910038049eb1434facbf -> 
  custom:scripting/monoscript/fileName/MetaQuestTouchProControllerProfile.cs: 9fffae235d4c14901711127c7daeb86c -> 
  custom:scripting/monoscript/fileName/OpenXRConstants.cs: f878d042bd3999b796b9387b0c8a1032 -> 
  custom:scripting/monoscript/fileName/OpenXRFeatureUICommon.cs: 45f7a59cd9c5cd84e28e0f7a429879c2 -> 
  custom:scripting/precompiled-assembly-types:Unity.XR.OpenXR.Features.OculusQuestSupport.Editor: c62b8d05b94c435029ef9fc43d7261ca -> 
  custom:scripting/monoscript/fileName/XRLoaderInfo.cs: 86fa513bfc04d58509db292069910bf2 -> 
  custom:framework-win-MediaFoundation: 216162199b28c13a410421893ffa2e32 -> 
  custom:scripting/monoscript/fileName/OpenXRLoaderUI.cs: ebd8d704d5e26f054d43886c272cd005 -> 
  custom:scripting/monoscript/fileName/WaitForRestartFinish.cs: 0e76bf389cf347a5d8d6432ec661895f -> 
  custom:scripting/monoscript/fileName/OpenXRFeatureSettings.cs: 90647cc400823b41df847a6cbfc29026 -> 
  custom:scripting/monoscript/fileName/OpenXRBuildProcessor.cs: 48dc0e114f75799c0d74bafe70808189 -> 
  custom:scripting/monoscript/fileName/KHRSimpleControllerProfile.cs: bcdcb81587b2075f7af2f75706b9e69a -> 
  custom:scripting/monoscript/fileName/OpenXRFeatureInternal.cs: 90647cc400823b41df847a6cbfc29026 -> 
  custom:scripting/monoscript/fileName/OpenXRSpaceSettings.cs: 90647cc400823b41df847a6cbfc29026 -> 
  custom:scripting/monoscript/fileName/DPadInteractionCustomEditor.cs: d93785eeae2b4d41d39f603bd6f9849d -> 
  custom:scripting/precompiled-assembly-types:Unity.XR.OpenXR.Features.RuntimeDebugger.Editor: e1cc4b3ad1ade1a1503c3d79a1cfcaf0 -> 
  custom:scripting/monoscript/fileName/XRSettingsManager.cs: 701988ef3c16e84d3bc781477493ab34 -> 
  custom:scripting/monoscript/fileName/ConformanceAutomationFeature.cs: 97112e825fad9ed87f6a9c7acc231c0b -> 
  custom:scripting/monoscript/fileName/IXRLoaderPreInit.cs: 4dbca4fbe4a89e2a18943694f414e3a9 -> 
  custom:scripting/monoscript/fileName/XRGeneralBuildProcessor.cs: d52e14652f14fd6e56a66a859653fea9 -> 
  custom:scripting/monoscript/fileName/XRGeneralSettings.cs: 01e68fef49e5cbf622bb7b4ffc622d89 -> 
  custom:scripting/monoscript/fileName/XRManagerEditor.cs: 6847a9ea85cd2d801d895b625e9590ff -> 
  custom:scripting/monoscript/fileName/FeatureHelpers.cs: 0e8d07707daeed1da30b1605e903226b -> 
  custom:scripting/monoscript/fileName/DebuggerState.cs: 41070b7a08cc178a9ea51324cdaf5b81 -> 
  custom:scripting/monoscript/fileName/XRBuildProcessorHelper.cs: 90647cc400823b41df847a6cbfc29026 -> 
  custom:scripting/monoscript/fileName/TypeLoaderExtensions.cs: ee5d3b5e5d81c98c5d3594e8b9153df0 -> 
  custom:scripting/precompiled-assembly-types:Unity.XR.OpenXR.Features.OculusQuestSupport: d15f77eecb71f285045ab68c6a5ab3aa -> 
  custom:CustomObjectIndexerAttribute: 9a22284fe3817be447336de3de66b15e -> 
  custom:scripting/monoscript/fileName/OpenXRHmd.cs: 1624687aa096b40d58d149d9c6304cca -> 
  custom:scripting/precompiled-assembly-types:Unity.XR.OpenXR.Features.MetaQuestSupport.Editor: d29ebede884d38e464c8dad49331ddbf -> 
  custom:scripting/monoscript/fileName/XRConfigurationProvider.cs: fa91ddd62be7b4c45bfd03890af30249 -> 
  custom:scripting/monoscript/fileName/ManifestElement.cs: c30b57498d373b7476c4d7dfdaee189c -> 
  custom:scripting/monoscript/fileName/OpenXRMangementSettings.cs: 5a013b6c45b1e1d06085cb1496493b86 -> 
  custom:scripting/monoscript/fileName/XREditorWorkQueue.cs: 8e928039a032f154dc8a86537aaac69a -> 
  custom:scripting/monoscript/fileName/OculusTouchControllerProfile.cs: 03df51b5c781d1980f509408bae72bc8 -> 
  custom:scripting/precompiled-assembly-types:Unity.XR.Management: f5b1b59a8f17cb331d61fd7665721dab -> 
  custom:scripting/monoscript/fileName/ManifestRequirement.cs: d0237042ed94ccc3267a409cde8490a6 -> 
  custom:scripting/monoscript/fileName/OpenXRNativeTypes.cs: 11be60823314f621c1b0bb94bf4fe744 -> 
  custom:container-demuxer-webm: 4f35f7cbe854078d1ac9338744f61a02 -> 
  custom:scripting/monoscript/fileName/KnownFeatureSets.cs: 2cf391597f07a52473981e9cc2b41b67 -> 
  custom:scripting/precompiled-assembly-types:Unity.XR.OpenXR.Features.MockRuntime: e75d918d8106c27865ca5517b4bdd194 -> 
  custom:scripting/monoscript/fileName/PackageNotificationUtils.cs: e493f521fc1755dec19875ae28a4f621 -> 
  custom:scripting/monoscript/fileName/OpenXRProjectValidationRulesSetup.cs: 63c520149123eced22b6028c5ebd9d08 -> 
  custom:scripting/monoscript/fileName/XRPackageMetadataStore.cs: e06e5e9ffca9529e9db63900dd9caf32 -> 
  custom:scripting/monoscript/fileName/XRLoaderInfoManager.cs: 28efaa63edac30b89ccc35ca2bf149fa -> 
  custom:scripting/monoscript/fileName/XRConfigurationData.cs: 2cf07b13d54bfee2898ed6dc38612fbb -> 
  custom:scripting/monoscript/fileName/MicrosoftHandInteraction.cs: dac920740153b0163dda0f7e56920e40 -> 
  custom:scripting/monoscript/fileName/RuntimeDebuggerWindow.cs: 0bc1d5ee7ce2553d42d62861471f3c44 -> 
  custom:scripting/monoscript/fileName/PackageSettingsEditor.cs: 6212fddebb8f67c4da0f50592230839b -> 
  custom:scripting/monoscript/fileName/OpenXRFeature.cs: a84888103ea4406f238a41c42d12d002 -> 
  custom:scripting/monoscript/fileName/XRManagerSettings.cs: 39a1227fa3c478af29a735ec246b6baf -> 
  custom:scripting/monoscript/fileName/XRCustomLoaderUIManager.cs: 4be5a8f671a1d808dd1496961b79b86b -> 
  custom:container-muxer-webm: aa71ff27fc2769a1b78a27578f13a17b -> 
  custom:scripting/precompiled-assembly-types:Unity.XR.OpenXR: 6b540efea7d7bcf04b31853b4d2f54c0 -> 
  custom:scripting/monoscript/fileName/OpenXRLoader.cs: 2a03893d4aa4b960c2f49090b4b03a7b -> 
  custom:scripting/monoscript/fileName/ValveIndexControllerProfile.cs: f923b1771c835a70375d3505e818878d -> 
  custom:scripting/monoscript/fileName/OculusQuestFeatureEditor.cs: af70b82209b4cf6ce20a2da2892dfc5f -> 
  custom:video-decoder-webm-vp8: 9c59270c3fd7afecdb556c50c9e8de78 -> 
  custom:scripting/monoscript/fileName/OpenXRChooseRuntimeLibraries.cs: 3923c2f1337a35d737ad0192eb46b432 -> 
  custom:scripting/monoscript/fileName/OculusQuestFeature.cs: 041c3418dd65b8e99ca410c708996814 -> 
  custom:scripting/monoscript/fileName/OpenXRFeatureSetManager.cs: 4f340a53d115a7e1888d00ddc4cd614b -> 
  custom:scripting/monoscript/fileName/OpenXRColorSubmissonModeList.cs: 62c3c48199b3c893ece86757b75b0604 -> 
  custom:scripting/monoscript/fileName/OpenXRUtility.cs: af9b8bca68ffa2bc69f78ec0da9cf1fd -> 
  custom:SearchIndexIgnoredProperties: e643bd26f0fe6173181afceb89e7c659 -> 
  custom:scripting/monoscript/fileName/XRGeneralSettingsUpgrade.cs: cc8d2e81204b3fd0e662cd38ef4a2d49 -> 
  custom:AudioImporter_EditorPlatform: d09bf68614088b80899f8185d706f6e7 -> 
  custom:scripting/monoscript/fileName/MockRuntime.cs: 8e970d93da4762c7d57e9c9dd2b36dbb -> 
  custom:scripting/monoscript/fileName/OpenXRDevice.cs: 1b3be9b024fb29351711164fb0577202 -> 
  custom:scripting/monoscript/fileName/OpenXRUnityAPI.cs: 95d0f03221767acb8a4a43279af12154 -> 
  custom:scripting/monoscript/fileName/HTCViveControllerProfile.cs: 575b921c71649e99576a05f0add9cf5d -> 
  custom:scripting/monoscript/fileName/XRDeviceSimulatorHandsUI.cs: bca3963bba47bbf101fe9d7e7dd07836 -> 
  custom:scripting/monoscript/fileName/XRCustomLoaderUI.cs: a1b6225426bb5004db8b9d7388fe5771 -> 
  custom:scripting/monoscript/fileName/BootConfigBuilder.cs: a174d8870c7a69fabc7d42a75b0f23aa -> 
  custom:scripting/precompiled-assembly-types:Unity.XR.OpenXR.Features.RuntimeDebugger: 81fc02b8029ab9c0bce4eaa33a13e7d8 -> 
  custom:scripting/monoscript/fileName/OpenXRRenderSettings.cs: 90647cc400823b41df847a6cbfc29026 -> 
  custom:scripting/monoscript/fileName/EyeGazeInteraction.cs: dc1f12620c8656649cfc16f13969f5fa -> 
  custom:scripting/monoscript/fileName/OpenXRAnalytics.cs: 67d5de80ae8e3ee46bb1b4907783d54c -> 
  custom:scripting/monoscript/fileName/XRLoaderHelper.cs: ae85c4c4a11fcc1ed3393963333e400c -> 
  custom:scripting/monoscript/fileName/MicrosoftMotionControllerProfile.cs: 6dcaa2067404bed7771687f2f9dfa057 -> 
  custom:scripting/monoscript/fileName/XRLoader.cs: d82cec0b87bab7dffe74fb3651887ce3 -> 
  custom:scripting/monoscript/fileName/OpenXRRestarter.cs: c236f3f43c026f409512d203b81e6184 -> 
  custom:scripting/monoscript/fileName/OpenXRFeatureAttribute.cs: 99305d666df750d87e7264e3c7ae4f2a -> 
  custom:scripting/monoscript/fileName/XRSupportedBuildTargetAttribute.cs: f87a91ba911f6030453bea8d921b45d2 -> 
  custom:scripting/monoscript/fileName/OpenXRLoaderNoPreInit.cs: 8f7a064e1e0bb6e17b9f5d171fe53dfc -> 
  custom:scripting/monoscript/fileName/AndroidManifestProcessor.cs: d8dd4961c18e43fcd707eb950405363a -> 
  custom:scripting/precompiled-assembly-types:Unity.XR.OpenXR.Features.ConformanceAutomation: daaea684d78afe5278ff971b66e0fbf9 -> 
  custom:scripting/monoscript/fileName/HandCommonPosesInteraction.cs: c984aa78f460c3bf39ec56bc9a0a414a -> 
  custom:scripting/monoscript/fileName/OpenXRDiagnosticReport.cs: f43e8307d90025ed39c346ed63d1208d -> 
  custom:scripting/monoscript/fileName/RuntimeDebuggerOpenXRFeatureEditor.cs: 26a9be57964b520d3a47d8c20db877e9 -> 
  custom:scripting/monoscript/fileName/PoseControl.cs: 4ff0d325328ef40fb1693e34ac3358bf -> 26044499bf9bfd77ab38d92d33de1d80
  custom:scripting/monoscript/fileName/OpenXRFeatureBuildHooks.cs: da31756dd3c74e69bcd7ed1a1983ed53 -> 
  custom:scripting/monoscript/fileName/BuildHelpers.cs: 52ee9552b5cbbfe4eb60d480e36ffff5 -> 
  custom:scripting/monoscript/fileName/HPReverbG2ControllerProfile.cs: 6aadb5e22feaccfa77ef6db6c4d4541c -> 
  custom:scripting/monoscript/fileName/XRLoaderOrderUI.cs: 7bb0491ac9109774b097f2da80cd0c03 -> 
  custom:scripting/monoscript/fileName/AndroidManifestBuildEventReceiver.cs: 641c0bff5eb90d0569a809ea302132ee -> 
  custom:video-encoder-webm-vp8: eb34c28f22e8b96e1ab97ce403110664 -> 
  custom:scripting/monoscript/fileName/BootConfig.cs: b2c4d54615a39b14509e601dd0f329ff -> 
  custom:audio-decoder-ogg-vorbis: bf7c407c2cedff20999df2af8eb42d56 -> 
  custom:scripting/precompiled-assembly-types:Unity.XR.OpenXR.Features.MetaQuestSupport: d273bae1c8d7007d6b0fe4b360a89ef1 -> 
  custom:scripting/monoscript/fileName/IAndroidManifestRequirementProvider.cs: 42bf6f4b06629c812bd73f8ff461fec4 -> 
  custom:scripting/monoscript/fileName/XrPerformanceSettingsFeature.cs: d323744d9bc61085862cbc785e1f985c -> 
  custom:scripting/monoscript/fileName/OpenXRPackageSettings.cs: 4f4aaba453bf105fb1c3c3d64247142d -> 
  custom:scripting/monoscript/fileName/ModifyAndroidManifestMeta.cs: 3b920058e4dd8cbdb95cce4af271f981 -> 
  custom:scripting/monoscript/fileName/EditorUtilities.cs: 219d482e32bf0c01357e773617418955 -> 
  custom:scripting/monoscript/fileName/OpenXRFeatureSetAttribute.cs: 9e20f05fe0a3688af8836175869f0bb7 -> 
  custom:scripting/monoscript/fileName/XRPackageInitialization.cs: 1f095dd277a284b59543541a608de1da -> 
  custom:scripting/monoscript/fileName/FoveatedRenderingFeature.cs: 3cd591174f2fee5d1b0d6a1875383a9b -> 
  custom:scripting/monoscript/fileName/KnownPackages.cs: 8647f39ea28525d7cb72646ed790f6ec -> 
  custom:scripting/monoscript/fileName/HapticControl.cs: d7a5389cafde2a1337c58e2f0d91a837 -> 
  custom:scripting/monoscript/fileName/MetaQuestFeature.cs: b9c317336250afc5bb5fa2c2df269ea6 -> 
  custom:scripting/precompiled-assembly-types:Unity.XR.Interaction.Toolkit.Samples.DeviceSimulator: b1a8126a568547b099f25fc1d4f742a8 -> 
  custom:scripting/monoscript/fileName/XrPerformanceSettingsTypes.cs: 5bc9c5b4646eff91646254ce341c6683 -> 
  custom:scripting/monoscript/fileName/OpenXRRuntimeSelector.cs: 929d3ce28c815a19c6c335174420bf6b -> 
  custom:scripting/monoscript/fileName/OpenXRFeatureEditor.cs: 01dd3fecc4e9c7ce9fb6af5d0948ba2a -> 
  custom:scripting/monoscript/fileName/XRConstants.cs: 1558884a4b0ea94b4910dd640a0e6741 -> 
  custom:scripting/monoscript/fileName/BuildHelperUtils.cs: 619773c3d1b7f3f0ca7461f5c27242a8 -> 
  custom:scripting/monoscript/fileName/gameManager_sc.cs: 06c6a4dd38765e854ad12ef8e96c6c7b -> 
  custom:scripting/monoscript/fileName/HandInteractionProfile.cs: 9c7649bd495ee99cc73ddacbe0a8cd95 -> 
  custom:scripting/monoscript/fileName/XRManagementAnalytics.cs: 546181baf4c03dbbd57015a6731508f8 -> 
  custom:scripting/monoscript/fileName/ModifyAndroidManifestOculus.cs: 1d09740e7edd66fffc5895aae9e385d3 -> 
  custom:scripting/monoscript/fileName/XRPackage.cs: f2edbbf87f9b798abaf2a9f285d155f5 -> 
  custom:audio-encoder-webm-vorbis: bf7c407c2cedff20999df2af8eb42d56 -> 
  custom:scripting/monoscript/fileName/RuntimeDebuggerOpenXRFeature.cs: 8b269b64ad1c99e85d7f28185c15f7bb -> 
  custom:scripting/monoscript/fileName/MetaQuestFeatureBuildHooks.cs: 2ac755c66ffd4e4b7c22530386a7ba47 -> 
  custom:scripting/monoscript/fileName/AndroidManifestDocument.cs: 4c38ca7417a5355dfe2fd0b706ad71e8 -> 
  custom:scripting/monoscript/fileName/XRPackageInitializationSettings.cs: 2f743437d3b09c9a4a5a33e9be971b1a -> 
  custom:scripting/precompiled-assembly-types:Assembly-CSharp: 8b28787ff12a5911776cbd01cd3f8e8f -> 4f47e1615c5f2acb1872d32e2b45cd01
  custom:scripting/monoscript/fileName/XRPackageMetadata.cs: 16731333f575d8bc31df496aced36ebf -> 
  custom:scripting/monoscript/fileName/OpenXRInput.cs: b351db87f98ee399e568b78e0ed353e3 -> 
  custom:scripting/monoscript/fileName/OpenXRInteractionFeature.cs: a60484418ad6b497996467bb6f98db73 -> 
  custom:scripting/monoscript/fileName/OpenXRSettings.cs: f8ff4c7422697fc56884f260233aaf86 -> 
  custom:scripting/monoscript/fileName/OpenXREditorSettings.cs: 321e3a8126bc4b0248cbcecf63892f31 -> 
  custom:scripting/monoscript/fileName/OpenXRProjectValidation.cs: 181508e149a91a64c6dfdc447b97c322 -> 
========================================================================
Received Prepare
Caller must complete domain reload
Begin MonoManager ReloadAssembly
- Loaded All Assemblies, in  0.546 seconds
Native extension for WindowsStandalone target not found
Mono: successfully reloaded assembly
[Package Manager] Server::EnsureServerProcessIsRunning -- launch failed, reason: Unity was launched with the -noUpm command-line argument
[Package Manager] UpmClient::Send -- Unable to send message (not connected to UPM process).
[Package Manager] Cannot connect to Unity Package Manager local server
- Finished resetting the current domain, in  1.479 seconds
Domain Reload Profiling: 2021ms
	BeginReloadAssembly (167ms)
		ExecutionOrderSort (0ms)
		DisableScriptedObjects (5ms)
		BackupInstance (0ms)
		ReleaseScriptingObjects (0ms)
		CreateAndSetChildDomain (39ms)
	RebuildCommonClasses (34ms)
	RebuildNativeTypeToScriptingClass (12ms)
	initialDomainReloadingComplete (33ms)
	LoadAllAssembliesAndSetupDomain (295ms)
		LoadAssemblies (361ms)
		RebuildTransferFunctionScriptingTraits (0ms)
		AnalyzeDomain (20ms)
			TypeCache.Refresh (9ms)
				TypeCache.ScanAssembly (0ms)
			ScanForSourceGeneratedMonoScriptInfo (0ms)
			ResolveRequiredComponents (9ms)
	FinalizeReload (1480ms)
		ReleaseScriptCaches (0ms)
		RebuildScriptCaches (0ms)
		SetupLoadedEditorAssemblies (649ms)
			LogAssemblyErrors (0ms)
			InitializePlatformSupportModulesInManaged (8ms)
			SetLoadedEditorAssemblies (5ms)
			RefreshPlugins (0ms)
			BeforeProcessingInitializeOnLoad (105ms)
			ProcessInitializeOnLoadAttributes (453ms)
			ProcessInitializeOnLoadMethodAttributes (71ms)
			AfterProcessingInitializeOnLoad (7ms)
			EditorAssembliesLoaded (0ms)
		ExecutionOrderSort2 (0ms)
		AwakeInstancesAfterBackupRestoration (8ms)
Refreshing native plugins compatible for Editor in 18.70 ms, found 10 plugins.
Preloading 0 native plugins for Editor in 0.00 ms.
Unloading 4969 Unused Serialized files (Serialized files now loaded: 0)
Unloading 68 unused Assets / (57.2 KB). Loaded Objects now: 5600.
Memory consumption went from 172.3 MB to 172.2 MB.
Total: 4.021300 ms (FindLiveObjects: 0.512400 ms CreateObjectMapping: 0.176800 ms MarkObjects: 3.211200 ms  DeleteObjects: 0.119600 ms)

Prepare: number of updated asset objects reloaded= 0
AssetImportParameters requested are different than current active one (requested -> active):
  custom:scripting/monoscript/fileName/DPadInteraction.cs: 93f85c8ba74c4199c8fc9b6e8c6fb8a6 -> 
  custom:scripting/monoscript/fileName/OpenXRFeatureSettingsEditor.cs: 46f7bc9b6667349416d592c92274a2cd -> 
  custom:container-demuxer-ogg: 62fdf1f143b41e24485cea50d1cbac27 -> 
  custom:scripting/monoscript/fileName/UWPCoreWindowBuildHooks.cs: 528ee0545204f8083d130ec04efc78bc -> 
  custom:scripting/monoscript/fileName/OpenXRLoaderBase.cs: 0b6a60b837fc38165e3eaf7aaf2bf3e3 -> 
  custom:scripting/monoscript/fileName/MetaQuestFeatureEditor.cs: fff340053bb2e94334d0d5989f2eb349 -> 
  custom:scripting/monoscript/fileName/XRDeviceSimulatorControllerUI.cs: 1fdda016482e80c4f698bd161ca6a92f -> 
  custom:scripting/monoscript/fileName/XRDeviceSimulatorUI.cs: 0ec50ce90bac5e819d9ddb292ac27c71 -> 
  custom:scripting/precompiled-assembly-types:Unity.XR.Management.Editor: 220852eb385ea4cc2eb66eb943d70995 -> 
  custom:scripting/monoscript/fileName/PalmPoseInteraction.cs: 6bd25b6029acb9127f25748cb0b6d2a8 -> 
  custom:scripting/precompiled-assembly-types:Unity.XR.OpenXR.Editor: b2a8f17f09055950b7f19e2845cbc5c2 -> 
  custom:scripting/monoscript/fileName/MetaQuestTouchPlusControllerProfile.cs: 4b9439e11567c27c85546e11bafeabe7 -> 
  custom:scripting/monoscript/fileName/XRPluginManagementProjectValidation.cs: 12841b9f0a8da6fb46dd05260375325e -> 
  custom:scripting/monoscript/fileName/OpenXRRuntime.cs: c3a00f9ce6a0283dcb391b83637adf44 -> 
  custom:video-decoder-ogg-theora: a1e56fd34408186e4bbccfd4996cb3dc -> 
  custom:scripting/monoscript/fileName/XRGeneralSettingsPerBuildTarget.cs: 6970e5bff368910038049eb1434facbf -> 
  custom:scripting/monoscript/fileName/MetaQuestTouchProControllerProfile.cs: 9fffae235d4c14901711127c7daeb86c -> 
  custom:scripting/monoscript/fileName/OpenXRConstants.cs: f878d042bd3999b796b9387b0c8a1032 -> 
  custom:scripting/monoscript/fileName/OpenXRFeatureUICommon.cs: 45f7a59cd9c5cd84e28e0f7a429879c2 -> 
  custom:scripting/precompiled-assembly-types:Unity.XR.OpenXR.Features.OculusQuestSupport.Editor: c62b8d05b94c435029ef9fc43d7261ca -> 
  custom:scripting/monoscript/fileName/XRLoaderInfo.cs: 86fa513bfc04d58509db292069910bf2 -> 
  custom:framework-win-MediaFoundation: 216162199b28c13a410421893ffa2e32 -> 
  custom:scripting/monoscript/fileName/OpenXRLoaderUI.cs: ebd8d704d5e26f054d43886c272cd005 -> 
  custom:scripting/monoscript/fileName/WaitForRestartFinish.cs: 0e76bf389cf347a5d8d6432ec661895f -> 
  custom:scripting/monoscript/fileName/OpenXRFeatureSettings.cs: 90647cc400823b41df847a6cbfc29026 -> 
  custom:scripting/monoscript/fileName/OpenXRBuildProcessor.cs: 48dc0e114f75799c0d74bafe70808189 -> 
  custom:scripting/monoscript/fileName/KHRSimpleControllerProfile.cs: bcdcb81587b2075f7af2f75706b9e69a -> 
  custom:scripting/monoscript/fileName/OpenXRFeatureInternal.cs: 90647cc400823b41df847a6cbfc29026 -> 
  custom:scripting/monoscript/fileName/OpenXRSpaceSettings.cs: 90647cc400823b41df847a6cbfc29026 -> 
  custom:scripting/monoscript/fileName/DPadInteractionCustomEditor.cs: d93785eeae2b4d41d39f603bd6f9849d -> 
  custom:scripting/precompiled-assembly-types:Unity.XR.OpenXR.Features.RuntimeDebugger.Editor: e1cc4b3ad1ade1a1503c3d79a1cfcaf0 -> 
  custom:scripting/monoscript/fileName/XRSettingsManager.cs: 701988ef3c16e84d3bc781477493ab34 -> 
  custom:scripting/monoscript/fileName/ConformanceAutomationFeature.cs: 97112e825fad9ed87f6a9c7acc231c0b -> 
  custom:scripting/monoscript/fileName/IXRLoaderPreInit.cs: 4dbca4fbe4a89e2a18943694f414e3a9 -> 
  custom:scripting/monoscript/fileName/XRGeneralBuildProcessor.cs: d52e14652f14fd6e56a66a859653fea9 -> 
  custom:scripting/monoscript/fileName/XRGeneralSettings.cs: 01e68fef49e5cbf622bb7b4ffc622d89 -> 
  custom:scripting/monoscript/fileName/XRManagerEditor.cs: 6847a9ea85cd2d801d895b625e9590ff -> 
  custom:scripting/monoscript/fileName/FeatureHelpers.cs: 0e8d07707daeed1da30b1605e903226b -> 
  custom:scripting/monoscript/fileName/DebuggerState.cs: 41070b7a08cc178a9ea51324cdaf5b81 -> 
  custom:scripting/monoscript/fileName/XRBuildProcessorHelper.cs: 90647cc400823b41df847a6cbfc29026 -> 
  custom:scripting/monoscript/fileName/TypeLoaderExtensions.cs: ee5d3b5e5d81c98c5d3594e8b9153df0 -> 
  custom:scripting/precompiled-assembly-types:Unity.XR.OpenXR.Features.OculusQuestSupport: d15f77eecb71f285045ab68c6a5ab3aa -> 
  custom:CustomObjectIndexerAttribute: 9a22284fe3817be447336de3de66b15e -> 
  custom:scripting/monoscript/fileName/OpenXRHmd.cs: 1624687aa096b40d58d149d9c6304cca -> 
  custom:scripting/precompiled-assembly-types:Unity.XR.OpenXR.Features.MetaQuestSupport.Editor: d29ebede884d38e464c8dad49331ddbf -> 
  custom:scripting/monoscript/fileName/XRConfigurationProvider.cs: fa91ddd62be7b4c45bfd03890af30249 -> 
  custom:scripting/monoscript/fileName/ManifestElement.cs: c30b57498d373b7476c4d7dfdaee189c -> 
  custom:scripting/monoscript/fileName/OpenXRMangementSettings.cs: 5a013b6c45b1e1d06085cb1496493b86 -> 
  custom:scripting/monoscript/fileName/XREditorWorkQueue.cs: 8e928039a032f154dc8a86537aaac69a -> 
  custom:scripting/monoscript/fileName/OculusTouchControllerProfile.cs: 03df51b5c781d1980f509408bae72bc8 -> 
  custom:scripting/precompiled-assembly-types:Unity.XR.Management: f5b1b59a8f17cb331d61fd7665721dab -> 
  custom:scripting/monoscript/fileName/ManifestRequirement.cs: d0237042ed94ccc3267a409cde8490a6 -> 
  custom:scripting/monoscript/fileName/OpenXRNativeTypes.cs: 11be60823314f621c1b0bb94bf4fe744 -> 
  custom:container-demuxer-webm: 4f35f7cbe854078d1ac9338744f61a02 -> 
  custom:scripting/monoscript/fileName/KnownFeatureSets.cs: 2cf391597f07a52473981e9cc2b41b67 -> 
  custom:scripting/precompiled-assembly-types:Unity.XR.OpenXR.Features.MockRuntime: e75d918d8106c27865ca5517b4bdd194 -> 
  custom:scripting/monoscript/fileName/PackageNotificationUtils.cs: e493f521fc1755dec19875ae28a4f621 -> 
  custom:scripting/monoscript/fileName/OpenXRProjectValidationRulesSetup.cs: 63c520149123eced22b6028c5ebd9d08 -> 
  custom:scripting/monoscript/fileName/XRPackageMetadataStore.cs: e06e5e9ffca9529e9db63900dd9caf32 -> 
  custom:scripting/monoscript/fileName/XRLoaderInfoManager.cs: 28efaa63edac30b89ccc35ca2bf149fa -> 
  custom:scripting/monoscript/fileName/XRConfigurationData.cs: 2cf07b13d54bfee2898ed6dc38612fbb -> 
  custom:scripting/monoscript/fileName/MicrosoftHandInteraction.cs: dac920740153b0163dda0f7e56920e40 -> 
  custom:scripting/monoscript/fileName/RuntimeDebuggerWindow.cs: 0bc1d5ee7ce2553d42d62861471f3c44 -> 
  custom:scripting/monoscript/fileName/PackageSettingsEditor.cs: 6212fddebb8f67c4da0f50592230839b -> 
  custom:scripting/monoscript/fileName/OpenXRFeature.cs: a84888103ea4406f238a41c42d12d002 -> 
  custom:scripting/monoscript/fileName/XRManagerSettings.cs: 39a1227fa3c478af29a735ec246b6baf -> 
  custom:scripting/monoscript/fileName/XRCustomLoaderUIManager.cs: 4be5a8f671a1d808dd1496961b79b86b -> 
  custom:container-muxer-webm: aa71ff27fc2769a1b78a27578f13a17b -> 
  custom:scripting/precompiled-assembly-types:Unity.XR.OpenXR: 6b540efea7d7bcf04b31853b4d2f54c0 -> 
  custom:scripting/monoscript/fileName/OpenXRLoader.cs: 2a03893d4aa4b960c2f49090b4b03a7b -> 
  custom:scripting/monoscript/fileName/ValveIndexControllerProfile.cs: f923b1771c835a70375d3505e818878d -> 
  custom:scripting/monoscript/fileName/OculusQuestFeatureEditor.cs: af70b82209b4cf6ce20a2da2892dfc5f -> 
  custom:video-decoder-webm-vp8: 9c59270c3fd7afecdb556c50c9e8de78 -> 
  custom:scripting/monoscript/fileName/OpenXRChooseRuntimeLibraries.cs: 3923c2f1337a35d737ad0192eb46b432 -> 
  custom:scripting/monoscript/fileName/OculusQuestFeature.cs: 041c3418dd65b8e99ca410c708996814 -> 
  custom:scripting/monoscript/fileName/OpenXRFeatureSetManager.cs: 4f340a53d115a7e1888d00ddc4cd614b -> 
  custom:scripting/monoscript/fileName/OpenXRColorSubmissonModeList.cs: 62c3c48199b3c893ece86757b75b0604 -> 
  custom:scripting/monoscript/fileName/OpenXRUtility.cs: af9b8bca68ffa2bc69f78ec0da9cf1fd -> 
  custom:SearchIndexIgnoredProperties: e643bd26f0fe6173181afceb89e7c659 -> 
  custom:scripting/monoscript/fileName/XRGeneralSettingsUpgrade.cs: cc8d2e81204b3fd0e662cd38ef4a2d49 -> 
  custom:AudioImporter_EditorPlatform: d09bf68614088b80899f8185d706f6e7 -> 
  custom:scripting/monoscript/fileName/MockRuntime.cs: 8e970d93da4762c7d57e9c9dd2b36dbb -> 
  custom:scripting/monoscript/fileName/OpenXRDevice.cs: 1b3be9b024fb29351711164fb0577202 -> 
  custom:scripting/monoscript/fileName/OpenXRUnityAPI.cs: 95d0f03221767acb8a4a43279af12154 -> 
  custom:scripting/monoscript/fileName/HTCViveControllerProfile.cs: 575b921c71649e99576a05f0add9cf5d -> 
  custom:scripting/monoscript/fileName/XRDeviceSimulatorHandsUI.cs: bca3963bba47bbf101fe9d7e7dd07836 -> 
  custom:scripting/monoscript/fileName/XRCustomLoaderUI.cs: a1b6225426bb5004db8b9d7388fe5771 -> 
  custom:scripting/monoscript/fileName/BootConfigBuilder.cs: a174d8870c7a69fabc7d42a75b0f23aa -> 
  custom:scripting/precompiled-assembly-types:Unity.XR.OpenXR.Features.RuntimeDebugger: 81fc02b8029ab9c0bce4eaa33a13e7d8 -> 
  custom:scripting/monoscript/fileName/OpenXRRenderSettings.cs: 90647cc400823b41df847a6cbfc29026 -> 
  custom:scripting/monoscript/fileName/EyeGazeInteraction.cs: dc1f12620c8656649cfc16f13969f5fa -> 
  custom:scripting/monoscript/fileName/OpenXRAnalytics.cs: 67d5de80ae8e3ee46bb1b4907783d54c -> 
  custom:scripting/monoscript/fileName/XRLoaderHelper.cs: ae85c4c4a11fcc1ed3393963333e400c -> 
  custom:scripting/monoscript/fileName/MicrosoftMotionControllerProfile.cs: 6dcaa2067404bed7771687f2f9dfa057 -> 
  custom:scripting/monoscript/fileName/XRLoader.cs: d82cec0b87bab7dffe74fb3651887ce3 -> 
  custom:scripting/monoscript/fileName/OpenXRRestarter.cs: c236f3f43c026f409512d203b81e6184 -> 
  custom:scripting/monoscript/fileName/OpenXRFeatureAttribute.cs: 99305d666df750d87e7264e3c7ae4f2a -> 
  custom:scripting/monoscript/fileName/XRSupportedBuildTargetAttribute.cs: f87a91ba911f6030453bea8d921b45d2 -> 
  custom:scripting/monoscript/fileName/OpenXRLoaderNoPreInit.cs: 8f7a064e1e0bb6e17b9f5d171fe53dfc -> 
  custom:scripting/monoscript/fileName/AndroidManifestProcessor.cs: d8dd4961c18e43fcd707eb950405363a -> 
  custom:scripting/precompiled-assembly-types:Unity.XR.OpenXR.Features.ConformanceAutomation: daaea684d78afe5278ff971b66e0fbf9 -> 
  custom:scripting/monoscript/fileName/HandCommonPosesInteraction.cs: c984aa78f460c3bf39ec56bc9a0a414a -> 
  custom:scripting/monoscript/fileName/OpenXRDiagnosticReport.cs: f43e8307d90025ed39c346ed63d1208d -> 
  custom:scripting/monoscript/fileName/RuntimeDebuggerOpenXRFeatureEditor.cs: 26a9be57964b520d3a47d8c20db877e9 -> 
  custom:scripting/monoscript/fileName/PoseControl.cs: 4ff0d325328ef40fb1693e34ac3358bf -> 26044499bf9bfd77ab38d92d33de1d80
  custom:scripting/monoscript/fileName/OpenXRFeatureBuildHooks.cs: da31756dd3c74e69bcd7ed1a1983ed53 -> 
  custom:scripting/monoscript/fileName/BuildHelpers.cs: 52ee9552b5cbbfe4eb60d480e36ffff5 -> 
  custom:scripting/monoscript/fileName/HPReverbG2ControllerProfile.cs: 6aadb5e22feaccfa77ef6db6c4d4541c -> 
  custom:scripting/monoscript/fileName/XRLoaderOrderUI.cs: 7bb0491ac9109774b097f2da80cd0c03 -> 
  custom:scripting/monoscript/fileName/AndroidManifestBuildEventReceiver.cs: 641c0bff5eb90d0569a809ea302132ee -> 
  custom:video-encoder-webm-vp8: eb34c28f22e8b96e1ab97ce403110664 -> 
  custom:scripting/monoscript/fileName/BootConfig.cs: b2c4d54615a39b14509e601dd0f329ff -> 
  custom:audio-decoder-ogg-vorbis: bf7c407c2cedff20999df2af8eb42d56 -> 
  custom:scripting/precompiled-assembly-types:Unity.XR.OpenXR.Features.MetaQuestSupport: d273bae1c8d7007d6b0fe4b360a89ef1 -> 
  custom:scripting/monoscript/fileName/IAndroidManifestRequirementProvider.cs: 42bf6f4b06629c812bd73f8ff461fec4 -> 
  custom:scripting/monoscript/fileName/XrPerformanceSettingsFeature.cs: d323744d9bc61085862cbc785e1f985c -> 
  custom:scripting/monoscript/fileName/OpenXRPackageSettings.cs: 4f4aaba453bf105fb1c3c3d64247142d -> 
  custom:scripting/monoscript/fileName/ModifyAndroidManifestMeta.cs: 3b920058e4dd8cbdb95cce4af271f981 -> 
  custom:scripting/monoscript/fileName/EditorUtilities.cs: 219d482e32bf0c01357e773617418955 -> 
  custom:scripting/monoscript/fileName/OpenXRFeatureSetAttribute.cs: 9e20f05fe0a3688af8836175869f0bb7 -> 
  custom:scripting/monoscript/fileName/XRPackageInitialization.cs: 1f095dd277a284b59543541a608de1da -> 
  custom:scripting/monoscript/fileName/FoveatedRenderingFeature.cs: 3cd591174f2fee5d1b0d6a1875383a9b -> 
  custom:scripting/monoscript/fileName/KnownPackages.cs: 8647f39ea28525d7cb72646ed790f6ec -> 
  custom:scripting/monoscript/fileName/HapticControl.cs: d7a5389cafde2a1337c58e2f0d91a837 -> 
  custom:scripting/monoscript/fileName/MetaQuestFeature.cs: b9c317336250afc5bb5fa2c2df269ea6 -> 
  custom:scripting/precompiled-assembly-types:Unity.XR.Interaction.Toolkit.Samples.DeviceSimulator: b1a8126a568547b099f25fc1d4f742a8 -> 
  custom:scripting/monoscript/fileName/XrPerformanceSettingsTypes.cs: 5bc9c5b4646eff91646254ce341c6683 -> 
  custom:scripting/monoscript/fileName/OpenXRRuntimeSelector.cs: 929d3ce28c815a19c6c335174420bf6b -> 
  custom:scripting/monoscript/fileName/OpenXRFeatureEditor.cs: 01dd3fecc4e9c7ce9fb6af5d0948ba2a -> 
  custom:scripting/monoscript/fileName/XRConstants.cs: 1558884a4b0ea94b4910dd640a0e6741 -> 
  custom:scripting/monoscript/fileName/BuildHelperUtils.cs: 619773c3d1b7f3f0ca7461f5c27242a8 -> 
  custom:scripting/monoscript/fileName/gameManager_sc.cs: 06c6a4dd38765e854ad12ef8e96c6c7b -> 
  custom:scripting/monoscript/fileName/HandInteractionProfile.cs: 9c7649bd495ee99cc73ddacbe0a8cd95 -> 
  custom:scripting/monoscript/fileName/XRManagementAnalytics.cs: 546181baf4c03dbbd57015a6731508f8 -> 
  custom:scripting/monoscript/fileName/ModifyAndroidManifestOculus.cs: 1d09740e7edd66fffc5895aae9e385d3 -> 
  custom:scripting/monoscript/fileName/XRPackage.cs: f2edbbf87f9b798abaf2a9f285d155f5 -> 
  custom:audio-encoder-webm-vorbis: bf7c407c2cedff20999df2af8eb42d56 -> 
  custom:scripting/monoscript/fileName/RuntimeDebuggerOpenXRFeature.cs: 8b269b64ad1c99e85d7f28185c15f7bb -> 
  custom:scripting/monoscript/fileName/MetaQuestFeatureBuildHooks.cs: 2ac755c66ffd4e4b7c22530386a7ba47 -> 
  custom:scripting/monoscript/fileName/AndroidManifestDocument.cs: 4c38ca7417a5355dfe2fd0b706ad71e8 -> 
  custom:scripting/monoscript/fileName/XRPackageInitializationSettings.cs: 2f743437d3b09c9a4a5a33e9be971b1a -> 
  custom:scripting/precompiled-assembly-types:Assembly-CSharp: 8b28787ff12a5911776cbd01cd3f8e8f -> 4f47e1615c5f2acb1872d32e2b45cd01
  custom:scripting/monoscript/fileName/XRPackageMetadata.cs: 16731333f575d8bc31df496aced36ebf -> 
  custom:scripting/monoscript/fileName/OpenXRInput.cs: b351db87f98ee399e568b78e0ed353e3 -> 
  custom:scripting/monoscript/fileName/OpenXRInteractionFeature.cs: a60484418ad6b497996467bb6f98db73 -> 
  custom:scripting/monoscript/fileName/OpenXRSettings.cs: f8ff4c7422697fc56884f260233aaf86 -> 
  custom:scripting/monoscript/fileName/OpenXREditorSettings.cs: 321e3a8126bc4b0248cbcecf63892f31 -> 
  custom:scripting/monoscript/fileName/OpenXRProjectValidation.cs: 181508e149a91a64c6dfdc447b97c322 -> 
========================================================================
Received Prepare
Caller must complete domain reload
Begin MonoManager ReloadAssembly
- Loaded All Assemblies, in  0.562 seconds
Native extension for WindowsStandalone target not found
Mono: successfully reloaded assembly
[Package Manager] Server::EnsureServerProcessIsRunning -- launch failed, reason: Unity was launched with the -noUpm command-line argument
[Package Manager] UpmClient::Send -- Unable to send message (not connected to UPM process).
[Package Manager] Cannot connect to Unity Package Manager local server
- Finished resetting the current domain, in  1.406 seconds
Domain Reload Profiling: 1965ms
	BeginReloadAssembly (174ms)
		ExecutionOrderSort (0ms)
		DisableScriptedObjects (5ms)
		BackupInstance (0ms)
		ReleaseScriptingObjects (0ms)
		CreateAndSetChildDomain (39ms)
	RebuildCommonClasses (36ms)
	RebuildNativeTypeToScriptingClass (11ms)
	initialDomainReloadingComplete (31ms)
	LoadAllAssembliesAndSetupDomain (306ms)
		LoadAssemblies (372ms)
		RebuildTransferFunctionScriptingTraits (0ms)
		AnalyzeDomain (21ms)
			TypeCache.Refresh (8ms)
				TypeCache.ScanAssembly (0ms)
			ScanForSourceGeneratedMonoScriptInfo (0ms)
			ResolveRequiredComponents (10ms)
	FinalizeReload (1407ms)
		ReleaseScriptCaches (0ms)
		RebuildScriptCaches (0ms)
		SetupLoadedEditorAssemblies (656ms)
			LogAssemblyErrors (0ms)
			InitializePlatformSupportModulesInManaged (9ms)
			SetLoadedEditorAssemblies (3ms)
			RefreshPlugins (0ms)
			BeforeProcessingInitializeOnLoad (91ms)
			ProcessInitializeOnLoadAttributes (448ms)
			ProcessInitializeOnLoadMethodAttributes (95ms)
			AfterProcessingInitializeOnLoad (9ms)
			EditorAssembliesLoaded (0ms)
		ExecutionOrderSort2 (0ms)
		AwakeInstancesAfterBackupRestoration (12ms)
Refreshing native plugins compatible for Editor in 31.30 ms, found 10 plugins.
Preloading 0 native plugins for Editor in 0.00 ms.
Unloading 4969 Unused Serialized files (Serialized files now loaded: 0)
Unloading 68 unused Assets / (57.2 KB). Loaded Objects now: 5604.
Memory consumption went from 172.3 MB to 172.2 MB.
Total: 6.424900 ms (FindLiveObjects: 0.713700 ms CreateObjectMapping: 0.525700 ms MarkObjects: 5.055600 ms  DeleteObjects: 0.128500 ms)

Prepare: number of updated asset objects reloaded= 0
AssetImportParameters requested are different than current active one (requested -> active):
  custom:scripting/monoscript/fileName/DPadInteraction.cs: 93f85c8ba74c4199c8fc9b6e8c6fb8a6 -> 
  custom:scripting/monoscript/fileName/OpenXRFeatureSettingsEditor.cs: 46f7bc9b6667349416d592c92274a2cd -> 
  custom:container-demuxer-ogg: 62fdf1f143b41e24485cea50d1cbac27 -> 
  custom:scripting/monoscript/fileName/UWPCoreWindowBuildHooks.cs: 528ee0545204f8083d130ec04efc78bc -> 
  custom:scripting/monoscript/fileName/OpenXRLoaderBase.cs: 0b6a60b837fc38165e3eaf7aaf2bf3e3 -> 
  custom:scripting/monoscript/fileName/MetaQuestFeatureEditor.cs: fff340053bb2e94334d0d5989f2eb349 -> 
  custom:scripting/monoscript/fileName/XRDeviceSimulatorControllerUI.cs: 1fdda016482e80c4f698bd161ca6a92f -> 
  custom:scripting/monoscript/fileName/XRDeviceSimulatorUI.cs: 0ec50ce90bac5e819d9ddb292ac27c71 -> 
  custom:scripting/precompiled-assembly-types:Unity.XR.Management.Editor: 220852eb385ea4cc2eb66eb943d70995 -> 
  custom:scripting/monoscript/fileName/PalmPoseInteraction.cs: 6bd25b6029acb9127f25748cb0b6d2a8 -> 
  custom:scripting/precompiled-assembly-types:Unity.XR.OpenXR.Editor: b2a8f17f09055950b7f19e2845cbc5c2 -> 
  custom:scripting/monoscript/fileName/MetaQuestTouchPlusControllerProfile.cs: 4b9439e11567c27c85546e11bafeabe7 -> 
  custom:scripting/monoscript/fileName/XRPluginManagementProjectValidation.cs: 12841b9f0a8da6fb46dd05260375325e -> 
  custom:scripting/monoscript/fileName/OpenXRRuntime.cs: c3a00f9ce6a0283dcb391b83637adf44 -> 
  custom:video-decoder-ogg-theora: a1e56fd34408186e4bbccfd4996cb3dc -> 
  custom:scripting/monoscript/fileName/XRGeneralSettingsPerBuildTarget.cs: 6970e5bff368910038049eb1434facbf -> 
  custom:scripting/monoscript/fileName/MetaQuestTouchProControllerProfile.cs: 9fffae235d4c14901711127c7daeb86c -> 
  custom:scripting/monoscript/fileName/OpenXRConstants.cs: f878d042bd3999b796b9387b0c8a1032 -> 
  custom:scripting/monoscript/fileName/OpenXRFeatureUICommon.cs: 45f7a59cd9c5cd84e28e0f7a429879c2 -> 
  custom:scripting/precompiled-assembly-types:Unity.XR.OpenXR.Features.OculusQuestSupport.Editor: c62b8d05b94c435029ef9fc43d7261ca -> 
  custom:scripting/monoscript/fileName/XRLoaderInfo.cs: 86fa513bfc04d58509db292069910bf2 -> 
  custom:framework-win-MediaFoundation: 216162199b28c13a410421893ffa2e32 -> 
  custom:scripting/monoscript/fileName/OpenXRLoaderUI.cs: ebd8d704d5e26f054d43886c272cd005 -> 
  custom:scripting/monoscript/fileName/WaitForRestartFinish.cs: 0e76bf389cf347a5d8d6432ec661895f -> 
  custom:scripting/monoscript/fileName/OpenXRFeatureSettings.cs: 90647cc400823b41df847a6cbfc29026 -> 
  custom:scripting/monoscript/fileName/OpenXRBuildProcessor.cs: 48dc0e114f75799c0d74bafe70808189 -> 
  custom:scripting/monoscript/fileName/KHRSimpleControllerProfile.cs: bcdcb81587b2075f7af2f75706b9e69a -> 
  custom:scripting/monoscript/fileName/OpenXRFeatureInternal.cs: 90647cc400823b41df847a6cbfc29026 -> 
  custom:scripting/monoscript/fileName/OpenXRSpaceSettings.cs: 90647cc400823b41df847a6cbfc29026 -> 
  custom:scripting/monoscript/fileName/DPadInteractionCustomEditor.cs: d93785eeae2b4d41d39f603bd6f9849d -> 
  custom:scripting/precompiled-assembly-types:Unity.XR.OpenXR.Features.RuntimeDebugger.Editor: e1cc4b3ad1ade1a1503c3d79a1cfcaf0 -> 
  custom:scripting/monoscript/fileName/XRSettingsManager.cs: 701988ef3c16e84d3bc781477493ab34 -> 
  custom:scripting/monoscript/fileName/ConformanceAutomationFeature.cs: 97112e825fad9ed87f6a9c7acc231c0b -> 
  custom:scripting/monoscript/fileName/IXRLoaderPreInit.cs: 4dbca4fbe4a89e2a18943694f414e3a9 -> 
  custom:scripting/monoscript/fileName/XRGeneralBuildProcessor.cs: d52e14652f14fd6e56a66a859653fea9 -> 
  custom:scripting/monoscript/fileName/XRGeneralSettings.cs: 01e68fef49e5cbf622bb7b4ffc622d89 -> 
  custom:scripting/monoscript/fileName/XRManagerEditor.cs: 6847a9ea85cd2d801d895b625e9590ff -> 
  custom:scripting/monoscript/fileName/FeatureHelpers.cs: 0e8d07707daeed1da30b1605e903226b -> 
  custom:scripting/monoscript/fileName/DebuggerState.cs: 41070b7a08cc178a9ea51324cdaf5b81 -> 
  custom:scripting/monoscript/fileName/XRBuildProcessorHelper.cs: 90647cc400823b41df847a6cbfc29026 -> 
  custom:scripting/monoscript/fileName/TypeLoaderExtensions.cs: ee5d3b5e5d81c98c5d3594e8b9153df0 -> 
  custom:scripting/precompiled-assembly-types:Unity.XR.OpenXR.Features.OculusQuestSupport: d15f77eecb71f285045ab68c6a5ab3aa -> 
  custom:CustomObjectIndexerAttribute: 9a22284fe3817be447336de3de66b15e -> 
  custom:scripting/monoscript/fileName/OpenXRHmd.cs: 1624687aa096b40d58d149d9c6304cca -> 
  custom:scripting/precompiled-assembly-types:Unity.XR.OpenXR.Features.MetaQuestSupport.Editor: d29ebede884d38e464c8dad49331ddbf -> 
  custom:scripting/monoscript/fileName/XRConfigurationProvider.cs: fa91ddd62be7b4c45bfd03890af30249 -> 
  custom:scripting/monoscript/fileName/ManifestElement.cs: c30b57498d373b7476c4d7dfdaee189c -> 
  custom:scripting/monoscript/fileName/OpenXRMangementSettings.cs: 5a013b6c45b1e1d06085cb1496493b86 -> 
  custom:scripting/monoscript/fileName/XREditorWorkQueue.cs: 8e928039a032f154dc8a86537aaac69a -> 
  custom:scripting/monoscript/fileName/OculusTouchControllerProfile.cs: 03df51b5c781d1980f509408bae72bc8 -> 
  custom:scripting/precompiled-assembly-types:Unity.XR.Management: f5b1b59a8f17cb331d61fd7665721dab -> 
  custom:scripting/monoscript/fileName/ManifestRequirement.cs: d0237042ed94ccc3267a409cde8490a6 -> 
  custom:scripting/monoscript/fileName/OpenXRNativeTypes.cs: 11be60823314f621c1b0bb94bf4fe744 -> 
  custom:container-demuxer-webm: 4f35f7cbe854078d1ac9338744f61a02 -> 
  custom:scripting/monoscript/fileName/KnownFeatureSets.cs: 2cf391597f07a52473981e9cc2b41b67 -> 
  custom:scripting/precompiled-assembly-types:Unity.XR.OpenXR.Features.MockRuntime: e75d918d8106c27865ca5517b4bdd194 -> 
  custom:scripting/monoscript/fileName/PackageNotificationUtils.cs: e493f521fc1755dec19875ae28a4f621 -> 
  custom:scripting/monoscript/fileName/OpenXRProjectValidationRulesSetup.cs: 63c520149123eced22b6028c5ebd9d08 -> 
  custom:scripting/monoscript/fileName/XRPackageMetadataStore.cs: e06e5e9ffca9529e9db63900dd9caf32 -> 
  custom:scripting/monoscript/fileName/XRLoaderInfoManager.cs: 28efaa63edac30b89ccc35ca2bf149fa -> 
  custom:scripting/monoscript/fileName/XRConfigurationData.cs: 2cf07b13d54bfee2898ed6dc38612fbb -> 
  custom:scripting/monoscript/fileName/MicrosoftHandInteraction.cs: dac920740153b0163dda0f7e56920e40 -> 
  custom:scripting/monoscript/fileName/RuntimeDebuggerWindow.cs: 0bc1d5ee7ce2553d42d62861471f3c44 -> 
  custom:scripting/monoscript/fileName/PackageSettingsEditor.cs: 6212fddebb8f67c4da0f50592230839b -> 
  custom:scripting/monoscript/fileName/OpenXRFeature.cs: a84888103ea4406f238a41c42d12d002 -> 
  custom:scripting/monoscript/fileName/XRManagerSettings.cs: 39a1227fa3c478af29a735ec246b6baf -> 
  custom:scripting/monoscript/fileName/XRCustomLoaderUIManager.cs: 4be5a8f671a1d808dd1496961b79b86b -> 
  custom:container-muxer-webm: aa71ff27fc2769a1b78a27578f13a17b -> 
  custom:scripting/precompiled-assembly-types:Unity.XR.OpenXR: 6b540efea7d7bcf04b31853b4d2f54c0 -> 
  custom:scripting/monoscript/fileName/OpenXRLoader.cs: 2a03893d4aa4b960c2f49090b4b03a7b -> 
  custom:scripting/monoscript/fileName/ValveIndexControllerProfile.cs: f923b1771c835a70375d3505e818878d -> 
  custom:scripting/monoscript/fileName/OculusQuestFeatureEditor.cs: af70b82209b4cf6ce20a2da2892dfc5f -> 
  custom:video-decoder-webm-vp8: 9c59270c3fd7afecdb556c50c9e8de78 -> 
  custom:scripting/monoscript/fileName/OpenXRChooseRuntimeLibraries.cs: 3923c2f1337a35d737ad0192eb46b432 -> 
  custom:scripting/monoscript/fileName/OculusQuestFeature.cs: 041c3418dd65b8e99ca410c708996814 -> 
  custom:scripting/monoscript/fileName/OpenXRFeatureSetManager.cs: 4f340a53d115a7e1888d00ddc4cd614b -> 
  custom:scripting/monoscript/fileName/OpenXRColorSubmissonModeList.cs: 62c3c48199b3c893ece86757b75b0604 -> 
  custom:scripting/monoscript/fileName/OpenXRUtility.cs: af9b8bca68ffa2bc69f78ec0da9cf1fd -> 
  custom:SearchIndexIgnoredProperties: e643bd26f0fe6173181afceb89e7c659 -> 
  custom:scripting/monoscript/fileName/XRGeneralSettingsUpgrade.cs: cc8d2e81204b3fd0e662cd38ef4a2d49 -> 
  custom:AudioImporter_EditorPlatform: d09bf68614088b80899f8185d706f6e7 -> 
  custom:scripting/monoscript/fileName/MockRuntime.cs: 8e970d93da4762c7d57e9c9dd2b36dbb -> 
  custom:scripting/monoscript/fileName/OpenXRDevice.cs: 1b3be9b024fb29351711164fb0577202 -> 
  custom:scripting/monoscript/fileName/OpenXRUnityAPI.cs: 95d0f03221767acb8a4a43279af12154 -> 
  custom:scripting/monoscript/fileName/HTCViveControllerProfile.cs: 575b921c71649e99576a05f0add9cf5d -> 
  custom:scripting/monoscript/fileName/XRDeviceSimulatorHandsUI.cs: bca3963bba47bbf101fe9d7e7dd07836 -> 
  custom:scripting/monoscript/fileName/XRCustomLoaderUI.cs: a1b6225426bb5004db8b9d7388fe5771 -> 
  custom:scripting/monoscript/fileName/BootConfigBuilder.cs: a174d8870c7a69fabc7d42a75b0f23aa -> 
  custom:scripting/precompiled-assembly-types:Unity.XR.OpenXR.Features.RuntimeDebugger: 81fc02b8029ab9c0bce4eaa33a13e7d8 -> 
  custom:scripting/monoscript/fileName/OpenXRRenderSettings.cs: 90647cc400823b41df847a6cbfc29026 -> 
  custom:scripting/monoscript/fileName/EyeGazeInteraction.cs: dc1f12620c8656649cfc16f13969f5fa -> 
  custom:scripting/monoscript/fileName/OpenXRAnalytics.cs: 67d5de80ae8e3ee46bb1b4907783d54c -> 
  custom:scripting/monoscript/fileName/XRLoaderHelper.cs: ae85c4c4a11fcc1ed3393963333e400c -> 
  custom:scripting/monoscript/fileName/MicrosoftMotionControllerProfile.cs: 6dcaa2067404bed7771687f2f9dfa057 -> 
  custom:scripting/monoscript/fileName/XRLoader.cs: d82cec0b87bab7dffe74fb3651887ce3 -> 
  custom:scripting/monoscript/fileName/OpenXRRestarter.cs: c236f3f43c026f409512d203b81e6184 -> 
  custom:scripting/monoscript/fileName/OpenXRFeatureAttribute.cs: 99305d666df750d87e7264e3c7ae4f2a -> 
  custom:scripting/monoscript/fileName/XRSupportedBuildTargetAttribute.cs: f87a91ba911f6030453bea8d921b45d2 -> 
  custom:scripting/monoscript/fileName/OpenXRLoaderNoPreInit.cs: 8f7a064e1e0bb6e17b9f5d171fe53dfc -> 
  custom:scripting/monoscript/fileName/AndroidManifestProcessor.cs: d8dd4961c18e43fcd707eb950405363a -> 
  custom:scripting/precompiled-assembly-types:Unity.XR.OpenXR.Features.ConformanceAutomation: daaea684d78afe5278ff971b66e0fbf9 -> 
  custom:scripting/monoscript/fileName/HandCommonPosesInteraction.cs: c984aa78f460c3bf39ec56bc9a0a414a -> 
  custom:scripting/monoscript/fileName/OpenXRDiagnosticReport.cs: f43e8307d90025ed39c346ed63d1208d -> 
  custom:scripting/monoscript/fileName/RuntimeDebuggerOpenXRFeatureEditor.cs: 26a9be57964b520d3a47d8c20db877e9 -> 
  custom:scripting/monoscript/fileName/PoseControl.cs: 4ff0d325328ef40fb1693e34ac3358bf -> 26044499bf9bfd77ab38d92d33de1d80
  custom:scripting/monoscript/fileName/OpenXRFeatureBuildHooks.cs: da31756dd3c74e69bcd7ed1a1983ed53 -> 
  custom:scripting/monoscript/fileName/BuildHelpers.cs: 52ee9552b5cbbfe4eb60d480e36ffff5 -> 
  custom:scripting/monoscript/fileName/HPReverbG2ControllerProfile.cs: 6aadb5e22feaccfa77ef6db6c4d4541c -> 
  custom:scripting/monoscript/fileName/XRLoaderOrderUI.cs: 7bb0491ac9109774b097f2da80cd0c03 -> 
  custom:scripting/monoscript/fileName/AndroidManifestBuildEventReceiver.cs: 641c0bff5eb90d0569a809ea302132ee -> 
  custom:video-encoder-webm-vp8: eb34c28f22e8b96e1ab97ce403110664 -> 
  custom:scripting/monoscript/fileName/BootConfig.cs: b2c4d54615a39b14509e601dd0f329ff -> 
  custom:audio-decoder-ogg-vorbis: bf7c407c2cedff20999df2af8eb42d56 -> 
  custom:scripting/precompiled-assembly-types:Unity.XR.OpenXR.Features.MetaQuestSupport: d273bae1c8d7007d6b0fe4b360a89ef1 -> 
  custom:scripting/monoscript/fileName/IAndroidManifestRequirementProvider.cs: 42bf6f4b06629c812bd73f8ff461fec4 -> 
  custom:scripting/monoscript/fileName/XrPerformanceSettingsFeature.cs: d323744d9bc61085862cbc785e1f985c -> 
  custom:scripting/monoscript/fileName/OpenXRPackageSettings.cs: 4f4aaba453bf105fb1c3c3d64247142d -> 
  custom:scripting/monoscript/fileName/ModifyAndroidManifestMeta.cs: 3b920058e4dd8cbdb95cce4af271f981 -> 
  custom:scripting/monoscript/fileName/EditorUtilities.cs: 219d482e32bf0c01357e773617418955 -> 
  custom:scripting/monoscript/fileName/OpenXRFeatureSetAttribute.cs: 9e20f05fe0a3688af8836175869f0bb7 -> 
  custom:scripting/monoscript/fileName/XRPackageInitialization.cs: 1f095dd277a284b59543541a608de1da -> 
  custom:scripting/monoscript/fileName/FoveatedRenderingFeature.cs: 3cd591174f2fee5d1b0d6a1875383a9b -> 
  custom:scripting/monoscript/fileName/KnownPackages.cs: 8647f39ea28525d7cb72646ed790f6ec -> 
  custom:scripting/monoscript/fileName/HapticControl.cs: d7a5389cafde2a1337c58e2f0d91a837 -> 
  custom:scripting/monoscript/fileName/MetaQuestFeature.cs: b9c317336250afc5bb5fa2c2df269ea6 -> 
  custom:scripting/precompiled-assembly-types:Unity.XR.Interaction.Toolkit.Samples.DeviceSimulator: b1a8126a568547b099f25fc1d4f742a8 -> 
  custom:scripting/monoscript/fileName/XrPerformanceSettingsTypes.cs: 5bc9c5b4646eff91646254ce341c6683 -> 
  custom:scripting/monoscript/fileName/OpenXRRuntimeSelector.cs: 929d3ce28c815a19c6c335174420bf6b -> 
  custom:scripting/monoscript/fileName/OpenXRFeatureEditor.cs: 01dd3fecc4e9c7ce9fb6af5d0948ba2a -> 
  custom:scripting/monoscript/fileName/XRConstants.cs: 1558884a4b0ea94b4910dd640a0e6741 -> 
  custom:scripting/monoscript/fileName/BuildHelperUtils.cs: 619773c3d1b7f3f0ca7461f5c27242a8 -> 
  custom:scripting/monoscript/fileName/gameManager_sc.cs: 06c6a4dd38765e854ad12ef8e96c6c7b -> 
  custom:scripting/monoscript/fileName/HandInteractionProfile.cs: 9c7649bd495ee99cc73ddacbe0a8cd95 -> 
  custom:scripting/monoscript/fileName/XRManagementAnalytics.cs: 546181baf4c03dbbd57015a6731508f8 -> 
  custom:scripting/monoscript/fileName/ModifyAndroidManifestOculus.cs: 1d09740e7edd66fffc5895aae9e385d3 -> 
  custom:scripting/monoscript/fileName/XRPackage.cs: f2edbbf87f9b798abaf2a9f285d155f5 -> 
  custom:audio-encoder-webm-vorbis: bf7c407c2cedff20999df2af8eb42d56 -> 
  custom:scripting/monoscript/fileName/RuntimeDebuggerOpenXRFeature.cs: 8b269b64ad1c99e85d7f28185c15f7bb -> 
  custom:scripting/monoscript/fileName/MetaQuestFeatureBuildHooks.cs: 2ac755c66ffd4e4b7c22530386a7ba47 -> 
  custom:scripting/monoscript/fileName/AndroidManifestDocument.cs: 4c38ca7417a5355dfe2fd0b706ad71e8 -> 
  custom:scripting/monoscript/fileName/XRPackageInitializationSettings.cs: 2f743437d3b09c9a4a5a33e9be971b1a -> 
  custom:scripting/precompiled-assembly-types:Assembly-CSharp: 8b28787ff12a5911776cbd01cd3f8e8f -> 4f47e1615c5f2acb1872d32e2b45cd01
  custom:scripting/monoscript/fileName/XRPackageMetadata.cs: 16731333f575d8bc31df496aced36ebf -> 
  custom:scripting/monoscript/fileName/OpenXRInput.cs: b351db87f98ee399e568b78e0ed353e3 -> 
  custom:scripting/monoscript/fileName/OpenXRInteractionFeature.cs: a60484418ad6b497996467bb6f98db73 -> 
  custom:scripting/monoscript/fileName/OpenXRSettings.cs: f8ff4c7422697fc56884f260233aaf86 -> 
  custom:scripting/monoscript/fileName/OpenXREditorSettings.cs: 321e3a8126bc4b0248cbcecf63892f31 -> 
  custom:scripting/monoscript/fileName/OpenXRProjectValidation.cs: 181508e149a91a64c6dfdc447b97c322 -> 
========================================================================
Received Prepare
Caller must complete domain reload
Begin MonoManager ReloadAssembly
- Loaded All Assemblies, in  0.633 seconds
Native extension for WindowsStandalone target not found
Mono: successfully reloaded assembly
[Package Manager] Server::EnsureServerProcessIsRunning -- launch failed, reason: Unity was launched with the -noUpm command-line argument
[Package Manager] UpmClient::Send -- Unable to send message (not connected to UPM process).
[Package Manager] Cannot connect to Unity Package Manager local server
- Finished resetting the current domain, in  1.367 seconds
Domain Reload Profiling: 1998ms
	BeginReloadAssembly (187ms)
		ExecutionOrderSort (0ms)
		DisableScriptedObjects (5ms)
		BackupInstance (0ms)
		ReleaseScriptingObjects (0ms)
		CreateAndSetChildDomain (40ms)
	RebuildCommonClasses (39ms)
	RebuildNativeTypeToScriptingClass (13ms)
	initialDomainReloadingComplete (33ms)
	LoadAllAssembliesAndSetupDomain (359ms)
		LoadAssemblies (402ms)
		RebuildTransferFunctionScriptingTraits (0ms)
		AnalyzeDomain (53ms)
			TypeCache.Refresh (14ms)
				TypeCache.ScanAssembly (1ms)
			ScanForSourceGeneratedMonoScriptInfo (26ms)
			ResolveRequiredComponents (9ms)
	FinalizeReload (1368ms)
		ReleaseScriptCaches (0ms)
		RebuildScriptCaches (0ms)
		SetupLoadedEditorAssemblies (624ms)
			LogAssemblyErrors (0ms)
			InitializePlatformSupportModulesInManaged (7ms)
			SetLoadedEditorAssemblies (3ms)
			RefreshPlugins (0ms)
			BeforeProcessingInitializeOnLoad (81ms)
			ProcessInitializeOnLoadAttributes (452ms)
			ProcessInitializeOnLoadMethodAttributes (70ms)
			AfterProcessingInitializeOnLoad (11ms)
			EditorAssembliesLoaded (0ms)
		ExecutionOrderSort2 (0ms)
		AwakeInstancesAfterBackupRestoration (11ms)
Refreshing native plugins compatible for Editor in 25.68 ms, found 10 plugins.
Preloading 0 native plugins for Editor in 0.00 ms.
Unloading 4969 Unused Serialized files (Serialized files now loaded: 0)
Unloading 68 unused Assets / (57.2 KB). Loaded Objects now: 5608.
Memory consumption went from 172.3 MB to 172.2 MB.
Total: 5.306200 ms (FindLiveObjects: 0.922700 ms CreateObjectMapping: 0.519500 ms MarkObjects: 3.739600 ms  DeleteObjects: 0.121500 ms)

Prepare: number of updated asset objects reloaded= 0
AssetImportParameters requested are different than current active one (requested -> active):
  custom:scripting/monoscript/fileName/DPadInteraction.cs: 93f85c8ba74c4199c8fc9b6e8c6fb8a6 -> 
  custom:scripting/monoscript/fileName/OpenXRFeatureSettingsEditor.cs: 46f7bc9b6667349416d592c92274a2cd -> 
  custom:container-demuxer-ogg: 62fdf1f143b41e24485cea50d1cbac27 -> 
  custom:scripting/monoscript/fileName/UWPCoreWindowBuildHooks.cs: 528ee0545204f8083d130ec04efc78bc -> 
  custom:scripting/monoscript/fileName/OpenXRLoaderBase.cs: 0b6a60b837fc38165e3eaf7aaf2bf3e3 -> 
  custom:scripting/monoscript/fileName/MetaQuestFeatureEditor.cs: fff340053bb2e94334d0d5989f2eb349 -> 
  custom:scripting/monoscript/fileName/XRDeviceSimulatorControllerUI.cs: 1fdda016482e80c4f698bd161ca6a92f -> 
  custom:scripting/monoscript/fileName/XRDeviceSimulatorUI.cs: 0ec50ce90bac5e819d9ddb292ac27c71 -> 
  custom:scripting/precompiled-assembly-types:Unity.XR.Management.Editor: 220852eb385ea4cc2eb66eb943d70995 -> 
  custom:scripting/monoscript/fileName/PalmPoseInteraction.cs: 6bd25b6029acb9127f25748cb0b6d2a8 -> 
  custom:scripting/precompiled-assembly-types:Unity.XR.OpenXR.Editor: b2a8f17f09055950b7f19e2845cbc5c2 -> 
  custom:scripting/monoscript/fileName/MetaQuestTouchPlusControllerProfile.cs: 4b9439e11567c27c85546e11bafeabe7 -> 
  custom:scripting/monoscript/fileName/XRPluginManagementProjectValidation.cs: 12841b9f0a8da6fb46dd05260375325e -> 
  custom:scripting/monoscript/fileName/OpenXRRuntime.cs: c3a00f9ce6a0283dcb391b83637adf44 -> 
  custom:video-decoder-ogg-theora: a1e56fd34408186e4bbccfd4996cb3dc -> 
  custom:scripting/monoscript/fileName/XRGeneralSettingsPerBuildTarget.cs: 6970e5bff368910038049eb1434facbf -> 
  custom:scripting/monoscript/fileName/MetaQuestTouchProControllerProfile.cs: 9fffae235d4c14901711127c7daeb86c -> 
  custom:scripting/monoscript/fileName/OpenXRConstants.cs: f878d042bd3999b796b9387b0c8a1032 -> 
  custom:scripting/monoscript/fileName/OpenXRFeatureUICommon.cs: 45f7a59cd9c5cd84e28e0f7a429879c2 -> 
  custom:scripting/precompiled-assembly-types:Unity.XR.OpenXR.Features.OculusQuestSupport.Editor: c62b8d05b94c435029ef9fc43d7261ca -> 
  custom:scripting/monoscript/fileName/XRLoaderInfo.cs: 86fa513bfc04d58509db292069910bf2 -> 
  custom:framework-win-MediaFoundation: 216162199b28c13a410421893ffa2e32 -> 
  custom:scripting/monoscript/fileName/OpenXRLoaderUI.cs: ebd8d704d5e26f054d43886c272cd005 -> 
  custom:scripting/monoscript/fileName/WaitForRestartFinish.cs: 0e76bf389cf347a5d8d6432ec661895f -> 
  custom:scripting/monoscript/fileName/OpenXRFeatureSettings.cs: 90647cc400823b41df847a6cbfc29026 -> 
  custom:scripting/monoscript/fileName/OpenXRBuildProcessor.cs: 48dc0e114f75799c0d74bafe70808189 -> 
  custom:scripting/monoscript/fileName/KHRSimpleControllerProfile.cs: bcdcb81587b2075f7af2f75706b9e69a -> 
  custom:scripting/monoscript/fileName/OpenXRFeatureInternal.cs: 90647cc400823b41df847a6cbfc29026 -> 
  custom:scripting/monoscript/fileName/OpenXRSpaceSettings.cs: 90647cc400823b41df847a6cbfc29026 -> 
  custom:scripting/monoscript/fileName/DPadInteractionCustomEditor.cs: d93785eeae2b4d41d39f603bd6f9849d -> 
  custom:scripting/precompiled-assembly-types:Unity.XR.OpenXR.Features.RuntimeDebugger.Editor: e1cc4b3ad1ade1a1503c3d79a1cfcaf0 -> 
  custom:scripting/monoscript/fileName/XRSettingsManager.cs: 701988ef3c16e84d3bc781477493ab34 -> 
  custom:scripting/monoscript/fileName/ConformanceAutomationFeature.cs: 97112e825fad9ed87f6a9c7acc231c0b -> 
  custom:scripting/monoscript/fileName/IXRLoaderPreInit.cs: 4dbca4fbe4a89e2a18943694f414e3a9 -> 
  custom:scripting/monoscript/fileName/XRGeneralBuildProcessor.cs: d52e14652f14fd6e56a66a859653fea9 -> 
  custom:scripting/monoscript/fileName/XRGeneralSettings.cs: 01e68fef49e5cbf622bb7b4ffc622d89 -> 
  custom:scripting/monoscript/fileName/XRManagerEditor.cs: 6847a9ea85cd2d801d895b625e9590ff -> 
  custom:scripting/monoscript/fileName/FeatureHelpers.cs: 0e8d07707daeed1da30b1605e903226b -> 
  custom:scripting/monoscript/fileName/DebuggerState.cs: 41070b7a08cc178a9ea51324cdaf5b81 -> 
  custom:scripting/monoscript/fileName/XRBuildProcessorHelper.cs: 90647cc400823b41df847a6cbfc29026 -> 
  custom:scripting/monoscript/fileName/TypeLoaderExtensions.cs: ee5d3b5e5d81c98c5d3594e8b9153df0 -> 
  custom:scripting/precompiled-assembly-types:Unity.XR.OpenXR.Features.OculusQuestSupport: d15f77eecb71f285045ab68c6a5ab3aa -> 
  custom:CustomObjectIndexerAttribute: 9a22284fe3817be447336de3de66b15e -> 
  custom:scripting/monoscript/fileName/OpenXRHmd.cs: 1624687aa096b40d58d149d9c6304cca -> 
  custom:scripting/precompiled-assembly-types:Unity.XR.OpenXR.Features.MetaQuestSupport.Editor: d29ebede884d38e464c8dad49331ddbf -> 
  custom:scripting/monoscript/fileName/XRConfigurationProvider.cs: fa91ddd62be7b4c45bfd03890af30249 -> 
  custom:scripting/monoscript/fileName/ManifestElement.cs: c30b57498d373b7476c4d7dfdaee189c -> 
  custom:scripting/monoscript/fileName/OpenXRMangementSettings.cs: 5a013b6c45b1e1d06085cb1496493b86 -> 
  custom:scripting/monoscript/fileName/XREditorWorkQueue.cs: 8e928039a032f154dc8a86537aaac69a -> 
  custom:scripting/monoscript/fileName/OculusTouchControllerProfile.cs: 03df51b5c781d1980f509408bae72bc8 -> 
  custom:scripting/precompiled-assembly-types:Unity.XR.Management: f5b1b59a8f17cb331d61fd7665721dab -> 
  custom:scripting/monoscript/fileName/ManifestRequirement.cs: d0237042ed94ccc3267a409cde8490a6 -> 
  custom:scripting/monoscript/fileName/OpenXRNativeTypes.cs: 11be60823314f621c1b0bb94bf4fe744 -> 
  custom:container-demuxer-webm: 4f35f7cbe854078d1ac9338744f61a02 -> 
  custom:scripting/monoscript/fileName/KnownFeatureSets.cs: 2cf391597f07a52473981e9cc2b41b67 -> 
  custom:scripting/precompiled-assembly-types:Unity.XR.OpenXR.Features.MockRuntime: e75d918d8106c27865ca5517b4bdd194 -> 
  custom:scripting/monoscript/fileName/PackageNotificationUtils.cs: e493f521fc1755dec19875ae28a4f621 -> 
  custom:scripting/monoscript/fileName/OpenXRProjectValidationRulesSetup.cs: 63c520149123eced22b6028c5ebd9d08 -> 
  custom:scripting/monoscript/fileName/XRPackageMetadataStore.cs: e06e5e9ffca9529e9db63900dd9caf32 -> 
  custom:scripting/monoscript/fileName/XRLoaderInfoManager.cs: 28efaa63edac30b89ccc35ca2bf149fa -> 
  custom:scripting/monoscript/fileName/XRConfigurationData.cs: 2cf07b13d54bfee2898ed6dc38612fbb -> 
  custom:scripting/monoscript/fileName/MicrosoftHandInteraction.cs: dac920740153b0163dda0f7e56920e40 -> 
  custom:scripting/monoscript/fileName/RuntimeDebuggerWindow.cs: 0bc1d5ee7ce2553d42d62861471f3c44 -> 
  custom:scripting/monoscript/fileName/PackageSettingsEditor.cs: 6212fddebb8f67c4da0f50592230839b -> 
  custom:scripting/monoscript/fileName/OpenXRFeature.cs: a84888103ea4406f238a41c42d12d002 -> 
  custom:scripting/monoscript/fileName/XRManagerSettings.cs: 39a1227fa3c478af29a735ec246b6baf -> 
  custom:scripting/monoscript/fileName/XRCustomLoaderUIManager.cs: 4be5a8f671a1d808dd1496961b79b86b -> 
  custom:container-muxer-webm: aa71ff27fc2769a1b78a27578f13a17b -> 
  custom:scripting/precompiled-assembly-types:Unity.XR.OpenXR: 6b540efea7d7bcf04b31853b4d2f54c0 -> 
  custom:scripting/monoscript/fileName/OpenXRLoader.cs: 2a03893d4aa4b960c2f49090b4b03a7b -> 
  custom:scripting/monoscript/fileName/ValveIndexControllerProfile.cs: f923b1771c835a70375d3505e818878d -> 
  custom:scripting/monoscript/fileName/OculusQuestFeatureEditor.cs: af70b82209b4cf6ce20a2da2892dfc5f -> 
  custom:video-decoder-webm-vp8: 9c59270c3fd7afecdb556c50c9e8de78 -> 
  custom:scripting/monoscript/fileName/OpenXRChooseRuntimeLibraries.cs: 3923c2f1337a35d737ad0192eb46b432 -> 
  custom:scripting/monoscript/fileName/OculusQuestFeature.cs: 041c3418dd65b8e99ca410c708996814 -> 
  custom:scripting/monoscript/fileName/OpenXRFeatureSetManager.cs: 4f340a53d115a7e1888d00ddc4cd614b -> 
  custom:scripting/monoscript/fileName/OpenXRColorSubmissonModeList.cs: 62c3c48199b3c893ece86757b75b0604 -> 
  custom:scripting/monoscript/fileName/OpenXRUtility.cs: af9b8bca68ffa2bc69f78ec0da9cf1fd -> 
  custom:SearchIndexIgnoredProperties: e643bd26f0fe6173181afceb89e7c659 -> 
  custom:scripting/monoscript/fileName/XRGeneralSettingsUpgrade.cs: cc8d2e81204b3fd0e662cd38ef4a2d49 -> 
  custom:AudioImporter_EditorPlatform: d09bf68614088b80899f8185d706f6e7 -> 
  custom:scripting/monoscript/fileName/MockRuntime.cs: 8e970d93da4762c7d57e9c9dd2b36dbb -> 
  custom:scripting/monoscript/fileName/OpenXRDevice.cs: 1b3be9b024fb29351711164fb0577202 -> 
  custom:scripting/monoscript/fileName/OpenXRUnityAPI.cs: 95d0f03221767acb8a4a43279af12154 -> 
  custom:scripting/monoscript/fileName/HTCViveControllerProfile.cs: 575b921c71649e99576a05f0add9cf5d -> 
  custom:scripting/monoscript/fileName/XRDeviceSimulatorHandsUI.cs: bca3963bba47bbf101fe9d7e7dd07836 -> 
  custom:scripting/monoscript/fileName/XRCustomLoaderUI.cs: a1b6225426bb5004db8b9d7388fe5771 -> 
  custom:scripting/monoscript/fileName/BootConfigBuilder.cs: a174d8870c7a69fabc7d42a75b0f23aa -> 
  custom:scripting/precompiled-assembly-types:Unity.XR.OpenXR.Features.RuntimeDebugger: 81fc02b8029ab9c0bce4eaa33a13e7d8 -> 
  custom:scripting/monoscript/fileName/OpenXRRenderSettings.cs: 90647cc400823b41df847a6cbfc29026 -> 
  custom:scripting/monoscript/fileName/EyeGazeInteraction.cs: dc1f12620c8656649cfc16f13969f5fa -> 
  custom:scripting/monoscript/fileName/OpenXRAnalytics.cs: 67d5de80ae8e3ee46bb1b4907783d54c -> 
  custom:scripting/monoscript/fileName/XRLoaderHelper.cs: ae85c4c4a11fcc1ed3393963333e400c -> 
  custom:scripting/monoscript/fileName/MicrosoftMotionControllerProfile.cs: 6dcaa2067404bed7771687f2f9dfa057 -> 
  custom:scripting/monoscript/fileName/XRLoader.cs: d82cec0b87bab7dffe74fb3651887ce3 -> 
  custom:scripting/monoscript/fileName/OpenXRRestarter.cs: c236f3f43c026f409512d203b81e6184 -> 
  custom:scripting/monoscript/fileName/OpenXRFeatureAttribute.cs: 99305d666df750d87e7264e3c7ae4f2a -> 
  custom:scripting/monoscript/fileName/XRSupportedBuildTargetAttribute.cs: f87a91ba911f6030453bea8d921b45d2 -> 
  custom:scripting/monoscript/fileName/OpenXRLoaderNoPreInit.cs: 8f7a064e1e0bb6e17b9f5d171fe53dfc -> 
  custom:scripting/monoscript/fileName/AndroidManifestProcessor.cs: d8dd4961c18e43fcd707eb950405363a -> 
  custom:scripting/precompiled-assembly-types:Unity.XR.OpenXR.Features.ConformanceAutomation: daaea684d78afe5278ff971b66e0fbf9 -> 
  custom:scripting/monoscript/fileName/HandCommonPosesInteraction.cs: c984aa78f460c3bf39ec56bc9a0a414a -> 
  custom:scripting/monoscript/fileName/OpenXRDiagnosticReport.cs: f43e8307d90025ed39c346ed63d1208d -> 
  custom:scripting/monoscript/fileName/RuntimeDebuggerOpenXRFeatureEditor.cs: 26a9be57964b520d3a47d8c20db877e9 -> 
  custom:scripting/monoscript/fileName/PoseControl.cs: 4ff0d325328ef40fb1693e34ac3358bf -> 26044499bf9bfd77ab38d92d33de1d80
  custom:scripting/monoscript/fileName/OpenXRFeatureBuildHooks.cs: da31756dd3c74e69bcd7ed1a1983ed53 -> 
  custom:scripting/monoscript/fileName/BuildHelpers.cs: 52ee9552b5cbbfe4eb60d480e36ffff5 -> 
  custom:scripting/monoscript/fileName/HPReverbG2ControllerProfile.cs: 6aadb5e22feaccfa77ef6db6c4d4541c -> 
  custom:scripting/monoscript/fileName/XRLoaderOrderUI.cs: 7bb0491ac9109774b097f2da80cd0c03 -> 
  custom:scripting/monoscript/fileName/AndroidManifestBuildEventReceiver.cs: 641c0bff5eb90d0569a809ea302132ee -> 
  custom:video-encoder-webm-vp8: eb34c28f22e8b96e1ab97ce403110664 -> 
  custom:scripting/monoscript/fileName/BootConfig.cs: b2c4d54615a39b14509e601dd0f329ff -> 
  custom:audio-decoder-ogg-vorbis: bf7c407c2cedff20999df2af8eb42d56 -> 
  custom:scripting/precompiled-assembly-types:Unity.XR.OpenXR.Features.MetaQuestSupport: d273bae1c8d7007d6b0fe4b360a89ef1 -> 
  custom:scripting/monoscript/fileName/IAndroidManifestRequirementProvider.cs: 42bf6f4b06629c812bd73f8ff461fec4 -> 
  custom:scripting/monoscript/fileName/XrPerformanceSettingsFeature.cs: d323744d9bc61085862cbc785e1f985c -> 
  custom:scripting/monoscript/fileName/OpenXRPackageSettings.cs: 4f4aaba453bf105fb1c3c3d64247142d -> 
  custom:scripting/monoscript/fileName/ModifyAndroidManifestMeta.cs: 3b920058e4dd8cbdb95cce4af271f981 -> 
  custom:scripting/monoscript/fileName/EditorUtilities.cs: 219d482e32bf0c01357e773617418955 -> 
  custom:scripting/monoscript/fileName/OpenXRFeatureSetAttribute.cs: 9e20f05fe0a3688af8836175869f0bb7 -> 
  custom:scripting/monoscript/fileName/XRPackageInitialization.cs: 1f095dd277a284b59543541a608de1da -> 
  custom:scripting/monoscript/fileName/FoveatedRenderingFeature.cs: 3cd591174f2fee5d1b0d6a1875383a9b -> 
  custom:scripting/monoscript/fileName/KnownPackages.cs: 8647f39ea28525d7cb72646ed790f6ec -> 
  custom:scripting/monoscript/fileName/HapticControl.cs: d7a5389cafde2a1337c58e2f0d91a837 -> 
  custom:scripting/monoscript/fileName/MetaQuestFeature.cs: b9c317336250afc5bb5fa2c2df269ea6 -> 
  custom:scripting/precompiled-assembly-types:Unity.XR.Interaction.Toolkit.Samples.DeviceSimulator: b1a8126a568547b099f25fc1d4f742a8 -> 
  custom:scripting/monoscript/fileName/XrPerformanceSettingsTypes.cs: 5bc9c5b4646eff91646254ce341c6683 -> 
  custom:scripting/monoscript/fileName/OpenXRRuntimeSelector.cs: 929d3ce28c815a19c6c335174420bf6b -> 
  custom:scripting/monoscript/fileName/OpenXRFeatureEditor.cs: 01dd3fecc4e9c7ce9fb6af5d0948ba2a -> 
  custom:scripting/monoscript/fileName/XRConstants.cs: 1558884a4b0ea94b4910dd640a0e6741 -> 
  custom:scripting/monoscript/fileName/BuildHelperUtils.cs: 619773c3d1b7f3f0ca7461f5c27242a8 -> 
  custom:scripting/monoscript/fileName/gameManager_sc.cs: 06c6a4dd38765e854ad12ef8e96c6c7b -> 
  custom:scripting/monoscript/fileName/HandInteractionProfile.cs: 9c7649bd495ee99cc73ddacbe0a8cd95 -> 
  custom:scripting/monoscript/fileName/XRManagementAnalytics.cs: 546181baf4c03dbbd57015a6731508f8 -> 
  custom:scripting/monoscript/fileName/ModifyAndroidManifestOculus.cs: 1d09740e7edd66fffc5895aae9e385d3 -> 
  custom:scripting/monoscript/fileName/XRPackage.cs: f2edbbf87f9b798abaf2a9f285d155f5 -> 
  custom:audio-encoder-webm-vorbis: bf7c407c2cedff20999df2af8eb42d56 -> 
  custom:scripting/monoscript/fileName/RuntimeDebuggerOpenXRFeature.cs: 8b269b64ad1c99e85d7f28185c15f7bb -> 
  custom:scripting/monoscript/fileName/MetaQuestFeatureBuildHooks.cs: 2ac755c66ffd4e4b7c22530386a7ba47 -> 
  custom:scripting/monoscript/fileName/AndroidManifestDocument.cs: 4c38ca7417a5355dfe2fd0b706ad71e8 -> 
  custom:scripting/monoscript/fileName/XRPackageInitializationSettings.cs: 2f743437d3b09c9a4a5a33e9be971b1a -> 
  custom:scripting/precompiled-assembly-types:Assembly-CSharp: 8b28787ff12a5911776cbd01cd3f8e8f -> 4f47e1615c5f2acb1872d32e2b45cd01
  custom:scripting/monoscript/fileName/XRPackageMetadata.cs: 16731333f575d8bc31df496aced36ebf -> 
  custom:scripting/monoscript/fileName/OpenXRInput.cs: b351db87f98ee399e568b78e0ed353e3 -> 
  custom:scripting/monoscript/fileName/OpenXRInteractionFeature.cs: a60484418ad6b497996467bb6f98db73 -> 
  custom:scripting/monoscript/fileName/OpenXRSettings.cs: f8ff4c7422697fc56884f260233aaf86 -> 
  custom:scripting/monoscript/fileName/OpenXREditorSettings.cs: 321e3a8126bc4b0248cbcecf63892f31 -> 
  custom:scripting/monoscript/fileName/OpenXRProjectValidation.cs: 181508e149a91a64c6dfdc447b97c322 -> 
========================================================================
Received Prepare
Caller must complete domain reload
Begin MonoManager ReloadAssembly
- Loaded All Assemblies, in  0.618 seconds
Native extension for WindowsStandalone target not found
Mono: successfully reloaded assembly
[Package Manager] Server::EnsureServerProcessIsRunning -- launch failed, reason: Unity was launched with the -noUpm command-line argument
[Package Manager] UpmClient::Send -- Unable to send message (not connected to UPM process).
[Package Manager] Cannot connect to Unity Package Manager local server
- Finished resetting the current domain, in  1.462 seconds
Domain Reload Profiling: 2076ms
	BeginReloadAssembly (168ms)
		ExecutionOrderSort (0ms)
		DisableScriptedObjects (5ms)
		BackupInstance (0ms)
		ReleaseScriptingObjects (0ms)
		CreateAndSetChildDomain (40ms)
	RebuildCommonClasses (43ms)
	RebuildNativeTypeToScriptingClass (13ms)
	initialDomainReloadingComplete (35ms)
	LoadAllAssembliesAndSetupDomain (353ms)
		LoadAssemblies (420ms)
		RebuildTransferFunctionScriptingTraits (0ms)
		AnalyzeDomain (21ms)
			TypeCache.Refresh (8ms)
				TypeCache.ScanAssembly (0ms)
			ScanForSourceGeneratedMonoScriptInfo (0ms)
			ResolveRequiredComponents (9ms)
	FinalizeReload (1463ms)
		ReleaseScriptCaches (0ms)
		RebuildScriptCaches (0ms)
		SetupLoadedEditorAssemblies (608ms)
			LogAssemblyErrors (0ms)
			InitializePlatformSupportModulesInManaged (7ms)
			SetLoadedEditorAssemblies (4ms)
			RefreshPlugins (0ms)
			BeforeProcessingInitializeOnLoad (80ms)
			ProcessInitializeOnLoadAttributes (423ms)
			ProcessInitializeOnLoadMethodAttributes (85ms)
			AfterProcessingInitializeOnLoad (9ms)
			EditorAssembliesLoaded (1ms)
		ExecutionOrderSort2 (0ms)
		AwakeInstancesAfterBackupRestoration (11ms)
Refreshing native plugins compatible for Editor in 36.63 ms, found 10 plugins.
Preloading 0 native plugins for Editor in 0.00 ms.
Unloading 4969 Unused Serialized files (Serialized files now loaded: 0)
Unloading 68 unused Assets / (57.1 KB). Loaded Objects now: 5612.
Memory consumption went from 172.2 MB to 172.2 MB.
Total: 7.409100 ms (FindLiveObjects: 0.706200 ms CreateObjectMapping: 0.648900 ms MarkObjects: 5.837300 ms  DeleteObjects: 0.215100 ms)

Prepare: number of updated asset objects reloaded= 0
AssetImportParameters requested are different than current active one (requested -> active):
  custom:scripting/monoscript/fileName/DPadInteraction.cs: 93f85c8ba74c4199c8fc9b6e8c6fb8a6 -> 
  custom:scripting/monoscript/fileName/OpenXRFeatureSettingsEditor.cs: 46f7bc9b6667349416d592c92274a2cd -> 
  custom:container-demuxer-ogg: 62fdf1f143b41e24485cea50d1cbac27 -> 
  custom:scripting/monoscript/fileName/UWPCoreWindowBuildHooks.cs: 528ee0545204f8083d130ec04efc78bc -> 
  custom:scripting/monoscript/fileName/OpenXRLoaderBase.cs: 0b6a60b837fc38165e3eaf7aaf2bf3e3 -> 
  custom:scripting/monoscript/fileName/MetaQuestFeatureEditor.cs: fff340053bb2e94334d0d5989f2eb349 -> 
  custom:scripting/monoscript/fileName/XRDeviceSimulatorControllerUI.cs: 1fdda016482e80c4f698bd161ca6a92f -> 
  custom:scripting/monoscript/fileName/XRDeviceSimulatorUI.cs: 0ec50ce90bac5e819d9ddb292ac27c71 -> 
  custom:scripting/precompiled-assembly-types:Unity.XR.Management.Editor: 220852eb385ea4cc2eb66eb943d70995 -> 
  custom:scripting/monoscript/fileName/PalmPoseInteraction.cs: 6bd25b6029acb9127f25748cb0b6d2a8 -> 
  custom:scripting/precompiled-assembly-types:Unity.XR.OpenXR.Editor: b2a8f17f09055950b7f19e2845cbc5c2 -> 
  custom:scripting/monoscript/fileName/MetaQuestTouchPlusControllerProfile.cs: 4b9439e11567c27c85546e11bafeabe7 -> 
  custom:scripting/monoscript/fileName/XRPluginManagementProjectValidation.cs: 12841b9f0a8da6fb46dd05260375325e -> 
  custom:scripting/monoscript/fileName/OpenXRRuntime.cs: c3a00f9ce6a0283dcb391b83637adf44 -> 
  custom:video-decoder-ogg-theora: a1e56fd34408186e4bbccfd4996cb3dc -> 
  custom:scripting/monoscript/fileName/XRGeneralSettingsPerBuildTarget.cs: 6970e5bff368910038049eb1434facbf -> 
  custom:scripting/monoscript/fileName/MetaQuestTouchProControllerProfile.cs: 9fffae235d4c14901711127c7daeb86c -> 
  custom:scripting/monoscript/fileName/OpenXRConstants.cs: f878d042bd3999b796b9387b0c8a1032 -> 
  custom:scripting/monoscript/fileName/OpenXRFeatureUICommon.cs: 45f7a59cd9c5cd84e28e0f7a429879c2 -> 
  custom:scripting/precompiled-assembly-types:Unity.XR.OpenXR.Features.OculusQuestSupport.Editor: c62b8d05b94c435029ef9fc43d7261ca -> 
  custom:scripting/monoscript/fileName/XRLoaderInfo.cs: 86fa513bfc04d58509db292069910bf2 -> 
  custom:framework-win-MediaFoundation: 216162199b28c13a410421893ffa2e32 -> 
  custom:scripting/monoscript/fileName/OpenXRLoaderUI.cs: ebd8d704d5e26f054d43886c272cd005 -> 
  custom:scripting/monoscript/fileName/WaitForRestartFinish.cs: 0e76bf389cf347a5d8d6432ec661895f -> 
  custom:scripting/monoscript/fileName/OpenXRFeatureSettings.cs: 90647cc400823b41df847a6cbfc29026 -> 
  custom:scripting/monoscript/fileName/OpenXRBuildProcessor.cs: 48dc0e114f75799c0d74bafe70808189 -> 
  custom:scripting/monoscript/fileName/KHRSimpleControllerProfile.cs: bcdcb81587b2075f7af2f75706b9e69a -> 
  custom:scripting/monoscript/fileName/OpenXRFeatureInternal.cs: 90647cc400823b41df847a6cbfc29026 -> 
  custom:scripting/monoscript/fileName/OpenXRSpaceSettings.cs: 90647cc400823b41df847a6cbfc29026 -> 
  custom:scripting/monoscript/fileName/DPadInteractionCustomEditor.cs: d93785eeae2b4d41d39f603bd6f9849d -> 
  custom:scripting/precompiled-assembly-types:Unity.XR.OpenXR.Features.RuntimeDebugger.Editor: e1cc4b3ad1ade1a1503c3d79a1cfcaf0 -> 
  custom:scripting/monoscript/fileName/XRSettingsManager.cs: 701988ef3c16e84d3bc781477493ab34 -> 
  custom:scripting/monoscript/fileName/ConformanceAutomationFeature.cs: 97112e825fad9ed87f6a9c7acc231c0b -> 
  custom:scripting/monoscript/fileName/IXRLoaderPreInit.cs: 4dbca4fbe4a89e2a18943694f414e3a9 -> 
  custom:scripting/monoscript/fileName/XRGeneralBuildProcessor.cs: d52e14652f14fd6e56a66a859653fea9 -> 
  custom:scripting/monoscript/fileName/XRGeneralSettings.cs: 01e68fef49e5cbf622bb7b4ffc622d89 -> 
  custom:scripting/monoscript/fileName/XRManagerEditor.cs: 6847a9ea85cd2d801d895b625e9590ff -> 
  custom:scripting/monoscript/fileName/FeatureHelpers.cs: 0e8d07707daeed1da30b1605e903226b -> 
  custom:scripting/monoscript/fileName/DebuggerState.cs: 41070b7a08cc178a9ea51324cdaf5b81 -> 
  custom:scripting/monoscript/fileName/XRBuildProcessorHelper.cs: 90647cc400823b41df847a6cbfc29026 -> 
  custom:scripting/monoscript/fileName/TypeLoaderExtensions.cs: ee5d3b5e5d81c98c5d3594e8b9153df0 -> 
  custom:scripting/precompiled-assembly-types:Unity.XR.OpenXR.Features.OculusQuestSupport: d15f77eecb71f285045ab68c6a5ab3aa -> 
  custom:CustomObjectIndexerAttribute: 9a22284fe3817be447336de3de66b15e -> 
  custom:scripting/monoscript/fileName/OpenXRHmd.cs: 1624687aa096b40d58d149d9c6304cca -> 
  custom:scripting/precompiled-assembly-types:Unity.XR.OpenXR.Features.MetaQuestSupport.Editor: d29ebede884d38e464c8dad49331ddbf -> 
  custom:scripting/monoscript/fileName/XRConfigurationProvider.cs: fa91ddd62be7b4c45bfd03890af30249 -> 
  custom:scripting/monoscript/fileName/ManifestElement.cs: c30b57498d373b7476c4d7dfdaee189c -> 
  custom:scripting/monoscript/fileName/OpenXRMangementSettings.cs: 5a013b6c45b1e1d06085cb1496493b86 -> 
  custom:scripting/monoscript/fileName/XREditorWorkQueue.cs: 8e928039a032f154dc8a86537aaac69a -> 
  custom:scripting/monoscript/fileName/OculusTouchControllerProfile.cs: 03df51b5c781d1980f509408bae72bc8 -> 
  custom:scripting/precompiled-assembly-types:Unity.XR.Management: f5b1b59a8f17cb331d61fd7665721dab -> 
  custom:scripting/monoscript/fileName/ManifestRequirement.cs: d0237042ed94ccc3267a409cde8490a6 -> 
  custom:scripting/monoscript/fileName/OpenXRNativeTypes.cs: 11be60823314f621c1b0bb94bf4fe744 -> 
  custom:container-demuxer-webm: 4f35f7cbe854078d1ac9338744f61a02 -> 
  custom:scripting/monoscript/fileName/KnownFeatureSets.cs: 2cf391597f07a52473981e9cc2b41b67 -> 
  custom:scripting/precompiled-assembly-types:Unity.XR.OpenXR.Features.MockRuntime: e75d918d8106c27865ca5517b4bdd194 -> 
  custom:scripting/monoscript/fileName/PackageNotificationUtils.cs: e493f521fc1755dec19875ae28a4f621 -> 
  custom:scripting/monoscript/fileName/OpenXRProjectValidationRulesSetup.cs: 63c520149123eced22b6028c5ebd9d08 -> 
  custom:scripting/monoscript/fileName/XRPackageMetadataStore.cs: e06e5e9ffca9529e9db63900dd9caf32 -> 
  custom:scripting/monoscript/fileName/XRLoaderInfoManager.cs: 28efaa63edac30b89ccc35ca2bf149fa -> 
  custom:scripting/monoscript/fileName/XRConfigurationData.cs: 2cf07b13d54bfee2898ed6dc38612fbb -> 
  custom:scripting/monoscript/fileName/MicrosoftHandInteraction.cs: dac920740153b0163dda0f7e56920e40 -> 
  custom:scripting/monoscript/fileName/RuntimeDebuggerWindow.cs: 0bc1d5ee7ce2553d42d62861471f3c44 -> 
  custom:scripting/monoscript/fileName/PackageSettingsEditor.cs: 6212fddebb8f67c4da0f50592230839b -> 
  custom:scripting/monoscript/fileName/OpenXRFeature.cs: a84888103ea4406f238a41c42d12d002 -> 
  custom:scripting/monoscript/fileName/XRManagerSettings.cs: 39a1227fa3c478af29a735ec246b6baf -> 
  custom:scripting/monoscript/fileName/XRCustomLoaderUIManager.cs: 4be5a8f671a1d808dd1496961b79b86b -> 
  custom:container-muxer-webm: aa71ff27fc2769a1b78a27578f13a17b -> 
  custom:scripting/precompiled-assembly-types:Unity.XR.OpenXR: 6b540efea7d7bcf04b31853b4d2f54c0 -> 
  custom:scripting/monoscript/fileName/OpenXRLoader.cs: 2a03893d4aa4b960c2f49090b4b03a7b -> 
  custom:scripting/monoscript/fileName/ValveIndexControllerProfile.cs: f923b1771c835a70375d3505e818878d -> 
  custom:scripting/monoscript/fileName/OculusQuestFeatureEditor.cs: af70b82209b4cf6ce20a2da2892dfc5f -> 
  custom:video-decoder-webm-vp8: 9c59270c3fd7afecdb556c50c9e8de78 -> 
  custom:scripting/monoscript/fileName/OpenXRChooseRuntimeLibraries.cs: 3923c2f1337a35d737ad0192eb46b432 -> 
  custom:scripting/monoscript/fileName/OculusQuestFeature.cs: 041c3418dd65b8e99ca410c708996814 -> 
  custom:scripting/monoscript/fileName/OpenXRFeatureSetManager.cs: 4f340a53d115a7e1888d00ddc4cd614b -> 
  custom:scripting/monoscript/fileName/OpenXRColorSubmissonModeList.cs: 62c3c48199b3c893ece86757b75b0604 -> 
  custom:scripting/monoscript/fileName/OpenXRUtility.cs: af9b8bca68ffa2bc69f78ec0da9cf1fd -> 
  custom:SearchIndexIgnoredProperties: e643bd26f0fe6173181afceb89e7c659 -> 
  custom:scripting/monoscript/fileName/XRGeneralSettingsUpgrade.cs: cc8d2e81204b3fd0e662cd38ef4a2d49 -> 
  custom:AudioImporter_EditorPlatform: d09bf68614088b80899f8185d706f6e7 -> 
  custom:scripting/monoscript/fileName/MockRuntime.cs: 8e970d93da4762c7d57e9c9dd2b36dbb -> 
  custom:scripting/monoscript/fileName/OpenXRDevice.cs: 1b3be9b024fb29351711164fb0577202 -> 
  custom:scripting/monoscript/fileName/OpenXRUnityAPI.cs: 95d0f03221767acb8a4a43279af12154 -> 
  custom:scripting/monoscript/fileName/HTCViveControllerProfile.cs: 575b921c71649e99576a05f0add9cf5d -> 
  custom:scripting/monoscript/fileName/XRDeviceSimulatorHandsUI.cs: bca3963bba47bbf101fe9d7e7dd07836 -> 
  custom:scripting/monoscript/fileName/XRCustomLoaderUI.cs: a1b6225426bb5004db8b9d7388fe5771 -> 
  custom:scripting/monoscript/fileName/BootConfigBuilder.cs: a174d8870c7a69fabc7d42a75b0f23aa -> 
  custom:scripting/precompiled-assembly-types:Unity.XR.OpenXR.Features.RuntimeDebugger: 81fc02b8029ab9c0bce4eaa33a13e7d8 -> 
  custom:scripting/monoscript/fileName/OpenXRRenderSettings.cs: 90647cc400823b41df847a6cbfc29026 -> 
  custom:scripting/monoscript/fileName/EyeGazeInteraction.cs: dc1f12620c8656649cfc16f13969f5fa -> 
  custom:scripting/monoscript/fileName/OpenXRAnalytics.cs: 67d5de80ae8e3ee46bb1b4907783d54c -> 
  custom:scripting/monoscript/fileName/XRLoaderHelper.cs: ae85c4c4a11fcc1ed3393963333e400c -> 
  custom:scripting/monoscript/fileName/MicrosoftMotionControllerProfile.cs: 6dcaa2067404bed7771687f2f9dfa057 -> 
  custom:scripting/monoscript/fileName/XRLoader.cs: d82cec0b87bab7dffe74fb3651887ce3 -> 
  custom:scripting/monoscript/fileName/OpenXRRestarter.cs: c236f3f43c026f409512d203b81e6184 -> 
  custom:scripting/monoscript/fileName/OpenXRFeatureAttribute.cs: 99305d666df750d87e7264e3c7ae4f2a -> 
  custom:scripting/monoscript/fileName/XRSupportedBuildTargetAttribute.cs: f87a91ba911f6030453bea8d921b45d2 -> 
  custom:scripting/monoscript/fileName/OpenXRLoaderNoPreInit.cs: 8f7a064e1e0bb6e17b9f5d171fe53dfc -> 
  custom:scripting/monoscript/fileName/AndroidManifestProcessor.cs: d8dd4961c18e43fcd707eb950405363a -> 
  custom:scripting/precompiled-assembly-types:Unity.XR.OpenXR.Features.ConformanceAutomation: daaea684d78afe5278ff971b66e0fbf9 -> 
  custom:scripting/monoscript/fileName/HandCommonPosesInteraction.cs: c984aa78f460c3bf39ec56bc9a0a414a -> 
  custom:scripting/monoscript/fileName/OpenXRDiagnosticReport.cs: f43e8307d90025ed39c346ed63d1208d -> 
  custom:scripting/monoscript/fileName/RuntimeDebuggerOpenXRFeatureEditor.cs: 26a9be57964b520d3a47d8c20db877e9 -> 
  custom:scripting/monoscript/fileName/PoseControl.cs: 4ff0d325328ef40fb1693e34ac3358bf -> 26044499bf9bfd77ab38d92d33de1d80
  custom:scripting/monoscript/fileName/OpenXRFeatureBuildHooks.cs: da31756dd3c74e69bcd7ed1a1983ed53 -> 
  custom:scripting/monoscript/fileName/BuildHelpers.cs: 52ee9552b5cbbfe4eb60d480e36ffff5 -> 
  custom:scripting/monoscript/fileName/HPReverbG2ControllerProfile.cs: 6aadb5e22feaccfa77ef6db6c4d4541c -> 
  custom:scripting/monoscript/fileName/XRLoaderOrderUI.cs: 7bb0491ac9109774b097f2da80cd0c03 -> 
  custom:scripting/monoscript/fileName/AndroidManifestBuildEventReceiver.cs: 641c0bff5eb90d0569a809ea302132ee -> 
  custom:video-encoder-webm-vp8: eb34c28f22e8b96e1ab97ce403110664 -> 
  custom:scripting/monoscript/fileName/BootConfig.cs: b2c4d54615a39b14509e601dd0f329ff -> 
  custom:audio-decoder-ogg-vorbis: bf7c407c2cedff20999df2af8eb42d56 -> 
  custom:scripting/precompiled-assembly-types:Unity.XR.OpenXR.Features.MetaQuestSupport: d273bae1c8d7007d6b0fe4b360a89ef1 -> 
  custom:scripting/monoscript/fileName/IAndroidManifestRequirementProvider.cs: 42bf6f4b06629c812bd73f8ff461fec4 -> 
  custom:scripting/monoscript/fileName/XrPerformanceSettingsFeature.cs: d323744d9bc61085862cbc785e1f985c -> 
  custom:scripting/monoscript/fileName/OpenXRPackageSettings.cs: 4f4aaba453bf105fb1c3c3d64247142d -> 
  custom:scripting/monoscript/fileName/ModifyAndroidManifestMeta.cs: 3b920058e4dd8cbdb95cce4af271f981 -> 
  custom:scripting/monoscript/fileName/EditorUtilities.cs: 219d482e32bf0c01357e773617418955 -> 
  custom:scripting/monoscript/fileName/OpenXRFeatureSetAttribute.cs: 9e20f05fe0a3688af8836175869f0bb7 -> 
  custom:scripting/monoscript/fileName/XRPackageInitialization.cs: 1f095dd277a284b59543541a608de1da -> 
  custom:scripting/monoscript/fileName/FoveatedRenderingFeature.cs: 3cd591174f2fee5d1b0d6a1875383a9b -> 
  custom:scripting/monoscript/fileName/KnownPackages.cs: 8647f39ea28525d7cb72646ed790f6ec -> 
  custom:scripting/monoscript/fileName/HapticControl.cs: d7a5389cafde2a1337c58e2f0d91a837 -> 
  custom:scripting/monoscript/fileName/MetaQuestFeature.cs: b9c317336250afc5bb5fa2c2df269ea6 -> 
  custom:scripting/precompiled-assembly-types:Unity.XR.Interaction.Toolkit.Samples.DeviceSimulator: b1a8126a568547b099f25fc1d4f742a8 -> 
  custom:scripting/monoscript/fileName/XrPerformanceSettingsTypes.cs: 5bc9c5b4646eff91646254ce341c6683 -> 
  custom:scripting/monoscript/fileName/OpenXRRuntimeSelector.cs: 929d3ce28c815a19c6c335174420bf6b -> 
  custom:scripting/monoscript/fileName/OpenXRFeatureEditor.cs: 01dd3fecc4e9c7ce9fb6af5d0948ba2a -> 
  custom:scripting/monoscript/fileName/XRConstants.cs: 1558884a4b0ea94b4910dd640a0e6741 -> 
  custom:scripting/monoscript/fileName/BuildHelperUtils.cs: 619773c3d1b7f3f0ca7461f5c27242a8 -> 
  custom:scripting/monoscript/fileName/gameManager_sc.cs: 06c6a4dd38765e854ad12ef8e96c6c7b -> 
  custom:scripting/monoscript/fileName/HandInteractionProfile.cs: 9c7649bd495ee99cc73ddacbe0a8cd95 -> 
  custom:scripting/monoscript/fileName/XRManagementAnalytics.cs: 546181baf4c03dbbd57015a6731508f8 -> 
  custom:scripting/monoscript/fileName/ModifyAndroidManifestOculus.cs: 1d09740e7edd66fffc5895aae9e385d3 -> 
  custom:scripting/monoscript/fileName/XRPackage.cs: f2edbbf87f9b798abaf2a9f285d155f5 -> 
  custom:audio-encoder-webm-vorbis: bf7c407c2cedff20999df2af8eb42d56 -> 
  custom:scripting/monoscript/fileName/RuntimeDebuggerOpenXRFeature.cs: 8b269b64ad1c99e85d7f28185c15f7bb -> 
  custom:scripting/monoscript/fileName/MetaQuestFeatureBuildHooks.cs: 2ac755c66ffd4e4b7c22530386a7ba47 -> 
  custom:scripting/monoscript/fileName/AndroidManifestDocument.cs: 4c38ca7417a5355dfe2fd0b706ad71e8 -> 
  custom:scripting/monoscript/fileName/XRPackageInitializationSettings.cs: 2f743437d3b09c9a4a5a33e9be971b1a -> 
  custom:scripting/precompiled-assembly-types:Assembly-CSharp: 8b28787ff12a5911776cbd01cd3f8e8f -> 4f47e1615c5f2acb1872d32e2b45cd01
  custom:scripting/monoscript/fileName/XRPackageMetadata.cs: 16731333f575d8bc31df496aced36ebf -> 
  custom:scripting/monoscript/fileName/OpenXRInput.cs: b351db87f98ee399e568b78e0ed353e3 -> 
  custom:scripting/monoscript/fileName/OpenXRInteractionFeature.cs: a60484418ad6b497996467bb6f98db73 -> 
  custom:scripting/monoscript/fileName/OpenXRSettings.cs: f8ff4c7422697fc56884f260233aaf86 -> 
  custom:scripting/monoscript/fileName/OpenXREditorSettings.cs: 321e3a8126bc4b0248cbcecf63892f31 -> 
  custom:scripting/monoscript/fileName/OpenXRProjectValidation.cs: 181508e149a91a64c6dfdc447b97c322 -> 
========================================================================
Received Import Request.
  Time since last request: 2711.577935 seconds.
  path: Assets/audio/sw006_quadcopter_engine_right_turn_constant_mkh8040.mp3
  artifactKey: Guid(c7ec95137045b3b469c60f36fcdb4df8) Importer(815301076,1909f56bfc062723c751e8b465ee728b)
Start importing Assets/audio/sw006_quadcopter_engine_right_turn_constant_mkh8040.mp3 using Guid(c7ec95137045b3b469c60f36fcdb4df8) Importer(815301076,1909f56bfc062723c751e8b465ee728b) [PhysX] Initialized MultithreadedTaskDispatcher with 12 workers.
[PhysX] Initialized MultithreadedTaskDispatcher with 12 workers.
 -> (artifact id: '761c23121c1dab47fd616e1f657d3571') in 0.124749 seconds
Number of updated asset objects reloaded before import = 0
Number of asset objects unloaded after import = 2
========================================================================
Received Prepare
Caller must complete domain reload
Begin MonoManager ReloadAssembly
- Loaded All Assemblies, in  0.536 seconds
Native extension for WindowsStandalone target not found
Mono: successfully reloaded assembly
[Package Manager] Server::EnsureServerProcessIsRunning -- launch failed, reason: Unity was launched with the -noUpm command-line argument
[Package Manager] UpmClient::Send -- Unable to send message (not connected to UPM process).
[Package Manager] Cannot connect to Unity Package Manager local server
- Finished resetting the current domain, in  1.441 seconds
Domain Reload Profiling: 1974ms
	BeginReloadAssembly (162ms)
		ExecutionOrderSort (0ms)
		DisableScriptedObjects (5ms)
		BackupInstance (0ms)
		ReleaseScriptingObjects (0ms)
		CreateAndSetChildDomain (38ms)
	RebuildCommonClasses (35ms)
	RebuildNativeTypeToScriptingClass (12ms)
	initialDomainReloadingComplete (33ms)
	LoadAllAssembliesAndSetupDomain (290ms)
		LoadAssemblies (351ms)
		RebuildTransferFunctionScriptingTraits (0ms)
		AnalyzeDomain (22ms)
			TypeCache.Refresh (10ms)
				TypeCache.ScanAssembly (0ms)
			ScanForSourceGeneratedMonoScriptInfo (0ms)
			ResolveRequiredComponents (10ms)
	FinalizeReload (1442ms)
		ReleaseScriptCaches (0ms)
		RebuildScriptCaches (0ms)
		SetupLoadedEditorAssemblies (676ms)
			LogAssemblyErrors (0ms)
			InitializePlatformSupportModulesInManaged (7ms)
			SetLoadedEditorAssemblies (3ms)
			RefreshPlugins (0ms)
			BeforeProcessingInitializeOnLoad (75ms)
			ProcessInitializeOnLoadAttributes (479ms)
			ProcessInitializeOnLoadMethodAttributes (103ms)
			AfterProcessingInitializeOnLoad (7ms)
			EditorAssembliesLoaded (0ms)
		ExecutionOrderSort2 (0ms)
		AwakeInstancesAfterBackupRestoration (11ms)
Refreshing native plugins compatible for Editor in 26.54 ms, found 10 plugins.
Preloading 0 native plugins for Editor in 0.00 ms.
Unloading 4969 Unused Serialized files (Serialized files now loaded: 0)
Unloading 68 unused Assets / (57.1 KB). Loaded Objects now: 5618.
Memory consumption went from 172.3 MB to 172.3 MB.
Total: 9.377100 ms (FindLiveObjects: 1.301500 ms CreateObjectMapping: 0.389100 ms MarkObjects: 7.492600 ms  DeleteObjects: 0.190800 ms)

Prepare: number of updated asset objects reloaded= 0
AssetImportParameters requested are different than current active one (requested -> active):
  custom:scripting/monoscript/fileName/DPadInteraction.cs: 93f85c8ba74c4199c8fc9b6e8c6fb8a6 -> 
  custom:scripting/monoscript/fileName/OpenXRFeatureSettingsEditor.cs: 46f7bc9b6667349416d592c92274a2cd -> 
  custom:container-demuxer-ogg: 62fdf1f143b41e24485cea50d1cbac27 -> 
  custom:scripting/monoscript/fileName/UWPCoreWindowBuildHooks.cs: 528ee0545204f8083d130ec04efc78bc -> 
  custom:scripting/monoscript/fileName/OpenXRLoaderBase.cs: 0b6a60b837fc38165e3eaf7aaf2bf3e3 -> 
  custom:scripting/monoscript/fileName/MetaQuestFeatureEditor.cs: fff340053bb2e94334d0d5989f2eb349 -> 
  custom:scripting/monoscript/fileName/XRDeviceSimulatorControllerUI.cs: 1fdda016482e80c4f698bd161ca6a92f -> 
  custom:scripting/monoscript/fileName/XRDeviceSimulatorUI.cs: 0ec50ce90bac5e819d9ddb292ac27c71 -> 
  custom:scripting/precompiled-assembly-types:Unity.XR.Management.Editor: 220852eb385ea4cc2eb66eb943d70995 -> 
  custom:scripting/monoscript/fileName/PalmPoseInteraction.cs: 6bd25b6029acb9127f25748cb0b6d2a8 -> 
  custom:scripting/precompiled-assembly-types:Unity.XR.OpenXR.Editor: b2a8f17f09055950b7f19e2845cbc5c2 -> 
  custom:scripting/monoscript/fileName/MetaQuestTouchPlusControllerProfile.cs: 4b9439e11567c27c85546e11bafeabe7 -> 
  custom:scripting/monoscript/fileName/XRPluginManagementProjectValidation.cs: 12841b9f0a8da6fb46dd05260375325e -> 
  custom:scripting/monoscript/fileName/OpenXRRuntime.cs: c3a00f9ce6a0283dcb391b83637adf44 -> 
  custom:video-decoder-ogg-theora: a1e56fd34408186e4bbccfd4996cb3dc -> 
  custom:scripting/monoscript/fileName/XRGeneralSettingsPerBuildTarget.cs: 6970e5bff368910038049eb1434facbf -> 
  custom:scripting/monoscript/fileName/MetaQuestTouchProControllerProfile.cs: 9fffae235d4c14901711127c7daeb86c -> 
  custom:scripting/monoscript/fileName/OpenXRConstants.cs: f878d042bd3999b796b9387b0c8a1032 -> 
  custom:scripting/monoscript/fileName/OpenXRFeatureUICommon.cs: 45f7a59cd9c5cd84e28e0f7a429879c2 -> 
  custom:scripting/precompiled-assembly-types:Unity.XR.OpenXR.Features.OculusQuestSupport.Editor: c62b8d05b94c435029ef9fc43d7261ca -> 
  custom:scripting/monoscript/fileName/XRLoaderInfo.cs: 86fa513bfc04d58509db292069910bf2 -> 
  custom:framework-win-MediaFoundation: 216162199b28c13a410421893ffa2e32 -> 
  custom:scripting/monoscript/fileName/OpenXRLoaderUI.cs: ebd8d704d5e26f054d43886c272cd005 -> 
  custom:scripting/monoscript/fileName/WaitForRestartFinish.cs: 0e76bf389cf347a5d8d6432ec661895f -> 
  custom:scripting/monoscript/fileName/OpenXRFeatureSettings.cs: 90647cc400823b41df847a6cbfc29026 -> 
  custom:scripting/monoscript/fileName/OpenXRBuildProcessor.cs: 48dc0e114f75799c0d74bafe70808189 -> 
  custom:scripting/monoscript/fileName/KHRSimpleControllerProfile.cs: bcdcb81587b2075f7af2f75706b9e69a -> 
  custom:scripting/monoscript/fileName/OpenXRFeatureInternal.cs: 90647cc400823b41df847a6cbfc29026 -> 
  custom:scripting/monoscript/fileName/OpenXRSpaceSettings.cs: 90647cc400823b41df847a6cbfc29026 -> 
  custom:scripting/monoscript/fileName/DPadInteractionCustomEditor.cs: d93785eeae2b4d41d39f603bd6f9849d -> 
  custom:scripting/precompiled-assembly-types:Unity.XR.OpenXR.Features.RuntimeDebugger.Editor: e1cc4b3ad1ade1a1503c3d79a1cfcaf0 -> 
  custom:scripting/monoscript/fileName/XRSettingsManager.cs: 701988ef3c16e84d3bc781477493ab34 -> 
  custom:scripting/monoscript/fileName/ConformanceAutomationFeature.cs: 97112e825fad9ed87f6a9c7acc231c0b -> 
  custom:scripting/monoscript/fileName/IXRLoaderPreInit.cs: 4dbca4fbe4a89e2a18943694f414e3a9 -> 
  custom:scripting/monoscript/fileName/XRGeneralBuildProcessor.cs: d52e14652f14fd6e56a66a859653fea9 -> 
  custom:scripting/monoscript/fileName/XRGeneralSettings.cs: 01e68fef49e5cbf622bb7b4ffc622d89 -> 
  custom:scripting/monoscript/fileName/XRManagerEditor.cs: 6847a9ea85cd2d801d895b625e9590ff -> 
  custom:scripting/monoscript/fileName/FeatureHelpers.cs: 0e8d07707daeed1da30b1605e903226b -> 
  custom:scripting/monoscript/fileName/DebuggerState.cs: 41070b7a08cc178a9ea51324cdaf5b81 -> 
  custom:scripting/monoscript/fileName/XRBuildProcessorHelper.cs: 90647cc400823b41df847a6cbfc29026 -> 
  custom:scripting/monoscript/fileName/TypeLoaderExtensions.cs: ee5d3b5e5d81c98c5d3594e8b9153df0 -> 
  custom:scripting/precompiled-assembly-types:Unity.XR.OpenXR.Features.OculusQuestSupport: d15f77eecb71f285045ab68c6a5ab3aa -> 
  custom:CustomObjectIndexerAttribute: 9a22284fe3817be447336de3de66b15e -> 
  custom:scripting/monoscript/fileName/OpenXRHmd.cs: 1624687aa096b40d58d149d9c6304cca -> 
  custom:scripting/precompiled-assembly-types:Unity.XR.OpenXR.Features.MetaQuestSupport.Editor: d29ebede884d38e464c8dad49331ddbf -> 
  custom:scripting/monoscript/fileName/XRConfigurationProvider.cs: fa91ddd62be7b4c45bfd03890af30249 -> 
  custom:scripting/monoscript/fileName/ManifestElement.cs: c30b57498d373b7476c4d7dfdaee189c -> 
  custom:scripting/monoscript/fileName/OpenXRMangementSettings.cs: 5a013b6c45b1e1d06085cb1496493b86 -> 
  custom:scripting/monoscript/fileName/XREditorWorkQueue.cs: 8e928039a032f154dc8a86537aaac69a -> 
  custom:scripting/monoscript/fileName/OculusTouchControllerProfile.cs: 03df51b5c781d1980f509408bae72bc8 -> 
  custom:scripting/precompiled-assembly-types:Unity.XR.Management: f5b1b59a8f17cb331d61fd7665721dab -> 
  custom:scripting/monoscript/fileName/ManifestRequirement.cs: d0237042ed94ccc3267a409cde8490a6 -> 
  custom:scripting/monoscript/fileName/OpenXRNativeTypes.cs: 11be60823314f621c1b0bb94bf4fe744 -> 
  custom:container-demuxer-webm: 4f35f7cbe854078d1ac9338744f61a02 -> 
  custom:scripting/monoscript/fileName/KnownFeatureSets.cs: 2cf391597f07a52473981e9cc2b41b67 -> 
  custom:scripting/precompiled-assembly-types:Unity.XR.OpenXR.Features.MockRuntime: e75d918d8106c27865ca5517b4bdd194 -> 
  custom:scripting/monoscript/fileName/PackageNotificationUtils.cs: e493f521fc1755dec19875ae28a4f621 -> 
  custom:scripting/monoscript/fileName/OpenXRProjectValidationRulesSetup.cs: 63c520149123eced22b6028c5ebd9d08 -> 
  custom:scripting/monoscript/fileName/XRPackageMetadataStore.cs: e06e5e9ffca9529e9db63900dd9caf32 -> 
  custom:scripting/monoscript/fileName/XRLoaderInfoManager.cs: 28efaa63edac30b89ccc35ca2bf149fa -> 
  custom:scripting/monoscript/fileName/XRConfigurationData.cs: 2cf07b13d54bfee2898ed6dc38612fbb -> 
  custom:scripting/monoscript/fileName/MicrosoftHandInteraction.cs: dac920740153b0163dda0f7e56920e40 -> 
  custom:scripting/monoscript/fileName/RuntimeDebuggerWindow.cs: 0bc1d5ee7ce2553d42d62861471f3c44 -> 
  custom:scripting/monoscript/fileName/PackageSettingsEditor.cs: 6212fddebb8f67c4da0f50592230839b -> 
  custom:scripting/monoscript/fileName/OpenXRFeature.cs: a84888103ea4406f238a41c42d12d002 -> 
  custom:scripting/monoscript/fileName/XRManagerSettings.cs: 39a1227fa3c478af29a735ec246b6baf -> 
  custom:scripting/monoscript/fileName/XRCustomLoaderUIManager.cs: 4be5a8f671a1d808dd1496961b79b86b -> 
  custom:container-muxer-webm: aa71ff27fc2769a1b78a27578f13a17b -> 
  custom:scripting/precompiled-assembly-types:Unity.XR.OpenXR: 6b540efea7d7bcf04b31853b4d2f54c0 -> 
  custom:scripting/monoscript/fileName/OpenXRLoader.cs: 2a03893d4aa4b960c2f49090b4b03a7b -> 
  custom:scripting/monoscript/fileName/ValveIndexControllerProfile.cs: f923b1771c835a70375d3505e818878d -> 
  custom:scripting/monoscript/fileName/OculusQuestFeatureEditor.cs: af70b82209b4cf6ce20a2da2892dfc5f -> 
  custom:video-decoder-webm-vp8: 9c59270c3fd7afecdb556c50c9e8de78 -> 
  custom:scripting/monoscript/fileName/OpenXRChooseRuntimeLibraries.cs: 3923c2f1337a35d737ad0192eb46b432 -> 
  custom:scripting/monoscript/fileName/OculusQuestFeature.cs: 041c3418dd65b8e99ca410c708996814 -> 
  custom:scripting/monoscript/fileName/OpenXRFeatureSetManager.cs: 4f340a53d115a7e1888d00ddc4cd614b -> 
  custom:scripting/monoscript/fileName/OpenXRColorSubmissonModeList.cs: 62c3c48199b3c893ece86757b75b0604 -> 
  custom:scripting/monoscript/fileName/OpenXRUtility.cs: af9b8bca68ffa2bc69f78ec0da9cf1fd -> 
  custom:SearchIndexIgnoredProperties: e643bd26f0fe6173181afceb89e7c659 -> 
  custom:scripting/monoscript/fileName/XRGeneralSettingsUpgrade.cs: cc8d2e81204b3fd0e662cd38ef4a2d49 -> 
  custom:AudioImporter_EditorPlatform: d09bf68614088b80899f8185d706f6e7 -> 
  custom:scripting/monoscript/fileName/MockRuntime.cs: 8e970d93da4762c7d57e9c9dd2b36dbb -> 
  custom:scripting/monoscript/fileName/OpenXRDevice.cs: 1b3be9b024fb29351711164fb0577202 -> 
  custom:scripting/monoscript/fileName/OpenXRUnityAPI.cs: 95d0f03221767acb8a4a43279af12154 -> 
  custom:scripting/monoscript/fileName/HTCViveControllerProfile.cs: 575b921c71649e99576a05f0add9cf5d -> 
  custom:scripting/monoscript/fileName/XRDeviceSimulatorHandsUI.cs: bca3963bba47bbf101fe9d7e7dd07836 -> 
  custom:scripting/monoscript/fileName/XRCustomLoaderUI.cs: a1b6225426bb5004db8b9d7388fe5771 -> 
  custom:scripting/monoscript/fileName/BootConfigBuilder.cs: a174d8870c7a69fabc7d42a75b0f23aa -> 
  custom:scripting/precompiled-assembly-types:Unity.XR.OpenXR.Features.RuntimeDebugger: 81fc02b8029ab9c0bce4eaa33a13e7d8 -> 
  custom:scripting/monoscript/fileName/OpenXRRenderSettings.cs: 90647cc400823b41df847a6cbfc29026 -> 
  custom:scripting/monoscript/fileName/EyeGazeInteraction.cs: dc1f12620c8656649cfc16f13969f5fa -> 
  custom:scripting/monoscript/fileName/OpenXRAnalytics.cs: 67d5de80ae8e3ee46bb1b4907783d54c -> 
  custom:scripting/monoscript/fileName/XRLoaderHelper.cs: ae85c4c4a11fcc1ed3393963333e400c -> 
  custom:scripting/monoscript/fileName/MicrosoftMotionControllerProfile.cs: 6dcaa2067404bed7771687f2f9dfa057 -> 
  custom:scripting/monoscript/fileName/XRLoader.cs: d82cec0b87bab7dffe74fb3651887ce3 -> 
  custom:scripting/monoscript/fileName/OpenXRRestarter.cs: c236f3f43c026f409512d203b81e6184 -> 
  custom:scripting/monoscript/fileName/OpenXRFeatureAttribute.cs: 99305d666df750d87e7264e3c7ae4f2a -> 
  custom:scripting/monoscript/fileName/XRSupportedBuildTargetAttribute.cs: f87a91ba911f6030453bea8d921b45d2 -> 
  custom:scripting/monoscript/fileName/OpenXRLoaderNoPreInit.cs: 8f7a064e1e0bb6e17b9f5d171fe53dfc -> 
  custom:scripting/monoscript/fileName/AndroidManifestProcessor.cs: d8dd4961c18e43fcd707eb950405363a -> 
  custom:scripting/precompiled-assembly-types:Unity.XR.OpenXR.Features.ConformanceAutomation: daaea684d78afe5278ff971b66e0fbf9 -> 
  custom:scripting/monoscript/fileName/HandCommonPosesInteraction.cs: c984aa78f460c3bf39ec56bc9a0a414a -> 
  custom:scripting/monoscript/fileName/OpenXRDiagnosticReport.cs: f43e8307d90025ed39c346ed63d1208d -> 
  custom:scripting/monoscript/fileName/RuntimeDebuggerOpenXRFeatureEditor.cs: 26a9be57964b520d3a47d8c20db877e9 -> 
  custom:scripting/monoscript/fileName/PoseControl.cs: 4ff0d325328ef40fb1693e34ac3358bf -> 26044499bf9bfd77ab38d92d33de1d80
  custom:scripting/monoscript/fileName/OpenXRFeatureBuildHooks.cs: da31756dd3c74e69bcd7ed1a1983ed53 -> 
  custom:scripting/monoscript/fileName/BuildHelpers.cs: 52ee9552b5cbbfe4eb60d480e36ffff5 -> 
  custom:scripting/monoscript/fileName/HPReverbG2ControllerProfile.cs: 6aadb5e22feaccfa77ef6db6c4d4541c -> 
  custom:scripting/monoscript/fileName/XRLoaderOrderUI.cs: 7bb0491ac9109774b097f2da80cd0c03 -> 
  custom:scripting/monoscript/fileName/AndroidManifestBuildEventReceiver.cs: 641c0bff5eb90d0569a809ea302132ee -> 
  custom:video-encoder-webm-vp8: eb34c28f22e8b96e1ab97ce403110664 -> 
  custom:scripting/monoscript/fileName/BootConfig.cs: b2c4d54615a39b14509e601dd0f329ff -> 
  custom:audio-decoder-ogg-vorbis: bf7c407c2cedff20999df2af8eb42d56 -> 
  custom:scripting/precompiled-assembly-types:Unity.XR.OpenXR.Features.MetaQuestSupport: d273bae1c8d7007d6b0fe4b360a89ef1 -> 
  custom:scripting/monoscript/fileName/IAndroidManifestRequirementProvider.cs: 42bf6f4b06629c812bd73f8ff461fec4 -> 
  custom:scripting/monoscript/fileName/XrPerformanceSettingsFeature.cs: d323744d9bc61085862cbc785e1f985c -> 
  custom:scripting/monoscript/fileName/OpenXRPackageSettings.cs: 4f4aaba453bf105fb1c3c3d64247142d -> 
  custom:scripting/monoscript/fileName/ModifyAndroidManifestMeta.cs: 3b920058e4dd8cbdb95cce4af271f981 -> 
  custom:scripting/monoscript/fileName/EditorUtilities.cs: 219d482e32bf0c01357e773617418955 -> 
  custom:scripting/monoscript/fileName/OpenXRFeatureSetAttribute.cs: 9e20f05fe0a3688af8836175869f0bb7 -> 
  custom:scripting/monoscript/fileName/XRPackageInitialization.cs: 1f095dd277a284b59543541a608de1da -> 
  custom:scripting/monoscript/fileName/FoveatedRenderingFeature.cs: 3cd591174f2fee5d1b0d6a1875383a9b -> 
  custom:scripting/monoscript/fileName/KnownPackages.cs: 8647f39ea28525d7cb72646ed790f6ec -> 
  custom:scripting/monoscript/fileName/HapticControl.cs: d7a5389cafde2a1337c58e2f0d91a837 -> 
  custom:scripting/monoscript/fileName/MetaQuestFeature.cs: b9c317336250afc5bb5fa2c2df269ea6 -> 
  custom:scripting/precompiled-assembly-types:Unity.XR.Interaction.Toolkit.Samples.DeviceSimulator: b1a8126a568547b099f25fc1d4f742a8 -> 
  custom:scripting/monoscript/fileName/XrPerformanceSettingsTypes.cs: 5bc9c5b4646eff91646254ce341c6683 -> 
  custom:scripting/monoscript/fileName/OpenXRRuntimeSelector.cs: 929d3ce28c815a19c6c335174420bf6b -> 
  custom:scripting/monoscript/fileName/OpenXRFeatureEditor.cs: 01dd3fecc4e9c7ce9fb6af5d0948ba2a -> 
  custom:scripting/monoscript/fileName/XRConstants.cs: 1558884a4b0ea94b4910dd640a0e6741 -> 
  custom:scripting/monoscript/fileName/BuildHelperUtils.cs: 619773c3d1b7f3f0ca7461f5c27242a8 -> 
  custom:scripting/monoscript/fileName/gameManager_sc.cs: 06c6a4dd38765e854ad12ef8e96c6c7b -> 
  custom:scripting/monoscript/fileName/HandInteractionProfile.cs: 9c7649bd495ee99cc73ddacbe0a8cd95 -> 
  custom:scripting/monoscript/fileName/XRManagementAnalytics.cs: 546181baf4c03dbbd57015a6731508f8 -> 
  custom:scripting/monoscript/fileName/ModifyAndroidManifestOculus.cs: 1d09740e7edd66fffc5895aae9e385d3 -> 
  custom:scripting/monoscript/fileName/XRPackage.cs: f2edbbf87f9b798abaf2a9f285d155f5 -> 
  custom:audio-encoder-webm-vorbis: bf7c407c2cedff20999df2af8eb42d56 -> 
  custom:scripting/monoscript/fileName/RuntimeDebuggerOpenXRFeature.cs: 8b269b64ad1c99e85d7f28185c15f7bb -> 
  custom:scripting/monoscript/fileName/MetaQuestFeatureBuildHooks.cs: 2ac755c66ffd4e4b7c22530386a7ba47 -> 
  custom:scripting/monoscript/fileName/AndroidManifestDocument.cs: 4c38ca7417a5355dfe2fd0b706ad71e8 -> 
  custom:scripting/monoscript/fileName/XRPackageInitializationSettings.cs: 2f743437d3b09c9a4a5a33e9be971b1a -> 
  custom:scripting/precompiled-assembly-types:Assembly-CSharp: 8b28787ff12a5911776cbd01cd3f8e8f -> 4f47e1615c5f2acb1872d32e2b45cd01
  custom:scripting/monoscript/fileName/XRPackageMetadata.cs: 16731333f575d8bc31df496aced36ebf -> 
  custom:scripting/monoscript/fileName/OpenXRInput.cs: b351db87f98ee399e568b78e0ed353e3 -> 
  custom:scripting/monoscript/fileName/OpenXRInteractionFeature.cs: a60484418ad6b497996467bb6f98db73 -> 
  custom:scripting/monoscript/fileName/OpenXRSettings.cs: f8ff4c7422697fc56884f260233aaf86 -> 
  custom:scripting/monoscript/fileName/OpenXREditorSettings.cs: 321e3a8126bc4b0248cbcecf63892f31 -> 
  custom:scripting/monoscript/fileName/OpenXRProjectValidation.cs: 181508e149a91a64c6dfdc447b97c322 -> 
========================================================================
Received Prepare
Caller must complete domain reload
Begin MonoManager ReloadAssembly
- Loaded All Assemblies, in  0.568 seconds
Native extension for WindowsStandalone target not found
Mono: successfully reloaded assembly
[Package Manager] Server::EnsureServerProcessIsRunning -- launch failed, reason: Unity was launched with the -noUpm command-line argument
[Package Manager] UpmClient::Send -- Unable to send message (not connected to UPM process).
[Package Manager] Cannot connect to Unity Package Manager local server
- Finished resetting the current domain, in  1.483 seconds
Domain Reload Profiling: 2049ms
	BeginReloadAssembly (172ms)
		ExecutionOrderSort (0ms)
		DisableScriptedObjects (5ms)
		BackupInstance (0ms)
		ReleaseScriptingObjects (0ms)
		CreateAndSetChildDomain (38ms)
	RebuildCommonClasses (38ms)
	RebuildNativeTypeToScriptingClass (11ms)
	initialDomainReloadingComplete (40ms)
	LoadAllAssembliesAndSetupDomain (304ms)
		LoadAssemblies (375ms)
		RebuildTransferFunctionScriptingTraits (0ms)
		AnalyzeDomain (22ms)
			TypeCache.Refresh (10ms)
				TypeCache.ScanAssembly (0ms)
			ScanForSourceGeneratedMonoScriptInfo (0ms)
			ResolveRequiredComponents (9ms)
	FinalizeReload (1483ms)
		ReleaseScriptCaches (0ms)
		RebuildScriptCaches (0ms)
		SetupLoadedEditorAssemblies (626ms)
			LogAssemblyErrors (0ms)
			InitializePlatformSupportModulesInManaged (10ms)
			SetLoadedEditorAssemblies (4ms)
			RefreshPlugins (0ms)
			BeforeProcessingInitializeOnLoad (85ms)
			ProcessInitializeOnLoadAttributes (457ms)
			ProcessInitializeOnLoadMethodAttributes (63ms)
			AfterProcessingInitializeOnLoad (6ms)
			EditorAssembliesLoaded (0ms)
		ExecutionOrderSort2 (0ms)
		AwakeInstancesAfterBackupRestoration (8ms)
Refreshing native plugins compatible for Editor in 22.26 ms, found 10 plugins.
Preloading 0 native plugins for Editor in 0.00 ms.
Unloading 4969 Unused Serialized files (Serialized files now loaded: 0)
Unloading 68 unused Assets / (57.2 KB). Loaded Objects now: 5622.
Memory consumption went from 172.3 MB to 172.3 MB.
Total: 5.934600 ms (FindLiveObjects: 0.993500 ms CreateObjectMapping: 0.740500 ms MarkObjects: 4.066500 ms  DeleteObjects: 0.130800 ms)

Prepare: number of updated asset objects reloaded= 0
AssetImportParameters requested are different than current active one (requested -> active):
  custom:scripting/monoscript/fileName/DPadInteraction.cs: 93f85c8ba74c4199c8fc9b6e8c6fb8a6 -> 
  custom:scripting/monoscript/fileName/OpenXRFeatureSettingsEditor.cs: 46f7bc9b6667349416d592c92274a2cd -> 
  custom:container-demuxer-ogg: 62fdf1f143b41e24485cea50d1cbac27 -> 
  custom:scripting/monoscript/fileName/UWPCoreWindowBuildHooks.cs: 528ee0545204f8083d130ec04efc78bc -> 
  custom:scripting/monoscript/fileName/OpenXRLoaderBase.cs: 0b6a60b837fc38165e3eaf7aaf2bf3e3 -> 
  custom:scripting/monoscript/fileName/MetaQuestFeatureEditor.cs: fff340053bb2e94334d0d5989f2eb349 -> 
  custom:scripting/monoscript/fileName/XRDeviceSimulatorControllerUI.cs: 1fdda016482e80c4f698bd161ca6a92f -> 
  custom:scripting/monoscript/fileName/XRDeviceSimulatorUI.cs: 0ec50ce90bac5e819d9ddb292ac27c71 -> 
  custom:scripting/precompiled-assembly-types:Unity.XR.Management.Editor: 220852eb385ea4cc2eb66eb943d70995 -> 
  custom:scripting/monoscript/fileName/PalmPoseInteraction.cs: 6bd25b6029acb9127f25748cb0b6d2a8 -> 
  custom:scripting/precompiled-assembly-types:Unity.XR.OpenXR.Editor: b2a8f17f09055950b7f19e2845cbc5c2 -> 
  custom:scripting/monoscript/fileName/MetaQuestTouchPlusControllerProfile.cs: 4b9439e11567c27c85546e11bafeabe7 -> 
  custom:scripting/monoscript/fileName/XRPluginManagementProjectValidation.cs: 12841b9f0a8da6fb46dd05260375325e -> 
  custom:scripting/monoscript/fileName/OpenXRRuntime.cs: c3a00f9ce6a0283dcb391b83637adf44 -> 
  custom:video-decoder-ogg-theora: a1e56fd34408186e4bbccfd4996cb3dc -> 
  custom:scripting/monoscript/fileName/XRGeneralSettingsPerBuildTarget.cs: 6970e5bff368910038049eb1434facbf -> 
  custom:scripting/monoscript/fileName/MetaQuestTouchProControllerProfile.cs: 9fffae235d4c14901711127c7daeb86c -> 
  custom:scripting/monoscript/fileName/OpenXRConstants.cs: f878d042bd3999b796b9387b0c8a1032 -> 
  custom:scripting/monoscript/fileName/OpenXRFeatureUICommon.cs: 45f7a59cd9c5cd84e28e0f7a429879c2 -> 
  custom:scripting/precompiled-assembly-types:Unity.XR.OpenXR.Features.OculusQuestSupport.Editor: c62b8d05b94c435029ef9fc43d7261ca -> 
  custom:scripting/monoscript/fileName/XRLoaderInfo.cs: 86fa513bfc04d58509db292069910bf2 -> 
  custom:framework-win-MediaFoundation: 216162199b28c13a410421893ffa2e32 -> 
  custom:scripting/monoscript/fileName/OpenXRLoaderUI.cs: ebd8d704d5e26f054d43886c272cd005 -> 
  custom:scripting/monoscript/fileName/WaitForRestartFinish.cs: 0e76bf389cf347a5d8d6432ec661895f -> 
  custom:scripting/monoscript/fileName/OpenXRFeatureSettings.cs: 90647cc400823b41df847a6cbfc29026 -> 
  custom:scripting/monoscript/fileName/OpenXRBuildProcessor.cs: 48dc0e114f75799c0d74bafe70808189 -> 
  custom:scripting/monoscript/fileName/KHRSimpleControllerProfile.cs: bcdcb81587b2075f7af2f75706b9e69a -> 
  custom:scripting/monoscript/fileName/OpenXRFeatureInternal.cs: 90647cc400823b41df847a6cbfc29026 -> 
  custom:scripting/monoscript/fileName/OpenXRSpaceSettings.cs: 90647cc400823b41df847a6cbfc29026 -> 
  custom:scripting/monoscript/fileName/DPadInteractionCustomEditor.cs: d93785eeae2b4d41d39f603bd6f9849d -> 
  custom:scripting/precompiled-assembly-types:Unity.XR.OpenXR.Features.RuntimeDebugger.Editor: e1cc4b3ad1ade1a1503c3d79a1cfcaf0 -> 
  custom:scripting/monoscript/fileName/XRSettingsManager.cs: 701988ef3c16e84d3bc781477493ab34 -> 
  custom:scripting/monoscript/fileName/ConformanceAutomationFeature.cs: 97112e825fad9ed87f6a9c7acc231c0b -> 
  custom:scripting/monoscript/fileName/IXRLoaderPreInit.cs: 4dbca4fbe4a89e2a18943694f414e3a9 -> 
  custom:scripting/monoscript/fileName/XRGeneralBuildProcessor.cs: d52e14652f14fd6e56a66a859653fea9 -> 
  custom:scripting/monoscript/fileName/XRGeneralSettings.cs: 01e68fef49e5cbf622bb7b4ffc622d89 -> 
  custom:scripting/monoscript/fileName/XRManagerEditor.cs: 6847a9ea85cd2d801d895b625e9590ff -> 
  custom:scripting/monoscript/fileName/FeatureHelpers.cs: 0e8d07707daeed1da30b1605e903226b -> 
  custom:scripting/monoscript/fileName/DebuggerState.cs: 41070b7a08cc178a9ea51324cdaf5b81 -> 
  custom:scripting/monoscript/fileName/XRBuildProcessorHelper.cs: 90647cc400823b41df847a6cbfc29026 -> 
  custom:scripting/monoscript/fileName/TypeLoaderExtensions.cs: ee5d3b5e5d81c98c5d3594e8b9153df0 -> 
  custom:scripting/precompiled-assembly-types:Unity.XR.OpenXR.Features.OculusQuestSupport: d15f77eecb71f285045ab68c6a5ab3aa -> 
  custom:CustomObjectIndexerAttribute: 9a22284fe3817be447336de3de66b15e -> 
  custom:scripting/monoscript/fileName/OpenXRHmd.cs: 1624687aa096b40d58d149d9c6304cca -> 
  custom:scripting/precompiled-assembly-types:Unity.XR.OpenXR.Features.MetaQuestSupport.Editor: d29ebede884d38e464c8dad49331ddbf -> 
  custom:scripting/monoscript/fileName/XRConfigurationProvider.cs: fa91ddd62be7b4c45bfd03890af30249 -> 
  custom:scripting/monoscript/fileName/ManifestElement.cs: c30b57498d373b7476c4d7dfdaee189c -> 
  custom:scripting/monoscript/fileName/OpenXRMangementSettings.cs: 5a013b6c45b1e1d06085cb1496493b86 -> 
  custom:scripting/monoscript/fileName/XREditorWorkQueue.cs: 8e928039a032f154dc8a86537aaac69a -> 
  custom:scripting/monoscript/fileName/OculusTouchControllerProfile.cs: 03df51b5c781d1980f509408bae72bc8 -> 
  custom:scripting/precompiled-assembly-types:Unity.XR.Management: f5b1b59a8f17cb331d61fd7665721dab -> 
  custom:scripting/monoscript/fileName/ManifestRequirement.cs: d0237042ed94ccc3267a409cde8490a6 -> 
  custom:scripting/monoscript/fileName/OpenXRNativeTypes.cs: 11be60823314f621c1b0bb94bf4fe744 -> 
  custom:container-demuxer-webm: 4f35f7cbe854078d1ac9338744f61a02 -> 
  custom:scripting/monoscript/fileName/KnownFeatureSets.cs: 2cf391597f07a52473981e9cc2b41b67 -> 
  custom:scripting/precompiled-assembly-types:Unity.XR.OpenXR.Features.MockRuntime: e75d918d8106c27865ca5517b4bdd194 -> 
  custom:scripting/monoscript/fileName/PackageNotificationUtils.cs: e493f521fc1755dec19875ae28a4f621 -> 
  custom:scripting/monoscript/fileName/OpenXRProjectValidationRulesSetup.cs: 63c520149123eced22b6028c5ebd9d08 -> 
  custom:scripting/monoscript/fileName/XRPackageMetadataStore.cs: e06e5e9ffca9529e9db63900dd9caf32 -> 
  custom:scripting/monoscript/fileName/XRLoaderInfoManager.cs: 28efaa63edac30b89ccc35ca2bf149fa -> 
  custom:scripting/monoscript/fileName/XRConfigurationData.cs: 2cf07b13d54bfee2898ed6dc38612fbb -> 
  custom:scripting/monoscript/fileName/MicrosoftHandInteraction.cs: dac920740153b0163dda0f7e56920e40 -> 
  custom:scripting/monoscript/fileName/RuntimeDebuggerWindow.cs: 0bc1d5ee7ce2553d42d62861471f3c44 -> 
  custom:scripting/monoscript/fileName/PackageSettingsEditor.cs: 6212fddebb8f67c4da0f50592230839b -> 
  custom:scripting/monoscript/fileName/OpenXRFeature.cs: a84888103ea4406f238a41c42d12d002 -> 
  custom:scripting/monoscript/fileName/XRManagerSettings.cs: 39a1227fa3c478af29a735ec246b6baf -> 
  custom:scripting/monoscript/fileName/XRCustomLoaderUIManager.cs: 4be5a8f671a1d808dd1496961b79b86b -> 
  custom:container-muxer-webm: aa71ff27fc2769a1b78a27578f13a17b -> 
  custom:scripting/precompiled-assembly-types:Unity.XR.OpenXR: 6b540efea7d7bcf04b31853b4d2f54c0 -> 
  custom:scripting/monoscript/fileName/OpenXRLoader.cs: 2a03893d4aa4b960c2f49090b4b03a7b -> 
  custom:scripting/monoscript/fileName/ValveIndexControllerProfile.cs: f923b1771c835a70375d3505e818878d -> 
  custom:scripting/monoscript/fileName/OculusQuestFeatureEditor.cs: af70b82209b4cf6ce20a2da2892dfc5f -> 
  custom:video-decoder-webm-vp8: 9c59270c3fd7afecdb556c50c9e8de78 -> 
  custom:scripting/monoscript/fileName/OpenXRChooseRuntimeLibraries.cs: 3923c2f1337a35d737ad0192eb46b432 -> 
  custom:scripting/monoscript/fileName/OculusQuestFeature.cs: 041c3418dd65b8e99ca410c708996814 -> 
  custom:scripting/monoscript/fileName/OpenXRFeatureSetManager.cs: 4f340a53d115a7e1888d00ddc4cd614b -> 
  custom:scripting/monoscript/fileName/OpenXRColorSubmissonModeList.cs: 62c3c48199b3c893ece86757b75b0604 -> 
  custom:scripting/monoscript/fileName/OpenXRUtility.cs: af9b8bca68ffa2bc69f78ec0da9cf1fd -> 
  custom:SearchIndexIgnoredProperties: e643bd26f0fe6173181afceb89e7c659 -> 
  custom:scripting/monoscript/fileName/XRGeneralSettingsUpgrade.cs: cc8d2e81204b3fd0e662cd38ef4a2d49 -> 
  custom:AudioImporter_EditorPlatform: d09bf68614088b80899f8185d706f6e7 -> 
  custom:scripting/monoscript/fileName/MockRuntime.cs: 8e970d93da4762c7d57e9c9dd2b36dbb -> 
  custom:scripting/monoscript/fileName/OpenXRDevice.cs: 1b3be9b024fb29351711164fb0577202 -> 
  custom:scripting/monoscript/fileName/OpenXRUnityAPI.cs: 95d0f03221767acb8a4a43279af12154 -> 
  custom:scripting/monoscript/fileName/HTCViveControllerProfile.cs: 575b921c71649e99576a05f0add9cf5d -> 
  custom:scripting/monoscript/fileName/XRDeviceSimulatorHandsUI.cs: bca3963bba47bbf101fe9d7e7dd07836 -> 
  custom:scripting/monoscript/fileName/XRCustomLoaderUI.cs: a1b6225426bb5004db8b9d7388fe5771 -> 
  custom:scripting/monoscript/fileName/BootConfigBuilder.cs: a174d8870c7a69fabc7d42a75b0f23aa -> 
  custom:scripting/precompiled-assembly-types:Unity.XR.OpenXR.Features.RuntimeDebugger: 81fc02b8029ab9c0bce4eaa33a13e7d8 -> 
  custom:scripting/monoscript/fileName/OpenXRRenderSettings.cs: 90647cc400823b41df847a6cbfc29026 -> 
  custom:scripting/monoscript/fileName/EyeGazeInteraction.cs: dc1f12620c8656649cfc16f13969f5fa -> 
  custom:scripting/monoscript/fileName/OpenXRAnalytics.cs: 67d5de80ae8e3ee46bb1b4907783d54c -> 
  custom:scripting/monoscript/fileName/XRLoaderHelper.cs: ae85c4c4a11fcc1ed3393963333e400c -> 
  custom:scripting/monoscript/fileName/MicrosoftMotionControllerProfile.cs: 6dcaa2067404bed7771687f2f9dfa057 -> 
  custom:scripting/monoscript/fileName/XRLoader.cs: d82cec0b87bab7dffe74fb3651887ce3 -> 
  custom:scripting/monoscript/fileName/OpenXRRestarter.cs: c236f3f43c026f409512d203b81e6184 -> 
  custom:scripting/monoscript/fileName/OpenXRFeatureAttribute.cs: 99305d666df750d87e7264e3c7ae4f2a -> 
  custom:scripting/monoscript/fileName/XRSupportedBuildTargetAttribute.cs: f87a91ba911f6030453bea8d921b45d2 -> 
  custom:scripting/monoscript/fileName/OpenXRLoaderNoPreInit.cs: 8f7a064e1e0bb6e17b9f5d171fe53dfc -> 
  custom:scripting/monoscript/fileName/AndroidManifestProcessor.cs: d8dd4961c18e43fcd707eb950405363a -> 
  custom:scripting/precompiled-assembly-types:Unity.XR.OpenXR.Features.ConformanceAutomation: daaea684d78afe5278ff971b66e0fbf9 -> 
  custom:scripting/monoscript/fileName/HandCommonPosesInteraction.cs: c984aa78f460c3bf39ec56bc9a0a414a -> 
  custom:scripting/monoscript/fileName/OpenXRDiagnosticReport.cs: f43e8307d90025ed39c346ed63d1208d -> 
  custom:scripting/monoscript/fileName/RuntimeDebuggerOpenXRFeatureEditor.cs: 26a9be57964b520d3a47d8c20db877e9 -> 
  custom:scripting/monoscript/fileName/PoseControl.cs: 4ff0d325328ef40fb1693e34ac3358bf -> 26044499bf9bfd77ab38d92d33de1d80
  custom:scripting/monoscript/fileName/OpenXRFeatureBuildHooks.cs: da31756dd3c74e69bcd7ed1a1983ed53 -> 
  custom:scripting/monoscript/fileName/BuildHelpers.cs: 52ee9552b5cbbfe4eb60d480e36ffff5 -> 
  custom:scripting/monoscript/fileName/HPReverbG2ControllerProfile.cs: 6aadb5e22feaccfa77ef6db6c4d4541c -> 
  custom:scripting/monoscript/fileName/XRLoaderOrderUI.cs: 7bb0491ac9109774b097f2da80cd0c03 -> 
  custom:scripting/monoscript/fileName/AndroidManifestBuildEventReceiver.cs: 641c0bff5eb90d0569a809ea302132ee -> 
  custom:video-encoder-webm-vp8: eb34c28f22e8b96e1ab97ce403110664 -> 
  custom:scripting/monoscript/fileName/BootConfig.cs: b2c4d54615a39b14509e601dd0f329ff -> 
  custom:audio-decoder-ogg-vorbis: bf7c407c2cedff20999df2af8eb42d56 -> 
  custom:scripting/precompiled-assembly-types:Unity.XR.OpenXR.Features.MetaQuestSupport: d273bae1c8d7007d6b0fe4b360a89ef1 -> 
  custom:scripting/monoscript/fileName/IAndroidManifestRequirementProvider.cs: 42bf6f4b06629c812bd73f8ff461fec4 -> 
  custom:scripting/monoscript/fileName/XrPerformanceSettingsFeature.cs: d323744d9bc61085862cbc785e1f985c -> 
  custom:scripting/monoscript/fileName/OpenXRPackageSettings.cs: 4f4aaba453bf105fb1c3c3d64247142d -> 
  custom:scripting/monoscript/fileName/ModifyAndroidManifestMeta.cs: 3b920058e4dd8cbdb95cce4af271f981 -> 
  custom:scripting/monoscript/fileName/EditorUtilities.cs: 219d482e32bf0c01357e773617418955 -> 
  custom:scripting/monoscript/fileName/OpenXRFeatureSetAttribute.cs: 9e20f05fe0a3688af8836175869f0bb7 -> 
  custom:scripting/monoscript/fileName/XRPackageInitialization.cs: 1f095dd277a284b59543541a608de1da -> 
  custom:scripting/monoscript/fileName/FoveatedRenderingFeature.cs: 3cd591174f2fee5d1b0d6a1875383a9b -> 
  custom:scripting/monoscript/fileName/KnownPackages.cs: 8647f39ea28525d7cb72646ed790f6ec -> 
  custom:scripting/monoscript/fileName/HapticControl.cs: d7a5389cafde2a1337c58e2f0d91a837 -> 
  custom:scripting/monoscript/fileName/MetaQuestFeature.cs: b9c317336250afc5bb5fa2c2df269ea6 -> 
  custom:scripting/precompiled-assembly-types:Unity.XR.Interaction.Toolkit.Samples.DeviceSimulator: b1a8126a568547b099f25fc1d4f742a8 -> 
  custom:scripting/monoscript/fileName/XrPerformanceSettingsTypes.cs: 5bc9c5b4646eff91646254ce341c6683 -> 
  custom:scripting/monoscript/fileName/OpenXRRuntimeSelector.cs: 929d3ce28c815a19c6c335174420bf6b -> 
  custom:scripting/monoscript/fileName/OpenXRFeatureEditor.cs: 01dd3fecc4e9c7ce9fb6af5d0948ba2a -> 
  custom:scripting/monoscript/fileName/XRConstants.cs: 1558884a4b0ea94b4910dd640a0e6741 -> 
  custom:scripting/monoscript/fileName/BuildHelperUtils.cs: 619773c3d1b7f3f0ca7461f5c27242a8 -> 
  custom:scripting/monoscript/fileName/gameManager_sc.cs: 06c6a4dd38765e854ad12ef8e96c6c7b -> 
  custom:scripting/monoscript/fileName/HandInteractionProfile.cs: 9c7649bd495ee99cc73ddacbe0a8cd95 -> 
  custom:scripting/monoscript/fileName/XRManagementAnalytics.cs: 546181baf4c03dbbd57015a6731508f8 -> 
  custom:scripting/monoscript/fileName/ModifyAndroidManifestOculus.cs: 1d09740e7edd66fffc5895aae9e385d3 -> 
  custom:scripting/monoscript/fileName/XRPackage.cs: f2edbbf87f9b798abaf2a9f285d155f5 -> 
  custom:audio-encoder-webm-vorbis: bf7c407c2cedff20999df2af8eb42d56 -> 
  custom:scripting/monoscript/fileName/RuntimeDebuggerOpenXRFeature.cs: 8b269b64ad1c99e85d7f28185c15f7bb -> 
  custom:scripting/monoscript/fileName/MetaQuestFeatureBuildHooks.cs: 2ac755c66ffd4e4b7c22530386a7ba47 -> 
  custom:scripting/monoscript/fileName/AndroidManifestDocument.cs: 4c38ca7417a5355dfe2fd0b706ad71e8 -> 
  custom:scripting/monoscript/fileName/XRPackageInitializationSettings.cs: 2f743437d3b09c9a4a5a33e9be971b1a -> 
  custom:scripting/precompiled-assembly-types:Assembly-CSharp: 8b28787ff12a5911776cbd01cd3f8e8f -> 4f47e1615c5f2acb1872d32e2b45cd01
  custom:scripting/monoscript/fileName/XRPackageMetadata.cs: 16731333f575d8bc31df496aced36ebf -> 
  custom:scripting/monoscript/fileName/OpenXRInput.cs: b351db87f98ee399e568b78e0ed353e3 -> 
  custom:scripting/monoscript/fileName/OpenXRInteractionFeature.cs: a60484418ad6b497996467bb6f98db73 -> 
  custom:scripting/monoscript/fileName/OpenXRSettings.cs: f8ff4c7422697fc56884f260233aaf86 -> 
  custom:scripting/monoscript/fileName/OpenXREditorSettings.cs: 321e3a8126bc4b0248cbcecf63892f31 -> 
  custom:scripting/monoscript/fileName/OpenXRProjectValidation.cs: 181508e149a91a64c6dfdc447b97c322 -> 
